-- phpMyAdmin SQL Dump
-- version 4.0.10.7
-- http://www.phpmyadmin.net
--
-- Host: localhost
-- Generation Time: Apr 08, 2015 at 12:57 AM
-- Server version: 5.5.32-cll-lve
-- PHP Version: 5.4.23

SET SQL_MODE = "NO_AUTO_VALUE_ON_ZERO";
SET time_zone = "+00:00";


/*!40101 SET @OLD_CHARACTER_SET_CLIENT=@@CHARACTER_SET_CLIENT */;
/*!40101 SET @OLD_CHARACTER_SET_RESULTS=@@CHARACTER_SET_RESULTS */;
/*!40101 SET @OLD_COLLATION_CONNECTION=@@COLLATION_CONNECTION */;
/*!40101 SET NAMES utf8 */;

--
-- Database: `ufcwFive`
--

-- --------------------------------------------------------

--
-- Table structure for table `app`
--

CREATE TABLE IF NOT EXISTS `app` (
  `app_id` int(3) NOT NULL,
  `about_us` varchar(5000) NOT NULL,
  `app_name` varchar(30) NOT NULL,
  `applicationID` varchar(40) NOT NULL,
  `clientKey` varchar(40) NOT NULL,
  `restKey` varchar(50) NOT NULL,
  `masterKey` varchar(50) NOT NULL,
  `pushCount` int(3) NOT NULL,
  PRIMARY KEY (`app_id`)
) ENGINE=InnoDB DEFAULT CHARSET=latin1;

--
-- Dumping data for table `app`
--

INSERT INTO `app` (`app_id`, `about_us`, `app_name`, `applicationID`, `clientKey`, `restKey`, `masterKey`, `pushCount`) VALUES
(1, 'United Food and Commercial Workers Local 5 is a 33,000 member labor union based in San Jose, California. The local is a progressive voice in the labor movement and the community with a strong tradition of member advocacy and involvement. It is an affiliate of the United Food and Commercial Workers International union based in Washington DC.\r\n\r\nLocal 5 members work primarily in retail grocery and meat with growing numbers employed in department stores.', 'UFCW 5', 'Lr8VBQHTUyzw4RoFpcyHQnCcHJAQb1PPhBVzDtqK', 'CHhHCo1TO0shdXvmhFywuNbFDVpalWvj9s6FqcM2', 'BfhbRn0mcXST0vxbSmLDgacHejVexmdBtnThCboZ', 'sOmMyLBOBSStGbiGL5EEAptl5G1H5fqQG7Os7NyF', 9),
(2, 'The United Latinos of the United Food and Commercial Workers Union (UFCW) is an organization of men and women who have joined together to promote the issues and pursue interests important to Latino workers.\r\n“Working Toward Latino Empowerment and Building Latino Pride!” We have a simple but powerful purpose of empowering Latino men and women within the UFCW and within our communities. We are also building Latino pride which will help others better understand our cultural differences.', 'UNITED LATINOS', 'w6aXlGWvcnOucmWTO2yfPpUgn7uqhKy6QBKc87bd', 'Wb2OJxkWkX0ryg1BMzkyjndcQqD9AVcLH7foaCv2', 'nn56EVWGtNaQ0HvDc8tvzMDUYxWujClEQoOJpW6i', 'n3MTsDZAdPhewQBVNbMFI6hndo99LhQGIVE59JPV', 3),
(3, 'For decades in Santa Clara and San Benito County, the Building & Construction Trades Council has been the driving force for excellence in the construction industry in the bay area.\r\n\r\nThe twenty-three craft unions affiliated with the council represent over 30,000 highly trained, skilled construction industry workers employed in Silicon Valley.\r\n\r\nThrough the efforts of the Building Trades Council, Silicon Valley has enjoyed the highest level of professionalism and training in step with the increasingly demanding requirements of the region''s high technology companies and developers. \r\n\r\nUnion crafts people are twenty-nine percent more productive than or non-union counterparts.\r\nFor a job done on time, at budget and the best quality, build it union.', 'SCBTC Super Group App', 'orFbBISE4eO088Q8l7fz0mnLfeeWdlCY5rRvgYnN', 'u29Wi6lOewPSvIA3wLoYGs1AJJjDWEfqbqZor90C', 'BRaxAlwaiQm1xKbIASNcgxJuAUF3MxS6xIA1WVzF', 'HpqCyGu2kDzkoJTbDollXntQn4Dj2q119oY5X0ic', 3),
(4, 'NO ABOUT US CONTENT.', 'UFCW648', 'dKW1ohEaNhqHYB3TldVN3n3JKlburbQOROC2l6IP', 'GLBO1Ci41uqXY4OG4s6j6XD6zhuUaO68wT1WFhLB', 'JGWvpqBP6XlJoc4y9B7wflXfzIg1sfAf3j6nV4Xm', 'IzWyOzuHW5FGXW7FrxmJ6iDuVcwJSsN9prww8nm6', 3),
(5, 'SouthBay Labor About Us', 'SouthBay Labor', 'GRXnk62l7nR7QR85eG5rJzy48uNOBt4LsOJ6FI9o', 'PRhdwMNe1YMDAw9BLf9EebxW7XDRkHRqswTywcbk', 'BR3o0xWvrflkQX7kr98A14VVQeiyE8Aix8b7XAI6', 'E9ZAX0QVUsFDphzg6EUtJfiFBlfXKiXTQBZXsJ1E', 3),
(6, 'YOUR UNION\nPREPARING TODAY \nFOR THE NEEDS OF TOMORROW', 'UFCW 480', 'cMTYrV8ByHQfkcY41QJjycAd79tCmiXNmgBFyDUI', 'bfDcObs9bxq0X0MFHCXxJ2M2zrASxemAK4gzlKDu', 'neDRHapbl1D5ifAR7OTnDElOXKSYnCUsZ1iWgymb', 'Ove7YvDqFL5BP7gUhyOj2DoTHRsZjIICa1MXc64e', 5),
(7, 'The United Food and Commercial Workers Union (UFCW) is one of the largest and strongest private sector Unions in North America.  UFCW Members work in dozens of industries:\r\n\r\nretail food stores\r\nfood processing\r\npoultry processing\r\nmeat packing plants\r\ndepartment stores\r\nbanks\r\nchemical and manufacturing plants\r\ndistilleries\r\ntextile plants\r\nhospitals\r\nand many more workplaces.\r\n\r\nThe UFCW is made up of more than 1.4 million people like you, people working together to improve their lives. The union - and its resources - stand with the members.\r\n\r\nThe UFCW is a strong union, with an informed, active and loyal membership and a progressive and responsive leadership.  We are a union whose voice is heard and respected in the labor movement, in Washington, D.C. and Ottawa, in state and provincial capitals, and in international forums overseas: a union that serves its members and that is respected by employers at the collective bargaining table. \r\n\r\nThe UFCW has a national office in Washington, D.C. and more than 900 local unions throughout the United States, Canada, and Puerto Rico.\r\n\r\nUFCW Local 99 is the largest private sector union in the State of Arizona.\r\n\r\nThe following is a list of companies in Arizona which are currently represented by UFCW Local 99 Collective Bargaining Agreements.', 'UFCW 99', 'Y72zyeiu02Lys7tDVKe2FGJtmvcpsErVXqb4tdlY', 'w58pG8MOzkRpMwdmORlOI9TRJz5raKgKqIB9sLVA', 'RD9f2XnJJnnuRQYZXn1GkniU4abzfR3CAOfT9tDN', 'cylrJ834pUOAn5qd7WcuX6G8bIwf9Pq60eIUGHES', 10);

-- --------------------------------------------------------

--
-- Table structure for table `apps_plan`
--

CREATE TABLE IF NOT EXISTS `apps_plan` (
  `app_id` int(5) NOT NULL,
  `plan_id` int(5) NOT NULL
) ENGINE=InnoDB DEFAULT CHARSET=latin1;

--
-- Dumping data for table `apps_plan`
--

INSERT INTO `apps_plan` (`app_id`, `plan_id`) VALUES
(7, 3),
(7, 4);

-- --------------------------------------------------------

--
-- Table structure for table `app_relation`
--

CREATE TABLE IF NOT EXISTS `app_relation` (
  `id` int(6) NOT NULL AUTO_INCREMENT,
  `parentID` int(6) NOT NULL,
  `catID` int(6) NOT NULL,
  PRIMARY KEY (`id`)
) ENGINE=MyISAM  DEFAULT CHARSET=latin1 AUTO_INCREMENT=5 ;

--
-- Dumping data for table `app_relation`
--

INSERT INTO `app_relation` (`id`, `parentID`, `catID`) VALUES
(1, 6, 24),
(2, 2, 24),
(3, 6, 39),
(4, 2, 39);

-- --------------------------------------------------------

--
-- Table structure for table `categories`
--

CREATE TABLE IF NOT EXISTS `categories` (
  `id` int(15) NOT NULL AUTO_INCREMENT,
  `name` varchar(100) NOT NULL,
  `app_id` int(5) NOT NULL,
  PRIMARY KEY (`id`)
) ENGINE=InnoDB  DEFAULT CHARSET=latin1 AUTO_INCREMENT=65 ;

--
-- Dumping data for table `categories`
--

INSERT INTO `categories` (`id`, `name`, `app_id`) VALUES
(1, 'About UFCW5', 1),
(2, 'Get Educated', 1),
(3, 'Member Benefits', 1),
(4, 'Member Resources', 1),
(5, 'Stay Connected', 1),
(6, 'Member Discounts', 1),
(7, 'Negotiation Update', 1),
(8, 'Union News', 1),
(9, 'Upcoming Events', 1),
(10, 'About Us', 3),
(11, 'Political Participa', 3),
(12, 'Get Involved', 3),
(13, 'Projects', 3),
(14, 'Contact Us', 3),
(15, 'Shop Union', 1),
(16, 'Shop Union', 3),
(17, 'About UFCW648', 4),
(18, 'Get Educated', 4),
(19, 'Member Benefits', 4),
(20, 'Member Resources', 4),
(21, 'Stay Connected', 4),
(22, 'Member Discounts', 4),
(23, 'Negotiation Update', 4),
(24, 'Union News', 4),
(25, 'Upcoming Events', 4),
(26, 'Shop Union', 4),
(32, 'About Us', 2),
(33, 'Political Participa', 2),
(34, 'Education', 2),
(35, 'Community Involv', 2),
(36, 'Join UL of UFCW', 2),
(37, 'Contact Us', 2),
(38, 'Shop Union', 2),
(39, 'Shop Union', 5),
(40, 'About UFCW480', 6),
(41, 'Get Educated', 6),
(42, 'Member Benefits', 6),
(43, 'Member Resources', 6),
(44, 'Stay Connected', 6),
(45, 'Member Discounts', 6),
(46, 'Negotiation Update', 6),
(47, 'Union News', 6),
(48, 'Upcoming Events', 6),
(49, 'Shop Union', 6),
(50, 'About UFCW99', 7),
(51, 'Get Educated', 7),
(52, 'Member Benefits', 7),
(53, 'Member Resources', 7),
(54, 'Stay Connected', 7),
(55, 'Member Discounts', 7),
(56, 'Negotiation Update', 7),
(57, 'Union News', 7),
(58, 'Upcoming Events', 7),
(59, 'Shop Union', 7);

-- --------------------------------------------------------

--
-- Table structure for table `contact`
--

CREATE TABLE IF NOT EXISTS `contact` (
  `contact_id` int(11) NOT NULL AUTO_INCREMENT,
  `name` varchar(50) DEFAULT NULL,
  `designation` varchar(100) DEFAULT NULL,
  `address` varchar(100) DEFAULT NULL,
  `phone_no1` varchar(20) DEFAULT NULL,
  `phone_no2` varchar(20) DEFAULT NULL,
  `fax_no` varchar(30) DEFAULT NULL,
  `email` varchar(40) DEFAULT NULL,
  `time_cone` varchar(15) DEFAULT NULL,
  `app_id` varchar(20) DEFAULT NULL,
  `order` int(2) NOT NULL,
  PRIMARY KEY (`contact_id`)
) ENGINE=InnoDB  DEFAULT CHARSET=latin1 AUTO_INCREMENT=79 ;

--
-- Dumping data for table `contact`
--

INSERT INTO `contact` (`contact_id`, `name`, `designation`, `address`, `phone_no1`, `phone_no2`, `fax_no`, `email`, `time_cone`, `app_id`, `order`) VALUES
(10, 'Jami Moore', 'Alameda County', '28870 Mission Blvd.\r\nHayward, CA 94544', '(510) 583-8421', '(510) 889-0870', '(510) 889-6415	', 'jmoore@ufcw5.org', '2015-03-05 20:5', '1', 0),
(12, 'John Nunes', 'Alameda County', '28870 Mission Blvd.\r\nHayward, CA 94544', '(510) 583-8410	', '(510) 889-0870', '(510) 889-6415', 'jnunes@ufcw5.org', '2015-02-09 18:2', '1', 0),
(13, 'John Bueno	', 'Alameda County', '28870 Mission Blvd.\r\nHayward, CA 94544', '(510) 889-0870', ' (510) 889-0870', '(510) 889-6415', 'jbueno@ufcw5.org', '2015-02-06 08:3', '1', 0),
(14, 'Maggie Feder', 'Alameda County', '28870 Mission Blvd. \r\nHayward, CA 94544			', '(510) 583-8424', '(510) 889-0870 ', '(510) 889-6415', 'mfeder@ufcw5.org', '2015-02-06 08:3', '1', 0),
(15, 'Marla Donati		', 'Alameda County', '28870 Mission Blvd.\r\nHayward, CA 94544', '(510) 583-8419', ' (510) 889-0870', '(510) 889-6415', 'mdonati@ufcw5.org', '2015-02-06 08:3', '1', 0),
(16, 'Mike Henneberry', 'Alameda County', '28870 Mission Blvd. \r\nHayward, CA 94544\r\n', '(510) 583-8420', ' (510) 889-0870', '(510) 889-6415', 'mhenneberry@ufcw5.org', '2015-02-09 17:3', '1', 0),
(17, 'Angela Jo Willmes', 'Alameda County', '28870 Mission Blvd.\r\nHayward, CA 94544\r\n\r\n	', '(510) 583-8423', ' (510) 889-0870', '(510) 889-6415', 'awillmes@ufcw5.org', '2015-02-09 18:2', '1', 0),
(18, 'Bambi Marien', 'Contra Costa County', '4121 Alhambra Ave. \r\nMartinez, CA 94553\r\n\r\n\r\n\r\n', ' (925) 269-2421', '(925) 228-8800', '(925) 370-7305', 'bmarien@ufcw5.org', '2015-02-06 08:2', '1', 0),
(19, 'Jack	Landes', 'Contra Costa County', '4121 Alhambra Ave. \r\nMartinez, CA 94553', '( 925) 269-2426', '(925) 228-8800', '(925) 370-7305', 'jlandes@ufcw5.org', '2015-02-09 18:2', '1', 0),
(20, 'Oscar Orozco', 'Contra Costa County', '4121 Alhambra Ave. \r\nMartinez, CA 94553\r\n', '( 925) 269-2420', '(925) 228-8800', '(925) 370-7305', 'oorozco@ufcw5.org', '2015-02-06 08:2', '1', 0),
(21, 'Pam Danniel', 'Contra Costa County', ' 4121 Alhambra Ave. \r\nMartinez, CA 94553		', '(925) 269-2442', '(925) 228-8800', '(925) 370-7305', 'pdanniel@ufcw5.org', '2015-02-09 18:2', '1', 0),
(22, 'Pete Derenale', 'Contra Costa County', '4121 Alhambra Ave. \r\nMartinez, CA 94553\r\n	 	', '(925) 269-2445', '(925) 228-8800', '(925) 370-7305', 'pderenale@ufcw5.org', '2015-02-09 18:2', '1', 0),
(23, 'John Frahm', 'Eureka', '840 E St., Suite 8\r\nEureka, CA 95501', '(707) 442-1751 ext.3', '  ', '(707) 442-9572', 'jfrahm@ufcw5.org', '2015-02-09 18:2', '1', 0),
(24, 'John Rossi	', 'Novato / San Francisco', '85 Galli Drive\r\nNovato, CA 94949', '(415) 883-6833 ext.3', '(415) 693-0143', '(415) 883-1043', 'jrossi@ufcw5.org', '2015-02-09 18:3', '1', 0),
(25, 'Lance Wood', 'Novato / San Francisco', '85 Galli Drive\r\nNovato, CA 94949\r\n', '(415) 883-6833 ext.3', '(415) 693-0143', '(415) 883-1043', 'lwood@ufcw5.org', '2015-02-09 17:4', '1', 0),
(26, 'Katie Johnston	', 'San Francisco', '323 Geary Street, Room 709\r\nSan Francisco, CA 94102\r\n', '(415) 693-0143 ext.3', ' ', '(415) 693-9352', 'kjohnston@ufcw5.org', '2015-02-09 17:5', '1', 0),
(27, 'Mike	 Jones		', 'San Francisco', '323 Geary Street, Room 709\r\n', '(415) 693-0143 ext.3', 'San Francisco, CA 94', '(415) 693-9352', 'mjones@ufcw5.org', '2015-02-09 18:3', '1', 0),
(28, 'Mike Frenna', 'South San Francisco', '208 Miller Ave.\r\nSouth San Francisco 94080', '(650) 871-3539', '(650) 871-5730', '(650) 866-3504', 'mfrenna@ufcw5.org', '2015-02-09 18:3', '1', 0),
(29, 'Dustin Tyssen		', 'South San Francisco', '208 Miller Ave.\r\nSouth San Francisco 94080\r\n\r\n\r\n\r\nFax: ', '(650) 871-3541', '(650) 871-5730', '(650) 866-3504', 'dtyssen@ufcw5.org', '2015-02-09 17:5', '1', 0),
(30, 'Juan Escobar		', 'South San Francisco', '208 Miller Ave.\r\nSouth San Francisco 94080\r\n', '(650) 871-3526', '(650) 871-5730', '(650) 866-3504', 'jescobar@ufcw5.org', '2015-02-09 17:5', '1', 0),
(31, 'Carl	Nakano		', 'San Jose', '240 South Market Street, \r\nSan Jose, CA 95113', '(408) 625-5615', '(408) 998-0428', '(408) 971-8355', 'cnakano@ufcw5.org', '2015-02-09 18:0', '1', 0),
(32, 'Elise	Blazek		', 'San Jose', '240 South Market Street\r\nSan Jose, CA 95113', '(408) 625-5620', '(408) 998-0428', '(408) 971-8355', 'eblazek@ufcw5.org', '2015-02-09 18:0', '1', 0),
(33, 'Gladis Gallardo	', 'San Jose', '240 South Market Street\r\nSan Jose, CA 95113', '(408) 625-5645', '(408) 998-0428', '(408) 971-8355', 'ggallardo@ufcw5.org', '2015-02-09 18:1', '1', 0),
(34, 'James Cortez	', 'San Jose', '240 South Market Street\r\nSan Jose, CA 95113', '(408 )625-5635', '(408) 998-0428', '(408) 971-8355', 'jcortez@ufcw5.org', '2015-02-09 18:1', '1', 0),
(35, 'Jon Hughes	', 'San Jose', '240 South Market Street\r\nSan Jose, CA 95113', '(408) 625-5629	', '(408) 998-0428', '(408) 971-8355', 'jhughes@ufcw5.org', '2015-02-09 18:1', '1', 0),
(36, 'Kelly	Martinez		', 'San Jose', '240 South Market Street\r\nSan Jose, CA 95113', '(408) 625-5613', '(408) 998-0428', '(408) 971-8355', 'kmartinez@ufcw5.org', '2015-02-09 18:1', '1', 0),
(37, 'Laurie Mesa		', 'San Jose', '240 South Market Street\r\nSan Jose, CA 95113', '(408) 625-5624', '(408) 998-0428', '(408) 971-8355', 'lmesa@ufcw5.org', '2015-02-09 18:1', '1', 0),
(38, 'Letresa Perkins', 'San Jose', '240 South Market Street\r\nSan Jose, CA 95113', '(408) 625-5607	', '(408) 998-0428', '(408) 971-8355', 'lperkins@ufcw5.org', '2015-02-09 18:1', '1', 0),
(39, 'Phil	Fidandis', 'San Jose', '240 South Market Street\r\nSan Jose, CA 95113', '(408) 625-5647	', '(408) 998-0428', '(408) 971-8355', 'pfidandis@ufcw5.org', '2015-02-09 18:1', '1', 0),
(40, 'Terry Gonzales', 'San Jose', '240 South Market Street\r\nSan Jose, CA 95113', '(408) 625-5621', '(408) 998-0428', '(408) 971-8355', 'tgonzales@ufcw5.org', '2015-02-09 18:2', '1', 0),
(41, 'Todd Tamone', 'San Jose', '240 South Market Street\r\nSan Jose, CA 95113	\r\n', '(408) 625-5611', '(408) 998-0428', '(408) 971-8355', 'ttamone@ufcw5.org', '2015-02-09 18:2', '1', 0),
(42, 'Tony Alexander	', 'San Jose', '240 South Market Street\r\nSan Jose, CA 95113', '(408) 625-5614	', '(408) 998-0428', '(408) 971-8355', 'talexander@ufcw5.org', '2015-02-09 18:2', '1', 0),
(43, 'Pete Maturino', 'President', '1145 North Main Street\r\nSalinas, CA 93906\r\n \r\nPhone: \r\nFax: (831) 757-9115', '408.625.5595', ' ', ' (831) 757-9115', 'pmaturino@ufcw5.org', '2015-03-21 08:2', '2', 0),
(48, 'Santa Clara & San Benito Counties', 'President', 'Building & Construction Trades Council 2102 Almaden Rd., Suite 101 San Jose CA 95125', '(408) 265-7643', NULL, '(408) 265-2080', 'Joseph@scbtc.org', NULL, '3', 0),
(49, 'Tim McLaughlin', 'San Francisco Office', '1980 Mission Street\r\nSan Francisco, CA 94103', '4154617840', '4158617840', '4158618267', 'tmclaughlin@ufcw648.org', '2015-03-17 12:5', '4', 0),
(50, 'Christian Pradia', 'San Francisco Office', '1980 Mission Street\r\nSan Francisco, CA 94103', '4158617840', '4158617840', '4158618267', 'cpradia@ufcw648.org', '2015-03-17 12:4', '4', 0),
(51, 'Darryl Roberts', 'San Francisco Office', '1980 Mission Street\r\nSan Francisco, CA 94103', '4158617840', '4158617840', '4158618267', 'droberts@ufcw648.org', '2015-03-17 12:4', '4', 0),
(52, 'Jean-Marie Lopez ', 'South San Francisco', '1980 Mission Street\r\nSan Francisco, CA 94103', '4158617840', '4158617840', '4158618267', 'jlopez@ufcw648.org', '2015-03-17 12:5', '4', 0),
(53, 'Jennifer Garcia', 'San Francisco Office', '1980 Mission Street\r\nSan Francisco, CA 94103', '4158617840', '4158617840', '4158618267', 'jgarcia@ufcw648.org', '2015-03-17 12:5', '4', 0),
(54, 'Jennifer Garcia', 'San Francisco Office', '1980 Mission Street\r\nSan Francisco, CA 94103', '4158617840', '4158617840', '4158618267', 'jgarcia@ufcw648.org', '2015-03-17 12:5', '4', 0),
(56, 'fsafasf', 'sfafasf', 'asfafa', '346346346', '34634634', '346346', 'afasf@s.com', '2015-03-18 06:2', '6', 1),
(57, 'fsafasf', 'sfafasf', 'asfafa', '346346346', '34634634', '346346', 'afasf@s.com', '2015-03-18 06:2', '6', 2),
(58, 'Dummy', 'Dummy', 'Dummy Address', '03232332', '3253252350', '325325235', 'ufcw99@gmail.com', '2015-04-01 13:2', '', 1),
(59, 'Benita Atkinson', 'PHOENIX/METRO', '2401 North Central Avenue\r\n2nd Floor\r\nPhoenix, Arizona 85004', '6022510431', '8009970099', '6022510459', 'ufcw9911@gmail.com', '2015-04-02 08:5', '7', 2),
(60, 'Teresa DAsaro', 'PHOENIX/METRO', '2401 North Central Avenue\r\n2nd Floor\r\nPhoenix, Arizona 85004', '6022510433', '8009970099', '6022510459', 'ufcw9911@gmail.com', '2015-04-02 08:5', '7', 1),
(61, 'Leovaldo Hernandez', 'PHOENIX/METRO', '2401 North Central Avenue\r\n2nd Floor\r\nPhoenix, Arizona 85004', '6022510456', '8009970099', '6022510459', 'lhernandez@ufcw.org', '2015-04-01 18:4', '7', 3),
(62, 'Trish Lathen', 'PHOENIX/METRO', '2401 North Central Avenue\r\n2nd Floor\r\nPhoenix, Arizona 85004', '6022510428', '8009970099', '6022510459', 'tlathen@ufcw99.org', '2015-04-01 18:4', '7', 4),
(63, 'Margaret Lester', 'PHOENIX/METRO', '2401 North Central Avenue\r\n2nd Floor\r\nPhoenix, Arizona 85004', '6022510424', '8009970099', '6022510459', 'mlester@ufcw99.org', '2015-04-01 18:4', '7', 5),
(64, 'John A McCarthy Jr', 'PHOENIX/METRO', '2401 North Central Avenue\r\n2nd Floor\r\nPhoenix, Arizona 85004', '6022510439', '8009970099', '6022510459', 'jmccarthy@ufcw99.org', '2015-04-01 19:0', '7', 6),
(65, 'Ron McDade', 'PHOENIX/METRO', '2401 North Central Avenue\r\n2nd Floor\r\nPhoenix, Arizona 85004', '6022510435', '8009970099', '6022510459', 'rmcdade@ufcw99.org', '2015-04-01 19:0', '7', 7),
(66, 'Allison Mills', 'PHOENIX/METRO', '2401 North Central Avenue\r\n2nd Floor\r\nPhoenix, Arizona 85004', '6022510423', '8009970099', '6022510459', 'amills@ufcw99.org', '2015-04-01 19:0', '7', 8),
(67, 'Jonathan Rau', 'PHOENIX/METRO', '2401 North Central Avenue\r\n2nd Floor\r\nPhoenix, Arizona 85004', '6022510455', '8009970099', '6022510459', 'jrau@ufcw99.org', '2015-04-01 19:1', '7', 9),
(68, 'Clayton Reece', 'PHOENIX/METRO', '2401 North Central Avenue\r\n2nd Floor\r\nPhoenix, Arizona 85004', '6022510406', '8009970099', '6022510459', 'creece@ufcw99.org', '2015-04-01 19:1', '7', 10),
(69, 'Efrain Sanchez', 'PHOENIX/METRO', '2401 North Central Avenue\r\n2nd Floor\r\nPhoenix, Arizona 85004', '6022510442', '8009970099', '6022510459', 'esanchez@ufcw99.org', '2015-04-01 19:1', '7', 11),
(70, 'Kathy Stephens', 'PHOENIX/METRO', '2401 North Central Avenue\r\n2nd Floor\r\nPhoenix, Arizona 85004', '6022510425', '8009970099', '6022510459', 'kstephens@ufcw99.org', '2015-04-01 19:1', '7', 12),
(71, 'Kaitlyn Sullivan', 'PHOENIX/METRO', '2401 North Central Avenue\r\n2nd Floor\r\nPhoenix, Arizona 85004', '6022510438', '8009970099', '6022510459', 'ksullivan@ufcw99.org', '2015-04-01 19:1', '7', 13),
(72, 'David Ceballos', 'TUCSON/METRO/SOUTHERN', '877 South Alvernon Way\r\nSuite 100\r\nTucson, Arizona 85711\r\n', '5208849716', '8009970099', '5208849023', 'dcaballos@ufcw99.org', '2015-04-01 19:1', '7', 14),
(73, 'Jay Haubert', 'TUCSON/METRO/SOUTHERN', '877 South Alvernon Way\r\nSuite 100\r\nTucson, Arizona 85711', '5208849716', '8009970099', '5208849023', 'jhaubert@ufcw99.org', '2015-04-01 19:1', '7', 15),
(74, 'Laura Horton Charles', 'TUCSON/METRO/SOUTHERN', '877 South Alvernon Way\r\nSuite 100\r\nTucson, Arizona 85711', '5208849716', '8009970099', '5208849023', 'lhortoncharles@ufcw99.org', '2015-04-01 19:2', '7', 16),
(75, 'Lillian Flores', 'TUCSON/METRO/SOUTHERN', '877 South Alvernon Way\r\nSuite 100\r\nTucson, Arizona 85711', '5208849716', '8009970099', '5208849023', 'lflores@ufcw99.org', '2015-04-01 19:2', '7', 17),
(76, 'Dominic Piazza', 'NORTHERN ARIZONA', '2401 North Central Avenue\r\n2nd Floor\r\nPhoenix, Arizona 85004', '6022510409', '8009970099', '6022510459', 'dpiazza@ufcw99.org', '2015-04-01 19:2', '7', 18),
(77, 'Wes Young', 'NORTHERN ARIZONA', '2401 North Central Avenue\r\n2nd Floor\r\nPhoenix, Arizona 85004', '6022510443', '8009970099', '6022510459', 'wyoung@ufcw99.org', '2015-04-01 19:2', '7', 19);

-- --------------------------------------------------------

--
-- Table structure for table `location`
--

CREATE TABLE IF NOT EXISTS `location` (
  `office_id` bigint(20) NOT NULL AUTO_INCREMENT,
  `office_title` varchar(100) DEFAULT NULL,
  `address` varchar(100) DEFAULT NULL,
  `phone_no` varchar(15) DEFAULT NULL,
  `website` varchar(50) DEFAULT NULL,
  `time_cone` varchar(100) DEFAULT NULL,
  `app_id` varchar(20) DEFAULT NULL,
  `order` int(5) NOT NULL,
  PRIMARY KEY (`office_id`)
) ENGINE=InnoDB  DEFAULT CHARSET=latin1 AUTO_INCREMENT=40 ;

--
-- Dumping data for table `location`
--

INSERT INTO `location` (`office_id`, `office_title`, `address`, `phone_no`, `website`, `time_cone`, `app_id`, `order`) VALUES
(6, 'San Jose Office', '240 South Market Street, San Jose, CA 95113                       ', '(408) 998-0428', 'ufcw5.org', '2015-02-09 20:51:09', '1', 0),
(7, 'Eureka Office', '840 E St., Suite 8, Eureka, CA 95501', '(707) 442-1751', 'ufcw5.org', '2015-02-06 08:04:21', '1', 0),
(8, 'Hayward Office', '28870 Mission Blvd. Hayward, CA 94544\r\n', '(510) 889-0870', 'ufcw5.org', '2015-02-06 08:04:37', '1', 0),
(9, 'Martinez Office', '4121 Alhambra Ave. Martinez, CA 94553\r\n', '(925) 228-8800', 'ufcw5.org', '2015-02-06 08:04:52', '1', 0),
(10, 'Novato Office', '85 Galli Drive, Novato, CA 94949\r\n', '(415) 883-6833', 'ufcw5.org', '2015-02-06 08:05:05', '1', 0),
(11, 'Salinas Office', '1145 North Main Street, Salinas, CA 93906\r\n', '(831) 757-3094', 'ufcw5.org', '2015-02-06 08:05:23', '1', 0),
(13, 'South San Francisco Office', '208 Miller Ave., South San Francisco 94080\r\n', '(650) 871-5730', 'ufcw5.org', '2015-02-06 08:06:01', '1', 0),
(27, 'UFCW United Latinos', '1145 North Main Street\r\nSalinas, CA 93906', '(408) 625-5595', 'www.ufcwunitedlatinos.org', '2015-02-09 21:57:40', '2', 0),
(33, 'Afshan', 'Afshan...', '0300281565', 'alelo.com', '2015-03-18 03:18:19', '6', 1),
(36, 'San Francisco Office', '1980 Mission Street\r\nSan Francisco, CA 94103', '(415) 861-7840', 'ufcw648.org', '2015-03-23 13:22:01', '4', 2),
(37, 'UFCW Local 99 Tucson', '877 South Alvernon Way\r\nSuite 100\r\nTucson, Arizona 85711\r\n', '(520) 884-9716', 'ufcw99.org', '2015-04-01 20:10:24', '7', 1),
(38, 'UFCW Local 99 Phoenix', '2401 North Central Avenue\r\n2nd Floor\r\nPhoenix, Arizona 85004', '(602) 254-0099', 'ufcw99.org', '2015-04-01 20:07:59', '7', 2);

-- --------------------------------------------------------

--
-- Table structure for table `maintainence_log`
--

CREATE TABLE IF NOT EXISTS `maintainence_log` (
  `id` int(5) NOT NULL AUTO_INCREMENT,
  `app_id` int(5) NOT NULL,
  `user_id` int(5) NOT NULL,
  `paymentDate` date NOT NULL,
  `validUpto` date NOT NULL,
  `transactionID` varchar(100) NOT NULL,
  `email` varchar(100) NOT NULL,
  `lastFour` int(4) NOT NULL,
  `customerID` varchar(50) NOT NULL,
  `amount` int(10) NOT NULL,
  `exp_month` int(5) NOT NULL,
  `exp_year` int(6) NOT NULL,
  `name` varchar(100) NOT NULL,
  `status` varchar(20) NOT NULL,
  `brand` varchar(40) NOT NULL,
  `country` varchar(10) NOT NULL,
  `plan_id` int(5) NOT NULL,
  PRIMARY KEY (`id`)
) ENGINE=MyISAM  DEFAULT CHARSET=latin1 AUTO_INCREMENT=36 ;

--
-- Dumping data for table `maintainence_log`
--

INSERT INTO `maintainence_log` (`id`, `app_id`, `user_id`, `paymentDate`, `validUpto`, `transactionID`, `email`, `lastFour`, `customerID`, `amount`, `exp_month`, `exp_year`, `name`, `status`, `brand`, `country`, `plan_id`) VALUES
(35, 1, 1, '2015-04-07', '2015-08-08', '123', 'union@myunionapp.com', 4242, 'cus_611RelM2crVwi4', 400, 4, 2024, 'zohairhemani@avialdo.com', 'paid', 'Visa', 'US', 4),
(32, 1, 1, '2015-04-07', '2015-06-06', '123', 'union@myunionapp.com', 4242, 'cus_610RnLU29Szy3X', 400, 4, 2024, 'zohairhemani@avialdo.com', 'paid', 'Visa', 'US', 4),
(34, 1, 1, '2015-04-07', '2015-06-08', '123', 'union@myunionapp.com', 4242, 'cus_611NqrUOaAAuxl', 200, 4, 2024, 'zohairhemani@avialdo.com', 'paid', 'Visa', 'US', 3),
(33, 1, 1, '2015-04-07', '2015-06-06', '123', 'union@myunionapp.com', 4242, 'cus_611HdMVKD3dstJ', 400, 4, 2024, 'zohairhemani@avialdo.com', 'paid', 'Visa', 'US', 4);

-- --------------------------------------------------------

--
-- Table structure for table `news`
--

CREATE TABLE IF NOT EXISTS `news` (
  `news_id` bigint(20) NOT NULL AUTO_INCREMENT,
  `title` varchar(200) NOT NULL,
  `description` varchar(5000) NOT NULL,
  `file` varchar(100) NOT NULL,
  `time_cone` varchar(30) DEFAULT NULL,
  `category` varchar(20) NOT NULL,
  `app_id` int(11) NOT NULL,
  `facebook` varchar(20) DEFAULT NULL,
  `twitter` varchar(20) DEFAULT NULL,
  `google` varchar(20) DEFAULT NULL,
  `pinterest` varchar(20) DEFAULT NULL,
  `social` varchar(2) DEFAULT NULL,
  `order` int(100) DEFAULT NULL,
  `published` int(2) NOT NULL,
  PRIMARY KEY (`news_id`)
) ENGINE=InnoDB  DEFAULT CHARSET=latin1 AUTO_INCREMENT=642 ;

--
-- Dumping data for table `news`
--

INSERT INTO `news` (`news_id`, `title`, `description`, `file`, `time_cone`, `category`, `app_id`, `facebook`, `twitter`, `google`, `pinterest`, `social`, `order`, `published`) VALUES
(152, '', '<p style="margin: 0px 0px 25px; padding: 0px; border: 0px; font-family: ''Open Sans'', sans-serif; font-size: 14px; font-style: normal; font-variant: normal; font-weight: normal; font-stretch: inherit; line-height: 25.2000007629395px; vertical-align: baseline; color: rgb(132, 137, 140); letter-spacing: normal; orphans: auto; text-align: start; text-indent: 0px; text-transform: none; white-space: normal; widows: 1; word-spacing: 0px; -webkit-text-stroke-width: 0px; background-color: rgb(255, 255, 255);"><a href="http://ufcw5.org/wp-content/uploads/2014/11/12.png" style="font-family: inherit; font-size: inherit; line-height: inherit; color: rgb(46, 157, 247); font-variant: inherit; margin: 0px; padding: 0px; border: 0px; font-style: italic; font-weight: 600; font-stretch: inherit; vertical-align: baseline; text-decoration: none; outline: 0px; -webkit-transition: all 120ms ease-in; transition: all 120ms ease-in;"><img alt="12" class="alignnone wp-image-2440 size-large" height="554" src="http://ufcw5.org/wp-content/uploads/2014/11/12-1024x554.png" style="margin: 5px 20px 20px 0px; padding: 0px; border: 0px; font-family: inherit; font-size: inherit; font-style: inherit; font-variant: inherit; font-weight: inherit; font-stretch: inherit; line-height: inherit; vertical-align: baseline; max-width: 100%; height: auto !important;" width="1024" /></a></p>\r\n\r\n<div id="hdr" style="font-family: inherit; font-style: inherit; font-weight: inherit; line-height: 20.7999992370605px; margin: 0px 0px 10px; padding: 10px; outline: none; border-width: 10px 0px 0px; border-top-style: solid; border-top-color: rgb(0, 37, 87); font-size: 16px; vertical-align: baseline; overflow: hidden; background: rgb(0, 73, 144);">\r\n<header class="wrapper" id="hdr-content" style="margin: 0px auto; padding: 0px; outline: none; max-width: 980px;">\r\n<h1 class="pagetitle" style="line-height: 1em; margin: 0px 12px 0px 0px; padding: 0px; outline: none; border: 0px; font-family: proxima-nova-condensed, proxima-nova, ''Proxima Nova'', HelveticaNeue, ''Helvetica Neue'', Helvetica, sans-serif; font-size: 1.875em; vertical-align: baseline; font-stretch: normal; color: rgb(255, 255, 255); float: left;">Who We Are</h1>\r\n</header>\r\n</div>\r\n\r\n<div class="post" style="font-family: inherit; font-style: inherit; font-weight: inherit; line-height: 20.7999992370605px; margin: 0px; padding: 0px; outline: none; border: 0px; font-size: 16px; vertical-align: baseline;">\r\n<div class="entry" style="margin: 0px 0px 1.5em; padding: 0px 0px 1.5em; outline: none; border: 0px; font-family: inherit; font-style: inherit; vertical-align: baseline;">\r\n<h2 style="line-height: 1em; margin: 20px 0px 10px; padding: 18px 0px 10px 20px; outline: none; border-width: 10px 0px 1px; border-top-style: solid; border-bottom-style: dotted; border-top-color: rgb(255, 196, 37); border-bottom-color: rgb(0, 73, 144); font-family: proxima-nova-condensed, proxima-nova, ''Proxima Nova'', HelveticaNeue, ''Helvetica Neue'', Helvetica, sans-serif; font-size: 1.875em; vertical-align: baseline; font-stretch: normal; color: rgb(0, 73, 144); min-height: 30px; background-image: url(http://www.ufcw.org/wp-content/themes/ufcw/images/bg_hdr.png); background-attachment: initial; background-size: initial; background-origin: initial; background-clip: initial; background-position: 0% 22px; background-repeat: no-repeat;">UFCW Local 5</h2>\r\n\r\n<p style="margin: 0px 0px 25px; padding: 0px; border: 0px; font-family: ''Open Sans'', sans-serif; font-size: 14px; font-stretch: inherit; line-height: 25.2000007629395px; vertical-align: baseline; color: rgb(132, 137, 140);">United Food and Commercial Workers Local 5 is a 30,000 member labor union based in Hayward, California. The local is a progressive voice in the labor movement and the community with a strong tradition of member advocacy and involvement. It is an affiliate of the United Food and Commercial Workers International union based in Washington DC.</p>\r\n\r\n<p style="margin: 0px 0px 25px; padding: 0px; border: 0px; font-family: ''Open Sans'', sans-serif; font-size: 14px; font-stretch: inherit; line-height: 25.2000007629395px; vertical-align: baseline; color: rgb(132, 137, 140);">Local 5 members work primarily in retail grocery and meat and in department stores,&nbsp;retail drug stores, candy stores, jewelry stores, agriculture and food processing, wholesale meat, seafood processing, financial services, education and the cannabis industry among others.</p>\r\n\r\n<p style="margin: 0px 0px 25px; padding: 0px; border: 0px; font-family: ''Open Sans'', sans-serif; font-size: 14px; font-stretch: inherit; line-height: 25.2000007629395px; vertical-align: baseline; color: rgb(132, 137, 140);"><strong>Wherever Local 5 members work they have a strong voice on the job.</strong></p>\r\n</div>\r\n</div>\r\n', 'b6d767d2f8ed5d21a44b0e5886680cb9.png', '2015-04-03 06:11:30', '1.1', 1, '', '', '', '', '', 1, 1),
(154, '', '<p><span style="color: rgb(55, 65, 71); font-family: Tahoma, arial, verdana, sans-serif; font-size: 14px; font-style: normal; font-variant: normal; font-weight: normal; letter-spacing: normal; line-height: 24.8888893127441px; orphans: auto; text-align: left; text-indent: 0px; text-transform: none; white-space: normal; widows: 1; word-spacing: 0px; -webkit-text-stroke-width: 0px; display: inline !important; float: none; background-color: rgb(255, 255, 255);"><img alt="" src="http://ufcw5.org/wp-content/uploads/2015/03/IMG_03411.jpg" style="width: 267px; height: 200px;" /></span></p>\r\n\r\n<div id="hdr" style="font-family: inherit; font-style: inherit; font-weight: inherit; line-height: 20.7999992370605px; margin: 0px 0px 10px; padding: 10px; outline: none; border-width: 10px 0px 0px; border-top-style: solid; border-top-color: rgb(0, 37, 87); font-size: 16px; vertical-align: baseline; overflow: hidden; background: rgb(0, 73, 144);">\r\n<header class="wrapper" id="hdr-content" style="margin: 0px auto; padding: 0px; outline: none; max-width: 980px;">\r\n<h1 class="pagetitle" style="line-height: 1em; margin: 0px 12px 0px 0px; padding: 0px; outline: none; border: 0px; font-family: proxima-nova-condensed, proxima-nova, ''Proxima Nova'', HelveticaNeue, ''Helvetica Neue'', Helvetica, sans-serif; font-size: 1.875em; vertical-align: baseline; font-stretch: normal; color: rgb(255, 255, 255); float: left;">What is a Union?</h1>\r\n</header>\r\n</div>\r\n\r\n<div class="post" style="font-family: inherit; font-style: inherit; font-weight: inherit; line-height: 20.7999992370605px; margin: 0px; padding: 0px; outline: none; border: 0px; font-size: 16px; vertical-align: baseline;">\r\n<div class="entry" style="margin: 0px 0px 1.5em; padding: 0px 0px 1.5em; outline: none; border: 0px; font-family: inherit; font-style: inherit; vertical-align: baseline;">\r\n<h3 style="line-height: 1em; margin: 20px 0px 10px; padding: 18px 0px 10px 20px; outline: none; border-width: 10px 0px 1px; border-top-style: solid; border-bottom-style: dotted; border-top-color: rgb(255, 196, 37); border-bottom-color: rgb(0, 73, 144); font-family: proxima-nova-condensed, proxima-nova, ''Proxima Nova'', HelveticaNeue, ''Helvetica Neue'', Helvetica, sans-serif; font-size: 1.875em; vertical-align: baseline; font-stretch: normal; color: rgb(0, 73, 144); min-height: 30px; background-image: url(http://www.ufcw.org/wp-content/themes/ufcw/images/bg_hdr.png); background-attachment: initial; background-size: initial; background-origin: initial; background-clip: initial; background-position: 0% 22px; background-repeat: no-repeat;">Unions are about a simple proposition: By joining together, working women and men gain strength in numbers so they can have a voice at work about what they care about.</h5>\r\n\r\n<div><span style="color: rgb(55, 65, 71); font-family: Tahoma, arial, verdana, sans-serif; font-size: 14px; line-height: 24.8888893127441px;">They negotiate a contract with their employer for things like a fair and safe workplace, better wages, a secure retirement and family-friendly policies such as paid sick leave and scheduling hours. They have a voice in how their jobs get done, creating a more stable, productive workforce that provides better services and products. Always adapting to the challenges of our nation&rsquo;s evolving workforce, unions are meeting the needs of workers in today&rsquo;s flexible and nontraditional work environments. Because no matter what type of job workers are in, by building power in unions, they can speak out for fairness for all working people in their communities and create better standards and a strong middle class across the country.</span></div>\r\n</div>\r\n</div>\r\n', '28dd2c7955ce926456240b2ff0100bde.png', '2015-03-24 15:04:05', '1.2', 1, '', '', '', '', '', 2, 1),
(156, '', '<p><img alt="" src="http://ufcw5.org/wp-content/uploads/2014/11/4.png" style="width: 280px; height: 152px;" /></p>\r\n\r\n<h2 style="margin: 20px 0px 10px; padding: 18px 0px 10px 20px; outline: none; border-width: 10px 0px 1px; border-top-style: solid; border-bottom-style: dotted; border-top-color: rgb(255, 196, 37); border-bottom-color: rgb(0, 73, 144); font-family: proxima-nova-condensed, proxima-nova, ''Proxima Nova'', HelveticaNeue, ''Helvetica Neue'', Helvetica, sans-serif; font-size: 1.875em; vertical-align: baseline; font-stretch: normal; line-height: 1em; color: rgb(0, 73, 144); min-height: 30px; background-image: url(http://www.ufcw.org/wp-content/themes/ufcw/images/bg_hdr.png); background-attachment: initial; background-size: initial; background-origin: initial; background-clip: initial; background-position: 0% 22px; background-repeat: no-repeat;">Become a Member of UFCW Local 5</h2>\r\n\r\n<p style="margin: 0px 0px 10px; padding: 0px; outline: none; border: 0px; font-family: proxima-nova, ''Proxima Nova'', HelveticaNeue, ''Helvetica Neue'', Helvetica, sans-serif; font-size: 16px; vertical-align: baseline; color: rgb(102, 102, 102); line-height: normal;">&nbsp;</p>\r\n\r\n<p>In the United Food and Commercial Workers, you are the union.&nbsp; You come&nbsp;together to talk with your coworkers; you nominate and elect union officers; you determine the working conditions and concerns that will be bargained in a contract; you will be part of a larger movement to improve the lives of working men and women in the workplace and in their communities.</p>\r\n\r\n<p>The more workers join together for the good of all, the more management listens to what they have to say.</p>\r\n\r\n<div id="gform_wrapper_4">\r\n<form action="http://www.ufcw.org/resources/become-a-member/" enctype="multipart/form-data" id="gform_4" method="post">\r\n<div>\r\n<h3>Become a Member</h3>\r\nIf you are interested in learning more about how you and your coworkers can join with us and find your voice, drop us a line and tell us why you want to get involved.</div>\r\n</form>\r\n</div>\r\n\r\n<div class="gf_browser_ie gf_browser_ie9 gform_wrapper" id="gform_wrapper_4" style="margin: 1em 0px; padding: 0px; outline: none; border: 0px; font-family: inherit; font-size: 16px; font-style: inherit; font-weight: inherit; vertical-align: baseline; overflow: inherit; max-width: 98%;">\r\n<form action="http://www.ufcw.org/resources/become-a-member/" enctype="multipart/form-data" id="gform_4" method="post" style="margin: 0px; padding: 0px; outline: none; border: 0px; font-family: inherit; font-style: inherit; font-weight: inherit; vertical-align: baseline;">\r\n<div class="gform_body" style="margin: 0px; padding: 0px; outline: none; border: 0px; font-family: proxima-nova, ''Proxima Nova'', HelveticaNeue, ''Helvetica Neue'', Helvetica, sans-serif; vertical-align: baseline; color: rgb(102, 102, 102); line-height: normal;">\r\n<ul class="gform_fields top_label form_sublabel_below description_below" id="gform_fields_4" style="margin: 0px; padding-right: 0px; padding-left: 0px; outline: none; border: 0px; font-family: inherit; font-style: inherit; font-weight: inherit; vertical-align: baseline; list-style: none; overflow: visible;">\r\n</ul>\r\n</div>\r\n</form>\r\n</div>\r\n\r\n<div class="gf_browser_ie gf_browser_ie9 gform_wrapper" id="gform_wrapper_4" style="margin: 1em 0px; padding: 0px; outline: none; border: 0px; font-family: inherit; font-size: 16px; font-style: inherit; font-weight: inherit; vertical-align: baseline; overflow: inherit; max-width: 98%;">\r\n<form action="http://www.ufcw.org/resources/become-a-member/" enctype="multipart/form-data" id="gform_4" method="post" style="margin: 0px; padding: 0px; outline: none; border: 0px; font-family: inherit; font-style: inherit; font-weight: inherit; vertical-align: baseline;">\r\n<div>&nbsp;</div>\r\n\r\n<div class="gform_body" style="margin: 0px; padding: 0px; outline: none; border: 0px; font-family: proxima-nova, ''Proxima Nova'', HelveticaNeue, ''Helvetica Neue'', Helvetica, sans-serif; vertical-align: baseline; color: rgb(102, 102, 102); line-height: normal;">\r\n<ul class="gform_fields top_label form_sublabel_below description_below" id="gform_fields_4" style="margin: 0px; padding-right: 0px; padding-left: 0px; outline: none; border: 0px; font-family: inherit; font-style: inherit; font-weight: inherit; vertical-align: baseline; list-style: none; overflow: visible;">\r\n</ul>\r\n</div>\r\n</form>\r\n</div>\r\n', 'd2ddea18f00665ce8623e36bd4e3c7c5.png', '2015-04-03 06:11:00', '1.3', 1, '', '', '', '', '', 4, 1),
(157, '', '<p><img alt="" src="http://ufcw5.org/wp-content/uploads/2014/12/enews.png" style="width: 280px; height: 134px;" /></p>\r\n\r\n<div id="hdr" style="font-family: inherit; font-style: inherit; font-weight: inherit; line-height: 20.7999992370605px; margin: 0px 0px 10px; padding: 10px; outline: none; border-width: 10px 0px 0px; border-top-style: solid; border-top-color: rgb(0, 37, 87); font-size: 16px; vertical-align: baseline; overflow: hidden; background: rgb(0, 73, 144);">\r\n<header class="wrapper" id="hdr-content" style="margin: 0px auto; padding: 0px; outline: none; max-width: 980px;">\r\n<h1 class="pagetitle" style="line-height: 1em; margin: 0px 12px 0px 0px; padding: 0px; outline: none; border: 0px; font-family: proxima-nova-condensed, proxima-nova, ''Proxima Nova'', HelveticaNeue, ''Helvetica Neue'', Helvetica, sans-serif; font-size: 1.875em; vertical-align: baseline; font-stretch: normal; color: rgb(255, 255, 255); float: left;">The Union Advantage</h1>\r\n</header>\r\n</div>\r\n\r\n<div class="post" style="font-family: inherit; font-style: inherit; font-weight: inherit; line-height: 20.7999992370605px; margin: 0px; padding: 0px; outline: none; border: 0px; font-size: 16px; vertical-align: baseline;">\r\n<div class="entry" style="margin: 0px 0px 1.5em; padding: 0px 0px 1.5em; outline: none; border: 0px; font-family: inherit; font-style: inherit; vertical-align: baseline;">\r\n<h2 style="margin: 20px 0px 10px; padding: 18px 0px 10px 20px; outline: none; border-width: 10px 0px 1px; border-top-style: solid; border-bottom-style: dotted; border-top-color: rgb(255, 196, 37); border-bottom-color: rgb(0, 73, 144); font-family: proxima-nova-condensed, proxima-nova, ''Proxima Nova'', HelveticaNeue, ''Helvetica Neue'', Helvetica, sans-serif; font-size: 1.875em; vertical-align: baseline; font-stretch: normal; line-height: 1em; color: rgb(0, 73, 144); min-height: 30px; background-image: url(http://www.ufcw.org/wp-content/themes/ufcw/images/bg_hdr.png); background-attachment: initial; background-size: initial; background-origin: initial; background-clip: initial; background-position: 0% 22px; background-repeat: no-repeat;"><a href="http://www.ufcw.org/about/opportunities/scholarship/" style="margin: 0px; padding: 0px; outline: none; border: 0px; font-family: inherit; font-size: 30px; font-style: inherit; font-weight: inherit; vertical-align: baseline; color: rgb(60, 90, 152); text-decoration: none;" title="Education and Scholarship">Education,&nbsp;Scholarship</a>, Discounts and More</h2>\r\n\r\n<p style="margin: 0px 0px 10px; padding: 0px; outline: none; border: 0px; font-family: proxima-nova, ''Proxima Nova'', HelveticaNeue, ''Helvetica Neue'', Helvetica, sans-serif; font-size: 16px; vertical-align: baseline; color: rgb(102, 102, 102); line-height: normal;">Did you know as a union member, you are eligible for a number of scholarships and education-related opportunities? Check out a few of the opportunities on our&nbsp;<a href="http://ufcw5.org/?page_id=2320" style="margin: 0px; padding: 0px; outline: none; border: 0px; font-family: inherit; font-style: inherit; font-weight: inherit; vertical-align: baseline; color: rgb(60, 90, 152); text-decoration: none;" title="Education and Scholarship">Scholarship&nbsp;</a>page.</p>\r\n\r\n<p style="font-size: 16px; margin: 0px 0px 10px; padding: 0px; outline: none; border: 0px; font-family: proxima-nova, ''Proxima Nova'', HelveticaNeue, ''Helvetica Neue'', Helvetica, sans-serif; vertical-align: baseline; color: rgb(102, 102, 102); line-height: normal;">There are also great discounts available to UFCW members through the Union Plus program. From lowering your phone bill to saving on moving expenses, Union Plus offers some great ways for members to stretch their paychecks just a bit further.</p>\r\n\r\n<ul style="margin: 0px 0px 1.625em 2.5em; padding-right: 0px; padding-left: 0px; outline: none; border: 0px; font-family: proxima-nova, ''Proxima Nova'', HelveticaNeue, ''Helvetica Neue'', Helvetica, sans-serif; font-size: 16px; vertical-align: baseline; color: rgb(102, 102, 102); line-height: normal;">\r\n	<li style="margin: 0px; padding: 0px; outline: none; border: 0px; font-family: inherit; font-style: inherit; font-weight: inherit; vertical-align: baseline;"><a href="http://www.ufcw.org/about/opportunities/union-plus-discounts/" style="margin: 0px; padding: 0px; outline: none; border: 0px; font-family: inherit; font-style: inherit; font-weight: inherit; vertical-align: baseline; color: rgb(60, 90, 152); text-decoration: none;" title="Union Plus Discounts">Union Plus</a></li>\r\n</ul>\r\n</div>\r\n</div>\r\n', 'c20ad4d76fe97759aa27a0c99bff6710.png', '2015-03-24 15:05:25', '1.4', 1, '', '', '', '', '', 3, 1),
(158, 'Member Discounts', '<p>This section will highlight many of the union employers that offer discounted services for our members. From movie tickets to discounted mobile phone services, we plan on sharing with our members ways to take advantage of the many benefits available to local 5 members.</p>\r\n\r\n<p>If you are a union business and would like to share benefits and services from your business with local 5 members, please email us at ufcwsj@gmail.com for more information.</p>\r\n', '98f13708210194c475687be6106a3b84.png', '2015-03-16 16:48:31', '6', 1, '', '', '', '', '', 4, 1),
(270, 'Discount on Dental and Orthodontics', '<table border="0" cellpadding="3" style="color: rgb(0, 0, 0); font-family: Times; font-size: medium; font-style: normal; font-variant: normal; font-weight: normal; letter-spacing: normal; line-height: normal; orphans: auto; text-align: start; text-indent: 0px; text-transform: none; white-space: normal; widows: 1; word-spacing: 0px; -webkit-text-stroke-width: 0px; background-color: rgb(255, 255, 255);" width="100%">\r\n	<tbody>\r\n		<tr>\r\n			<td bgcolor="#2D2A6E" class="style14" style="color: rgb(255, 255, 255); font-weight: bold;" valign="top">DENTAL and ORTHODONTIC</td>\r\n		</tr>\r\n		<tr>\r\n			<td valign="top">\r\n			<p class="style2" style="color: rgb(0, 0, 0);">20% discount or no out of pocket expense (depending on your plan coverage, not exceeding the maximum plan benefit and provided you have coverage for the month of services.</p>\r\n\r\n			<p class="style2" style="color: rgb(0, 0, 0);">For Union members without coverage, a 20% discount will be given off of the total visit charge.</p>\r\n\r\n			<p class="style2" style="color: rgb(0, 0, 0);">For a list of providers who discount or waive &quot;out-of-pocket&quot; costs to Union members, contact the Union office.</p>\r\n			</td>\r\n		</tr>\r\n	</tbody>\r\n</table>\r\n', 'd1fe173d08e959397adf34b1d77e88d7.png', '2015-03-18 13:30:31', '6', 2, '', '', '', '', '', 1, 1),
(288, 'UFCW Bargaining Update Jan 9', 'Hi Local 5! Here are the negotiation updates for Safeway, Nob Hill and Rite Aid.  You can download the flyers by clicking on highlighted links.  If you have any questions, be sure to contact your representative.\r\n\r\n \r\n\r\nSafeway:  SFWY Nego Update 1\r\n\r\nNob Hill: NOHL Nego Update 1\r\n\r\nRite Aid: RiteAid Nego Update 1', '7647966b7343c29048673252e490f736.png', '2015-01-23 20:19:21', '8', 1, NULL, NULL, NULL, NULL, NULL, 5, 1),
(289, 'Negotiations Updates for Safeway and Lucky-SaveMart', 'UFCW Local 5 Safeway Negotiations Update\r\n\r\nLocal 5 and the company met last week to begin negotiations. The meeting was held primarily to discuss logistics for the coming talks, get an update on the Cerberus takeover and find out who will be representing Safeway at the bargaining table.\r\n\r\nLocal 5 will be bargaining individually in this set of talks and intends on negotiating an agreement that reflects to desire of the membership and is appropriate to the economic reality where Local 5 members live and work.\r\n\r\nSafeway has indicated they will be contacting Local 5 with future dates for bargaining, you will be advised when the dates are secured.\r\n\r\nPlease keep up to date with your rep, on the website & Facebook.\r\n\r\n \r\n\r\n \r\n\r\nUFCW Local 5 Lucky-Save Mart Negotiations Update\r\n\r\nAs everyone knows LSM implemented their so-called last best and final offer in November. Since then Local 5 has been pursuing unfair labor practice charges at the National Labor Relations Board (NLRB) to reverse this illegal action. A key component of the union’s argument is that Local 5 and the company were not at impasse when they put their offer into effect and therefore the implementation of an offer no one wanted was improper and needs to be reversed.\r\n\r\nLast week, as if to make the union’s case that the union and company were not at impasse, the company contacted Local 5 to bargain over a retirement incentive. A prerequisite for any discussions with the company is the reversal of the illegal implementation of the last, best & final. The union is pursuing charges against the company at the NLRB because we were not at impasse. The employer did not bargain in good faith. The union will not engage in negotiations with the company until the illegal implementation is reversed. We continue to seek redress through the NLRB.\r\n\r\nPlease keep up to date with your union rep, on the website & Facebook.\r\n\r\n ', 'a1d0c6e83f027327d8461063f4ac58a6.png', '2015-02-09 04:12:44', '8', 1, 'llknl', 'knlk', 'nlkn', '', '', 6, 1),
(290, 'Negotiations Updates for Safeway and Lucky-SaveMart', '<p>UFCW Local 5 Safeway Negotiations Update Local 5 and the company met last week to begin negotiations. The meeting was held primarily to discuss logistics for the coming talks, get an update on the Cerberus takeover and find out who will be representing Safeway at the bargaining table. Local 5 will be bargaining individually in this set of talks and intends on negotiating an agreement that reflects to desire of the membership and is appropriate to the economic reality where Local 5 members live and work. Safeway has indicated they will be contacting Local 5 with future dates for bargaining, you will be advised when the dates are secured. Please keep up to date with your rep, on the website &amp; Facebook. UFCW Local 5 Lucky-Save Mart Negotiations Update As everyone knows LSM implemented their so-called last best and final offer in November. Since then Local 5 has been pursuing unfair labor practice charges at the National Labor Relations Board (NLRB) to reverse this illegal action. A key component of the unions argument is that Local 5 and the company were not at impasse when they put their offer into effect and therefore the implementation of an offer no one wanted was improper and needs to be reversed. Last week, as if to make the unions case that the union and company were not at impasse, the company contacted Local 5 to bargain over a retirement incentive. A prerequisite for any discussions with the company is the reversal of the illegal implementation of the last, best &amp; final. The union is pursuing charges against the company at the NLRB because we were not at impasse. The employer did not bargain in good faith. The union will not engage in negotiations with the company until the illegal implementation is reversed. We continue to seek redress through the NLRB. Please keep up to date with your union rep, on the website &amp; Facebook.</p>\r\n', '02e74f10e0327ad868d138f2b4fdd6f0.png', '2015-03-22 21:06:34', '7', 1, '', '', '', '', 'on', 1, 1),
(291, 'UFCW Local 5 Health and Welfare', 'Benefits Department\r\nThis vital department keeps members informed about their medical and pension benefits. Any member who has any questions about benefits can have them answered here.\r\n\r\nPersonnel are available in all Local 5 offices to answer your questions.\r\n\r\nBenefits Director, Alyse Davidson\r\n\r\nadavidson@ufcw5.org\r\n\r\nFor information regarding your benefits visit the UFCW Trust Fund Online at ufcwtrust.com\r\n', '98dce83da57b0395e163467c9dae521b.png', '2015-02-12 08:10:29', '3', 1, '', '', '', '', 'on', 1, 1),
(292, 'UFCW Local 5 Scholarship Application', 'Local 5 Scholarship Winners Announced\r\n\r\nThe scholarship winners for the UFCW Local 5 and the Labor Foundation for Working Families have been announced.\r\n\r\nForty (40) members and/or dependents were awarded a scholarship of $1,000.00. With over 70 scholarship applications received, the selection process was highly competitive. We are proud so many members and their dependents are pursuing higher education. Congratulations to all the scholarship winners! UFCW 5 members and their dependents can apply for the scholarship again next year.\r\n\r\nSee a list of the 2014 winners at ufcw5.org/member-scholarship-application', '6ea9ab1baa0efb9e19094440c317e21b.png', '2015-02-12 08:10:45', '3', 1, '', '', '', '', 'on', 2, 1),
(293, 'UFCW Local 5 Membership Forms', 'Trust Fund Forms can be found on the Trust Fund website at https://www.ufcwtrust.com/forms.aspx', 'fc490ca45c00b1249bbe3554a4fdf6fb.png', '2015-02-12 08:10:57', '3', 1, '', '', '', '', 'on', 3, 1),
(294, 'Information for New Members ', 'INITIATION FEE CREDIT PROGRAM FOR NEW HIRES\r\nUFCW 5 has implemented a program that is designed to help new members reduce their initiation fee by one-third (1/3). A new member will be eligible for this reduction in their initiation fees by getting involved with our Union. In order to qualify, the new member must do the following:\r\n\r\n1. Attend the new member orientation meeting.\r\n\r\n2. Participate in three (3) additional Local 5 actions; such as membership meetings, attend an office hosted virtual town hall meeting, rallies and other Union sponsored event.\r\n\r\nIf a new member participates in the three (3) events over the course of an eighteen (18) month period following the new member orientation meeting, they will be given a credit of one-third (1/3) of the initiation fees.\r\n\r\nYou should always check our website for upcoming meetings and events. If you have any questions regarding this program, please contact your Union Representative.\r\n\r\nYou must RSVP for the meetings you would like to attend, by calling Cindy Mendoza at 408-625-5643 or by email at cmendoza@ufcw5.org.\r\n\r\nThank you,\r\n\r\nRon Lind, President\r\n\r\nHave questions about your contract? Want to find out when membership meetings are?  Contact your union rep by registering at ufcw5.org and logging into your personal membership page.\r\n\r\nGet Political\r\nWant to learn how you can support pro-worker politicians and policies, and fight back against corporate greed and big business in our political system? Want to help level the playing field for working families? Contact Tony Alexander, UFCW Local 5&#8242; political director and get involved in a movement to rebuild our middle class and restore the American Dream.\r\n\r\nGet Involved\r\nThe best thing about being a UFCW member is the power to stick together with your co-workers and make your voices heard. But there are all kinds of other opportunities available to you as a union member, too, that can help you advance your career, get better training, or save a little money.\r\n\r\nEducation and Scholarships- Once again the Foundation for Working Families and UFCW5 has finished the process of awarding scholarships for 2013.  Recipients have been notified and this years winners have been post on this website.\r\n\r\nDiscounts and Benefits – Save money on travel, car insurance, hotels, activities, mortgages, and other things with Union Plus for members and their families.\r\n\r\nJoin With Us\r\nWant to learn more about what a union is and why strength in numbers is always on plus on the job? Want to find out how you and your co-workers can become part of a movement to improve jobs for workers across the country? Contact our organizing department today.', 'b53b3a3d6ab90ce0268229151c9bde11.png', '2015-02-12 08:11:07', '3', 1, '', '', '', '', 'on', 4, 1),
(297, 'Safeway Update Jan 28', 'UFCW Local 5 Safeway Negotiations Update\r\n\r\nLocal 5 and the company met last week to begin negotiations. The meeting was held primarily to discuss logistics for the coming talks, get an update on the Cerberus takeover and find out who will be representing Safeway at the bargaining table.\r\n\r\nLocal 5 will be bargaining individually in this set of talks and intends on negotiating an agreement that reflects to desire of the membership and is appropriate to the economic reality where Local 5 members live and work.\r\n\r\nSafeway has indicated they will be contacting Local 5 with future dates for bargaining, you will be advised when the dates are secured.\r\n\r\nPlease keep up to date with your rep, on the website & Facebook.', 'a3f390d88e4c41f2747bfa2f1b5f87db.png', '2015-02-12 08:09:56', '7', 1, '', '', '', '', 'on', 2, 1),
(298, 'Lucky-Save Mart Negotiations Update Jan. 28', '<p>UFCW Local 5 Lucky-Save Mart Negotiations Update As everyone knows LSM implemented their so-called last best and final offer in November. Since then Local 5 has been pursuing unfair labor practice charges at the National Labor Relations Board (NLRB) to reverse this illegal action. A key component of the unions argument is that Local 5 and the company were not at impasse when they put their offer into effect and therefore the implementation of an offer no one wanted was improper and needs to be reversed. Last week, as if to make the unions case that the union and company were not at impasse, the company contacted Local 5 to bargain over a retirement incentive. A prerequisite for any discussions with the company is the reversal of the illegal implementation of the last, best &amp; final. The union is pursuing charges against the company at the NLRB because we were not at impasse. The employer did not bargain in good faith. The union will not engage in negotiations with the company until the illegal implementation is reversed. We continue to seek redress through the NLRB. Please keep up to date with your union rep, on the website &amp; Facebook.</p>\r\n', '26657d5ff9020d2abefe558796b99584.png', '2015-04-03 05:59:27', '7', 1, '', '', '', '', 'on', 3, 1),
(402, 'Membership Meeting', 'Membership Meetings are held the 2nd Tuesday of each quarter.  The next upcoming meeting will be:\r\n\r\nTuesday, April 14, 2015 at 7pm.', '7cbbc409ec990f19c78c75bd1e06f215.png', '2015-02-12 08:11:21', '9', 1, '', '', '', '', 'on', 1, 1),
(420, 'About Us', 'The United Latinos of the United Food and Commercial Workers Union (UFCW) is an organization of men and women who have joined together to promote the issues and pursue interests important to Latino workers.<br />\r\n“Working Toward Latino Empowerment and Building Latino Pride!” We have a simple but powerful purpose of empowering Latino men and women within the UFCW and within our communities. We are also building Latino pride which will help others better understand our cultural differences. Our diversity will help make our organization and our society stronger. The United Latinos will help teach others that through UFCW membership, there is a better way of life that includes wages, health benefits, pensions, job security and dignity.\r\n ', 'f899139df5e1059396431415e770c6dd.png', '2015-02-09 22:06:33', '3', 2, '', '', '', '', 'on', 0, 1),
(421, 'Pride', 'There is significant value in our diversity when it is seen as an asset. We know that it is natural to fear the unknown so we propose to educate those around us about our various Latino cultures. We have much to offer and are proud to share what we are and what we know, especially when it helps reach and empower Latinos. The ultimate goal of United Latinos is to be an asset and a resource to the UFCW, its Locals and to the Labor Movement. By working together we will help make the UFCW the very best.', 'c51ce410c124a10e0db5e4b97fc2af39.png', '2015-02-09 22:07:32', '3', 2, '', '', '', '', 'on', 0, 1),
(422, 'Empowerment', 'Our goal is to empower Latino men, women and children through:\r\nPolitical Participation\r\nEducation\r\nCommunity Involvement\r\nSolidarity of Union Membership<br />\r\nThe Latino population is growing fast. It is predicted that in 50 years one in every four Americans will be Latino. More Latinos vote in elections today. The Latino vote is a powerful and exciting phenomenon in American politics. As Latinos are empowered we will have our place in main stream America and share in the American Dream. When we empower Latino workers we empower our great union and we empower our community. Through outreach programs, the United Latinos builds partnerships with community groups also working to improve the rights and lives of Latino men and women.\r\n', '6ea9ab1baa0efb9e19094440c317e21b.png', '2015-02-09 22:08:15', '3', 2, '', '', '', '', 'on', 0, 1),
(423, 'Join the United Latinos', 'To join The United Latinos of UFCW you can download and complete a membership application in English (click here) or in Spanish (click here). Return it with your annual dues payment to the address listed on the application. Local Unions,  providers and friends of the UFCW can also participate by becoming a Sponsor of United Latinos by making an annual contribution. These moneys enable us to work toward our goals of Latino Empowerment and Building Latino Pride.<br />\r\nWe look forward to your membership and support!\r\n', '70efdf2ec9b086079795c442636b55fb.png', '2015-02-09 22:09:23', '3', 2, '', '', '', '', 'on', 0, 1),
(464, 'City Council Votes Unanimously to Send Worker Ordinance Referral to Staff to Return for Vote', 'City Council Votes Unanimously to Send Worker Ordinance Referral to Staff to Return for Vote\r\n<br />\r\nUpdate:  On February 3rd, the Alameda City Council voted 5-0 to send Jim Oddiess Grocery Worker Retention Ordinance referral to staff to return for a vote. The ordinance will require employers purchasing stores to keep existing workers on staff for a minimum of 90 days. Great job so far by the council & staff.\r\nThe union will let everyone know when the next meeting will be.', 'ea5d2f1c4608232e07d3aa3d998e5135.png', '2015-02-10 23:32:18', '8', 1, '', '', '', '', 'on', 7, 1),
(465, 'UFCW Scholarship Programs 2015', '<p>A message from Labor Foundation for Working Families: Now is the time for members and their dependents to apply for the UFCW Local 5 and Labor Foundation for Working Families 2015 scholarship program. Scholarships are available for members or their dependents that are seeking higher education. In order to qualify for a scholarship applicants must submit a short essay (500 words or less) describing what impact the labor movement has had on their life and their most recent official transcript. Members applying for themselves or for family members must be in good standing with UFCW Local 5. Submissions must be received in the Hayward office no later than March 31, 2015. *Local 5 staff &amp; families are not eligible to participate in this program.&nbsp;</p>\r\n\r\n<p>Education is the most powerful weapon which you can use to change the world.&nbsp;The UFCW is about workers coming together to build better lives for themselves. It is about creating opportunity. That is why each year the UFCW awards several scholarships of up to $1,000 each to UFCW members or their unmarried dependents under the age of 20. Apply at <a href="http://www.ufcw.org/scholarship">www.ufcw.org/scholarship</a>. Applications must be received by March 15, 2015. To download application go to <a href="http://ufcw5.org/?page_id=2320">ufcw5.org</a> and <a href="http://ufcw.org">ufcw.org</a>.</p>\r\n', 'd9d4f495e875a2e075a1a4a6e1b9770f.png', '2015-03-23 08:26:27', '9', 1, '', '', '', '', '', 8, 1),
(466, 'UFCW Celebrates Black History Month', 'UFCW Celebrates Black History Month: Bayard Rustin An Overlooked Champion of Civil and Labor Rights\r\n\r\nBlack History Month is a time to remember and celebrate the rich history of African Americans and the achievements of the civil rights movement.\r\n\r\nBlack History Month dates back to 1926, when historian Carter G. Woodson and other prominent African Americans dedicated the second week in February as Negro History Week to coincide with the birthdays of Abraham Lincoln and Frederick Douglass.  In 1976, the celebration was officially recognized and expanded and every U.S. president since then has celebrated Black History Month during the month of February.\r\nOne of the greatest moments of the Civil Rights era was the March on Washington in 1963 one of the largest non violent protests to ever occur in America. The March on Washington brought thousands of people of all races together, in the name of equal rights for everyone whether they were black or white, rich or poor, Muslim or Christian. Dr. Marin Luther King, Jr. made one of his most inspiring and famous speeches at the march, which culminated on the National mall.\r\n\r\nBut history has often overlooked the man who was the driving force behind this monumental event a man namedBayard Rustin. Rustin was the one who organized the march, bringing methods used by Gandhi as well as the Quaker religion to Washington to ensure peace, but also impact. It was Rustin who helped shape Dr. King into the iconic symbol of peace he is remembered as.\r\n\r\nAs a young adult, Rustin worked with many kinds of people who influenced his activism, including ministers and labor organizers. During World War II, Rustin fought against racial discrimination in war-related hiring, and was later jailed for two years after refusing to enter the draft.\r\n\r\nContinue Reading at http://www.ufcw.org/2015/02/09/ufcw-celebrates-black-history-month-bayard-rustin-an-overlooked-champion-of-civil-and-labor-rights/', 'a1d0c6e83f027327d8461063f4ac58a6.png', '2015-02-10 23:36:37', '8', 1, '', '', '', '', 'on', 9, 1),
(526, '', '<p style="margin: 0px 0px 10px; padding: 0px; outline: none; border: 0px; font-family: proxima-nova, ''Proxima Nova'', HelveticaNeue, ''Helvetica Neue'', Helvetica, sans-serif; font-size: 16px; font-style: normal; font-weight: normal; vertical-align: baseline; color: rgb(102, 102, 102); font-variant: normal; letter-spacing: normal; line-height: normal; orphans: auto; text-align: start; text-indent: 0px; text-transform: none; white-space: normal; widows: 1; word-spacing: 0px; -webkit-text-stroke-width: 0px; background-color: rgb(255, 255, 255);"><img alt="" src="http://ufcw5.org/wp-content/uploads/2015/03/Screen-Shot-2015-03-16-at-2.23.16-PM.png" style="width: 280px; height: 146px;" /></p>\r\n\r\n<h2 style="margin: 20px 0px 10px; padding: 18px 0px 10px 20px; outline: none; border-width: 10px 0px 1px; border-top-style: solid; border-bottom-style: dotted; border-top-color: rgb(255, 196, 37); border-bottom-color: rgb(0, 73, 144); font-family: proxima-nova-condensed, proxima-nova, ''Proxima Nova'', HelveticaNeue, ''Helvetica Neue'', Helvetica, sans-serif; font-size: 1.875em; vertical-align: baseline; font-stretch: normal; line-height: 1em; color: rgb(0, 73, 144); min-height: 30px; background-image: url(http://www.ufcw.org/wp-content/themes/ufcw/images/bg_hdr.png); background-attachment: initial; background-size: initial; background-origin: initial; background-clip: initial; background-position: 0% 22px; background-repeat: no-repeat;">Good stewards are the backbone of an effective union.</h2>\r\n\r\n<p style="margin: 0px 0px 10px; padding: 0px; outline: none; border: 0px; font-family: proxima-nova, ''Proxima Nova'', HelveticaNeue, ''Helvetica Neue'', Helvetica, sans-serif; font-size: 16px; vertical-align: baseline; color: rgb(102, 102, 102); line-height: normal;">Good stewards are the backbone of an effective union. We reach out to new members and help educate them on their rights. We serve as a bridge between elected union leadership and workers on the job. We listen to our co-workers and provide a confidential way for members to bring forward their ideas and concerns.</p>\r\n\r\n<h4 style="margin: 0.75em 0px; padding: 0px; outline: none; border: 0px; font-family: proxima-nova-condensed, proxima-nova, ''Proxima Nova'', HelveticaNeue, ''Helvetica Neue'', Helvetica, sans-serif; font-size: 1.25em; vertical-align: baseline; font-stretch: normal; line-height: 1em; color: rgb(102, 102, 102);"><strong style="margin: 0px; padding: 0px; outline: none; border: 0px; font-family: inherit; font-size: 20px; font-style: inherit; vertical-align: baseline;">But most importantly, it is a steward&rsquo;s job to inspire, lead and build a sense of unity and solidarity among the wide range of workers in our union.</strong></h4>\r\n\r\n<p style="margin: 0px 0px 10px; padding: 0px; outline: none; border: 0px; font-family: proxima-nova, ''Proxima Nova'', HelveticaNeue, ''Helvetica Neue'', Helvetica, sans-serif; font-size: 16px; vertical-align: baseline; color: rgb(102, 102, 102); line-height: normal;">All union members have a right to have their steward present with them during meetings that they feel might be disciplinary. In 1975, in NLRB v. J. Weingarten, Inc, the U.S. Supreme Court upheld the rights of employees to have union representation during investigatory interviews. Since that case involved a clerk being investigated by the Weingarten Company, these rights have become known as&nbsp;<a href="http://www.ufcw.org/resources/stewards/weingarten-rights/" style="margin: 0px; padding: 0px; outline: none; border: 0px; font-family: inherit; font-style: inherit; font-weight: inherit; vertical-align: baseline; color: rgb(60, 90, 152); text-decoration: none;" title="Weingarten Rights">&ldquo;Weingarten rights.&rdquo;</a></p>\r\n\r\n<p style="margin: 0px 0px 10px; padding: 0px; outline: none; border: 0px; font-family: proxima-nova, ''Proxima Nova'', HelveticaNeue, ''Helvetica Neue'', Helvetica, sans-serif; font-size: 16px; vertical-align: baseline; color: rgb(102, 102, 102); line-height: normal;">If you are called into a closed meeting with your manager and you start to feel nervous that things may take a disciplinary turn, you have the right to stop the meeting and request the meeting be resumed when your union steward is present. If you&rsquo;ve got questions about your contract, your steward is the best person to ask.</p>\r\n\r\n<p style="margin: 0px 0px 10px; padding: 0px; outline: none; border: 0px; font-family: proxima-nova, ''Proxima Nova'', HelveticaNeue, ''Helvetica Neue'', Helvetica, sans-serif; font-size: 16px; vertical-align: baseline; color: rgb(102, 102, 102); line-height: normal;"><img alt="" class="aligncenter size-full wp-image-13945" height="318" src="http://www.ufcw.org/wp-content/uploads/2012/06/organize.jpg" style="margin: 0px auto 15px; padding: 0px; outline: none; max-width: 100%; height: auto; width: auto; display: block; float: none;" title="organize" width="620" /></p>\r\n', 'b53b3a3d6ab90ce0268229151c9bde11.png', '2015-03-24 15:07:14', '4.1', 1, '', '', '', '', '', 1, 1),
(527, '', '<p><a href="http://ufcwtrust.com"><img alt="" src="http://ufcw5.org/wp-content/uploads/2015/01/UFCW-Trust.png" style="width: 300px; height: 87px;" /></a></p>\r\n\r\n<div id="hdr" style="font-family: inherit; font-style: inherit; font-weight: inherit; line-height: 20.7999992370605px; margin: 0px 0px 10px; padding: 10px; outline: none; border-width: 10px 0px 0px; border-top-style: solid; border-top-color: rgb(0, 37, 87); font-size: 16px; vertical-align: baseline; overflow: hidden; background: rgb(0, 73, 144);">\r\n<header class="wrapper" id="hdr-content" style="margin: 0px auto; padding: 0px; outline: none; max-width: 980px;">\r\n<h1 class="pagetitle" style="line-height: 1em; margin: 0px 12px 0px 0px; padding: 0px; outline: none; border: 0px; font-family: proxima-nova-condensed, proxima-nova, ''Proxima Nova'', HelveticaNeue, ''Helvetica Neue'', Helvetica, sans-serif; font-size: 1.875em; vertical-align: baseline; font-stretch: normal; color: rgb(255, 255, 255); float: left;">Health and Welfare</h1>\r\n</header>\r\n</div>\r\n\r\n<p>There are different eligibility requirements depending on which benefit program you fall under. Your eligible dependents may also be covered as they meet the Fund requirements for eligibility. The Trust Funds provides Health &amp; Welfare benefits including medical, prescription drug, dental, vision, chiropractic, mental health, pension, death benefits &amp; cobra continuation of benefits.</p>\r\n\r\n<p><br />\r\nHealth Benefits or Pension information are only available in person or by telephone. For more information, please visit ANY Local 5 office, contact your union by phone at <a href="tel:(408) 998.0428">(408) 998.0428</a> or visit <a href="http://ufcwtrust.com">ufcwtrust.com </a></p>\r\n', '6f4922f45568161a8cdf4ad2299f6d23.png', '2015-03-24 15:06:56', '3.1', 1, '', '', '', '', '', 1, 1),
(528, '', '<div id="hdr" style="margin: 0px 0px 10px; padding: 10px; outline: none; border-width: 10px 0px 0px; border-top-style: solid; border-top-color: rgb(0, 37, 87); font-family: proxima-nova, ''Proxima Nova'', HelveticaNeue, ''Helvetica Neue'', Helvetica, sans-serif; font-size: 16px; vertical-align: baseline; overflow: hidden; color: rgb(102, 102, 102); line-height: normal; background: rgb(0, 73, 144);">\r\n<header class="wrapper" id="hdr-content" style="margin: 0px auto; padding: 0px; outline: none; max-width: 980px;">\r\n<h1 class="pagetitle" style="margin: 0px 12px 0px 0px; padding: 0px; outline: none; border: 0px; font-family: proxima-nova-condensed, proxima-nova, ''Proxima Nova'', HelveticaNeue, ''Helvetica Neue'', Helvetica, sans-serif; font-size: 1.875em; vertical-align: baseline; font-stretch: normal; line-height: 1em; color: rgb(255, 255, 255); float: left;">2015 UFCW Local 5 Scholarship</h1>\r\n</header>\r\n</div>\r\n\r\n<div class="post" style="margin: 0px; padding: 0px; outline: none; border: 0px; font-family: proxima-nova, ''Proxima Nova'', HelveticaNeue, ''Helvetica Neue'', Helvetica, sans-serif; font-size: 16px; vertical-align: baseline; color: rgb(102, 102, 102); line-height: normal;">\r\n<div class="entry" style="margin: 0px 0px 1.5em; padding: 0px 0px 1.5em; outline: none; border: 0px; font-family: inherit; font-style: inherit; vertical-align: baseline;">\r\n<h3 style="margin: 15px 0px 10px; padding: 0px; outline: none; border: 0px; font-family: inherit; font-size: 1.125em; font-style: inherit; font-weight: 600; vertical-align: baseline; line-height: 1em; text-align: center;">2015 UFCW Scholarship Program Procedures</h3>\r\n\r\n<h1 style="margin: 20px 0px 10px; padding: 18px 0px 10px 20px; outline: none; border-width: 10px 0px 1px; border-top-style: solid; border-bottom-style: dotted; border-top-color: rgb(255, 196, 37); border-bottom-color: rgb(0, 73, 144); font-family: proxima-nova-condensed, proxima-nova, ''Proxima Nova'', HelveticaNeue, ''Helvetica Neue'', Helvetica, sans-serif; font-size: 1.875em; vertical-align: baseline; font-stretch: normal; line-height: 1em; color: rgb(0, 73, 144); min-height: 30px; text-align: center; background: url(http://www.ufcw.org/wp-content/themes/ufcw/images/bg_hdr.png) 0% 22px no-repeat;">&ldquo;Education is the most powerful weapon which you can use to change the world.&rdquo;</h1>\r\n\r\n<p style="margin: 0px 0px 10px; padding: 0px; outline: none; border: 0px; font-family: inherit; font-style: inherit; vertical-align: baseline;">The UFCW is about workers coming together to build better lives for themselves.&nbsp; It is about creating opportunity.&nbsp; That is why each year the UFCW awards several scholarships of up to $1,000 each to UFCW members or their unmarried dependents under the age of 20.</p>\r\n\r\n<h3 style="margin: 15px 0px 10px; padding: 0px; outline: none; border: 0px; font-family: inherit; font-size: 1.125em; font-style: inherit; font-weight: 600; vertical-align: baseline; line-height: 1em; text-align: center;"><a href="http://ufcw5.org/?page_id=2320" style="margin: 0px; padding: 0px; outline: none; border: 0px; font-family: inherit; font-style: inherit; font-weight: inherit; vertical-align: baseline; color: rgb(60, 90, 152); text-decoration: none;" target="_blank">Click here to learn how you can apply online.</a></h3>\r\n</div>\r\n</div>\r\n', '43ec517d68b6edd3015b3edc9a11367b.png', '2015-03-24 15:07:05', '3.2', 1, '', '', '', '', '', 1, 1);
INSERT INTO `news` (`news_id`, `title`, `description`, `file`, `time_cone`, `category`, `app_id`, `facebook`, `twitter`, `google`, `pinterest`, `social`, `order`, `published`) VALUES
(529, '', '<div class="content-view-embed">\r\n<div class="class-image">\r\n<div class="attribute-image">\r\n<p><img alt="" src="http://ufcw5.org/wp-content/uploads/2015/01/2.jpg" style="width: 280px; height: 150px;" /></p>\r\n\r\n<div id="hdr" style="margin: 0px 0px 10px; padding: 10px; outline: none; border-width: 10px 0px 0px; border-top-style: solid; border-top-color: rgb(0, 37, 87); font-family: proxima-nova, ''Proxima Nova'', HelveticaNeue, ''Helvetica Neue'', Helvetica, sans-serif; font-size: 16px; vertical-align: baseline; overflow: hidden; color: rgb(102, 102, 102); line-height: normal; background: rgb(0, 73, 144);">\r\n<header class="wrapper" id="hdr-content" style="margin: 0px auto; padding: 0px; outline: none; max-width: 980px;">\r\n<h1 class="pagetitle" style="margin: 0px 12px 0px 0px; padding: 0px; outline: none; border: 0px; font-family: proxima-nova-condensed, proxima-nova, ''Proxima Nova'', HelveticaNeue, ''Helvetica Neue'', Helvetica, sans-serif; font-size: 1.875em; vertical-align: baseline; font-stretch: normal; line-height: 1em; color: rgb(255, 255, 255); float: left;">Collective Bargaining</h1>\r\n</header>\r\n</div>\r\n\r\n<div class="post" style="margin: 0px; padding: 0px; outline: none; border: 0px; font-family: proxima-nova, ''Proxima Nova'', HelveticaNeue, ''Helvetica Neue'', Helvetica, sans-serif; font-size: 16px; vertical-align: baseline; color: rgb(102, 102, 102); line-height: normal;">\r\n<div class="entry" style="margin: 0px 0px 1.5em; padding: 0px 0px 1.5em; outline: none; border: 0px; font-family: inherit; font-style: inherit; vertical-align: baseline;"><span style="color: rgb(51, 51, 51); font-family: sans-serif, Arial, Verdana, ''Trebuchet MS''; font-size: 13px; line-height: 1.6em;">Collective bargaining is the process in which working people, through their unions, negotiate contracts with their employers to determine their terms of employment, including pay, benefits, hours, leave, job health and safety policies, ways to balance work and family and more. Collective bargaining is a way to solve workplace problems.</span></div>\r\n\r\n<div class="entry" style="margin: 0px 0px 1.5em; padding: 0px 0px 1.5em; outline: none; border: 0px; font-family: inherit; font-style: inherit; vertical-align: baseline;"><span style="color: rgb(51, 51, 51); font-family: sans-serif, Arial, Verdana, ''Trebuchet MS''; font-size: 13px; line-height: 1.6em;">After the rights of public employees to collectively bargain for a middle-class life came under attack in 2010, working people in all kinds of jobs as well as students, community supporters, faith leaders and others united to defend this basic right.</span></div>\r\n</div>\r\n\r\n<p>The United States has long lagged behind other industrialized nations in collective bargaining coverage for public and private sector workers. Yet the right to collectively bargain is essential so that working men and women have the strength to improve their living standards, provide for their families and build a strong middle class.</p>\r\n\r\n<p><img alt="" src="http://www.aflcio.org/var/ezflow_site/storage/images/media/aflcio/images/collective-bargaining-coverage-graph/6392-1-eng-US/Collective-Bargaining-Coverage-graph_mainstory1.jpg" style="width: 280px; height: 219px;" /></p>\r\n\r\n<div class="content-view-embed">\r\n<div class="class-image">\r\n<div class="attribute-image">&nbsp;</div>\r\n</div>\r\n</div>\r\n</div>\r\n</div>\r\n</div>\r\n\r\n<div class="sidebarTwo">\r\n<div class="attribute-more_info" id="moreInfo">\r\n<div class="attribute-more_info">\r\n<div class="clear">&nbsp;</div>\r\n</div>\r\n</div>\r\n</div>\r\n', '68d30a9594728bc39aa24be94b319d21.png', '2015-03-24 15:05:36', '2.1', 1, '', '', '', '', '', 1, 1),
(530, '', '<div id="hdr" style="margin: 0px 0px 10px; padding: 10px; outline: none; border-width: 10px 0px 0px; border-top-style: solid; border-top-color: rgb(0, 37, 87); font-family: proxima-nova, ''Proxima Nova'', HelveticaNeue, ''Helvetica Neue'', Helvetica, sans-serif; font-size: 16px; vertical-align: baseline; overflow: hidden; color: rgb(102, 102, 102); line-height: normal; background: rgb(0, 73, 144);">\r\n<header class="wrapper" id="hdr-content" style="margin: 0px auto; padding: 0px; outline: none; max-width: 980px;">\r\n<h1 class="pagetitle" style="margin: 0px 12px 0px 0px; padding: 0px; outline: none; border: 0px; font-family: proxima-nova-condensed, proxima-nova, ''Proxima Nova'', HelveticaNeue, ''Helvetica Neue'', Helvetica, sans-serif; font-size: 1.875em; vertical-align: baseline; font-stretch: normal; line-height: 1em; color: rgb(255, 255, 255); float: left;">New Members</h1>\r\n</header>\r\n</div>\r\n\r\n<p><img alt="" src="http://www.ufcw.org/wp-content/uploads/2012/05/voteufcw.jpg" style="width: 280px; height: 116px;" /></p>\r\n\r\n<p>As a new employee in the bargaining unit, you are represented by United Food and Commercial Workers Union Local 5. If you are like many employees, this is the first time you have been represented by a Union and you should have questions as to what this means to you.<br />\r\nUnion representation means that UFCW Union Local 5, with your active participation, negotiates and administers a legally binding contract on your behalf.<br />\r\n<br />\r\nThis contract is also known as a Collective Bargaining Agreement. It sets forth your wages, benefits, hours, and nearly all of your working conditions. Because all employees negotiate together through the Union, Union members receive higher wages and better benefits than non-Union workers in similar jobs. Strength in numbers makes this possible.<br />\r\n<br />\r\nLocal 5 is part of the United Food and Commercial Workers International Union. There are more than 900 affiliated UFCW Locals representing 1.4 million workers in both similar and varied vocations across America and Canada.<br />\r\n<br />\r\nA Union Representative, assigned by the president, administers your contract. Representatives visit locations on a regular basis and have designated days in the office.<br />\r\n<br />\r\nMany of you also have a Union &#39;&#39;steward&#39;&#39; at your place of work. A steward, selected by your Union Representative, is a fellow employee who is both an activist of the Union and a conduit of general information between members and the Union.<br />\r\n<br />\r\nLocal 5 conducts general membership meetings on a quarterly basis. These meetings are important and, as a member, you are encouraged to attend and participate in the events of your Union.<br />\r\n<br />\r\nWithout a legally binding contract the law allows employers greater latitude with regard to determining and applying job standards. These conditions all too often leave the individual with little to no recourse when faced with problems. Your Union contract provides a legally binding agreement that is enforceable.</p>\r\n', '68d30a9594728bc39aa24be94b319d21.png', '2015-03-24 15:05:45', '2.2', 1, '', '', '', '', '', 1, 1),
(531, '', '<p><img alt="" src="http://ufcw5.org/wp-content/uploads/2014/11/Newsletter3-13-027.jpg" style="width: 280px;" /></p>\r\n\r\n<div id="hdr" style="font-family: inherit; font-style: inherit; font-weight: inherit; line-height: 20.7999992370605px; margin: 0px 0px 10px; padding: 10px; outline: none; border-width: 10px 0px 0px; border-top-style: solid; border-top-color: rgb(0, 37, 87); font-size: 16px; vertical-align: baseline; overflow: hidden; background: rgb(0, 73, 144);">\r\n<header class="wrapper" id="hdr-content" style="margin: 0px auto; padding: 0px; outline: none; max-width: 980px;">\r\n<h1 class="pagetitle" style="line-height: 1em; margin: 0px 12px 0px 0px; padding: 0px; outline: none; border: 0px; font-family: proxima-nova-condensed, proxima-nova, ''Proxima Nova'', HelveticaNeue, ''Helvetica Neue'', Helvetica, sans-serif; font-size: 1.875em; vertical-align: baseline; font-stretch: normal; color: rgb(255, 255, 255); float: left;">Organizing</h1>\r\n</header>\r\n</div>\r\n\r\n<div class="post" style="font-family: inherit; font-style: inherit; font-weight: inherit; line-height: 20.7999992370605px; margin: 0px; padding: 0px; outline: none; border: 0px; font-size: 16px; vertical-align: baseline;">\r\n<div class="entry" style="margin: 0px 0px 1.5em; padding: 0px 0px 1.5em; outline: none; border: 0px; font-family: inherit; font-style: inherit; vertical-align: baseline;">\r\n<h2 style="line-height: 1em; margin: 20px 0px 10px; padding: 18px 0px 10px 20px; outline: none; border-width: 10px 0px 1px; border-top-style: solid; border-bottom-style: dotted; border-top-color: rgb(255, 196, 37); border-bottom-color: rgb(0, 73, 144); font-family: proxima-nova-condensed, proxima-nova, ''Proxima Nova'', HelveticaNeue, ''Helvetica Neue'', Helvetica, sans-serif; font-size: 1.875em; vertical-align: baseline; font-stretch: normal; color: rgb(0, 73, 144); min-height: 30px; background-image: url(http://www.ufcw.org/wp-content/themes/ufcw/images/bg_hdr.png); background-attachment: initial; background-size: initial; background-origin: initial; background-clip: initial; background-position: 0% 22px; background-repeat: no-repeat;">Internal and External with Local 5</h2>\r\n\r\n<p>In the Labor Movement, we have two kinds of organizing:<strong><em> internal and external</em></strong>. &nbsp;Both are critically important.</p>\r\n\r\n<p><br />\r\nInternal organizing is about cultivating&nbsp;Solidarity&nbsp;among the current membership.This is crucial to negotiating strong contracts with the employers.&nbsp;It involves encouraging our members to stand strong together and participate as active volunteers.&nbsp;It starts with simple steps like showing our support for UFCW 8 at work and sharing our enthusiasm with our co-workers and management.&nbsp;In this way, the company will appreciate how its work force will refuse to be intimidated by unreasonable demands when bargaining time comes around.</p>\r\n\r\n<p>External organizing involves helping non-Union workers understand how joining a Union will improve their lives through better wages, benefits and working conditions.</p>\r\n\r\n<p>When more workers <span style="font-size: 16px; line-height: 20.7999992370605px;">join together to achieve better wages, better benefits, respect on the job, and a stronger voice in workplace decisions can be accomplished. With the help of a union, workers negotiate a contract with their employer to ensure these things.</span></p>\r\n</div>\r\n</div>\r\n', 'b53b3a3d6ab90ce0268229151c9bde11.png', '2015-03-24 15:05:54', '2.3', 1, '', '', '', '', '', 1, 1),
(532, '', '<h3><img alt="" src="http://ufcw5.org/wp-content/uploads/2015/03/vote.jpg" style="width: 280px; height: 117px;" /></h3>\r\n\r\n<h2 style="margin: 20px 0px 10px; padding: 18px 0px 10px 20px; outline: none; border-width: 10px 0px 1px; border-top-style: solid; border-bottom-style: dotted; border-top-color: rgb(255, 196, 37); border-bottom-color: rgb(0, 73, 144); font-family: proxima-nova-condensed, proxima-nova, ''Proxima Nova'', HelveticaNeue, ''Helvetica Neue'', Helvetica, sans-serif; font-size: 1.875em; vertical-align: baseline; font-stretch: normal; line-height: 1em; color: rgb(0, 73, 144); min-height: 30px; background-image: url(http://www.ufcwaction.org/wp-content/themes/ufcw/images/bg_hdr.png); background-attachment: initial; background-size: initial; background-origin: initial; background-clip: initial; background-position: 0% 22px; background-repeat: no-repeat;">Protect Your Right to Vote. Be Heard. It&rsquo;s Your Right.</h2>\r\n\r\n<p style="margin: 0px 0px 10px; padding: 0px; outline: none; border: 0px; font-family: proxima-nova, ''Proxima Nova'', HelveticaNeue, ''Helvetica Neue'', Helvetica, sans-serif; font-size: 16px; vertical-align: baseline; color: rgb(102, 102, 102); line-height: normal;">Are You Ready to Vote?</p>\r\n\r\n<p style="margin: 0px 0px 10px; padding: 0px; outline: none; border: 0px; font-family: proxima-nova, ''Proxima Nova'', HelveticaNeue, ''Helvetica Neue'', Helvetica, sans-serif; font-size: 16px; vertical-align: baseline; color: rgb(102, 102, 102); line-height: normal;">&ndash;Check Your Voter Registration Status</p>\r\n\r\n<p style="margin: 0px 0px 10px; padding: 0px; outline: none; border: 0px; font-family: proxima-nova, ''Proxima Nova'', HelveticaNeue, ''Helvetica Neue'', Helvetica, sans-serif; font-size: 16px; vertical-align: baseline; color: rgb(102, 102, 102); line-height: normal;">&ndash;Locate Your Polling Place</p>\r\n\r\n<p style="margin: 0px 0px 10px; padding: 0px; outline: none; border: 0px; font-family: proxima-nova, ''Proxima Nova'', HelveticaNeue, ''Helvetica Neue'', Helvetica, sans-serif; font-size: 16px; vertical-align: baseline; color: rgb(102, 102, 102); line-height: normal;">&ndash;Check to See if You Need ID to Vote</p>\r\n\r\n<p style="margin: 0px 0px 10px; padding: 0px; outline: none; border: 0px; font-family: proxima-nova, ''Proxima Nova'', HelveticaNeue, ''Helvetica Neue'', Helvetica, sans-serif; font-size: 16px; vertical-align: baseline; color: rgb(102, 102, 102); line-height: normal;">&ndash;Considering Voting Early or Absentee?</p>\r\n\r\n<p style="margin: 0px 0px 10px; padding: 0px; outline: none; border: 0px; font-family: proxima-nova, ''Proxima Nova'', HelveticaNeue, ''Helvetica Neue'', Helvetica, sans-serif; font-size: 16px; vertical-align: baseline; color: rgb(102, 102, 102); line-height: normal;"><a href="http://www.canivote.org/" style="margin: 0px; padding: 0px; outline: none; border: 0px; font-family: inherit; font-style: inherit; font-weight: inherit; vertical-align: baseline; color: rgb(60, 90, 152); text-decoration: none;" target="_blank">www.canivote.org</a><strong style="margin: 0px; padding: 0px; outline: none; border: 0px; font-family: inherit; font-style: inherit; vertical-align: baseline;">&nbsp;or call 866-OUR-VOTE (866-687-8683)</strong></p>\r\n\r\n<p>&nbsp;</p>\r\n', '66f041e16a60928b05a7e228a89c3799.png', '2015-03-24 15:06:03', '2.4', 1, '', '', '', '', '', 1, 1),
(533, '', '<h2><em>Shop Union and Patronize Union Workplaces.&nbsp;</em></h2>\r\n\r\n<p><img alt="" src="http://ufcw648.org/wp-content/uploads/2014/03/Screen-Shot-2014-03-20-at-5.47.08-PM.png" style="width: 280px; height: 100px;" /></p>\r\n\r\n<div id="hdr" style="font-family: inherit; font-style: inherit; font-weight: inherit; line-height: 20.7999992370605px; margin: 0px 0px 10px; padding: 10px; outline: none; border-width: 10px 0px 0px; border-top-style: solid; border-top-color: rgb(0, 37, 87); font-size: 16px; vertical-align: baseline; overflow: hidden; background: rgb(0, 73, 144);">\r\n<header class="wrapper" id="hdr-content" style="margin: 0px auto; padding: 0px; outline: none; max-width: 980px;">\r\n<h1 class="pagetitle" style="line-height: 1em; margin: 0px 12px 0px 0px; padding: 0px; outline: none; border: 0px; font-family: proxima-nova-condensed, proxima-nova, ''Proxima Nova'', HelveticaNeue, ''Helvetica Neue'', Helvetica, sans-serif; font-size: 1.875em; vertical-align: baseline; font-stretch: normal; color: rgb(255, 255, 255); float: left;">Shop Union</h1>\r\n</header>\r\n</div>\r\n\r\n<div class="post" style="font-family: inherit; font-style: inherit; font-weight: inherit; line-height: 20.7999992370605px; margin: 0px; padding: 0px; outline: none; border: 0px; font-size: 16px; vertical-align: baseline;">\r\n<div class="entry" style="margin: 0px 0px 1.5em; padding: 0px 0px 1.5em; outline: none; border: 0px; font-family: inherit; font-style: inherit; vertical-align: baseline;">\r\n<h2 style="line-height: 1em; margin: 20px 0px 10px; padding: 18px 0px 10px 20px; outline: none; border-width: 10px 0px 1px; border-top-style: solid; border-bottom-style: dotted; border-top-color: rgb(255, 196, 37); border-bottom-color: rgb(0, 73, 144); font-family: proxima-nova-condensed, proxima-nova, ''Proxima Nova'', HelveticaNeue, ''Helvetica Neue'', Helvetica, sans-serif; font-size: 1.875em; vertical-align: baseline; font-stretch: normal; color: rgb(0, 73, 144); min-height: 30px; background-image: url(http://www.ufcw.org/wp-content/themes/ufcw/images/bg_hdr.png); background-attachment: initial; background-size: initial; background-origin: initial; background-clip: initial; background-position: 0% 22px; background-repeat: no-repeat;">Work Union. Shop Union. Stronger Communities</h2>\r\n</div>\r\n</div>\r\n\r\n<p>When you choose to patronize a union workplace, you are making a choice to support your community and a better quality of life for the people who live there. By having a voice in the workplace, union members can improve working conditions for ourselves and the people we serve every day. Grocery and Meat Retail Health Care Printing Other Industries Why Patronizing Union Matters Union members, on average get paid more in wages, get better health benefits, vacation, sick leave and retirement plan than non-union members. And union members have a contract with their employer that helps protects them from favoritism and unjust treatment on the job.</p>\r\n\r\n<p>As a customer or patient, where you choose to spend your money and get your health care sends a message. Thank you for choosing a union workplace when shopping. It makes a difference. Promote your union workplace or business Do you want to promote your union shop in the San Francisco area? Please contact Local 5 by email at <a href="mailto:ufcwsj@gmail.com">ufcwsj@gmail.com</a>. We are happy to list all union businesses on our website for free. For paid listings or advertising promotions, email for details. Work Union, Shop Union, Live Union!</p>\r\n', '', '2015-03-24 15:06:13', '2.5', 1, '', '', '', '', '', 0, 1),
(534, 'What is SCBTC ?', 'For decades in Santa Clara and San Benito County, the Building & Construction Trades Council has been the driving force for excellence in the construction industry in the bay area.\r\n\r\nThe twenty-three craft unions affiliated with the council represent over 30,000 highly trained, skilled construction industry workers employed in Silicon Valley.\r\n\r\nThrough the efforts of the Building Trades Council, Silicon Valley has enjoyed the highest level of professionalism and training in step with the increasingly demanding requirements of the region''s high technology companies and developers. \r\n\r\nUnion crafts people are twenty-nine percent more productive than or non-union counterparts.\r\nFor a job done on time, at budget and the best quality, build it union.', '', '2015-02-17 08:13:45', '10.1', 3, NULL, NULL, NULL, NULL, NULL, NULL, 1),
(535, 'Affiliates', '<ol>\r\n	<li>\r\n	<h2 style="font-style:italic;"><strong>Affiliated Local Unions Asbestos Workers 16</strong></h2>\r\n	</li>\r\n	<li><samp><strong>Boilermakers </strong>549 Bricklayers &amp; Allied Craftworkers 3</samp></li>\r\n	<li><cite>Northern California Carpenters Regional Council Carpenters 405</cite></li>\r\n	<li><cite>Carpet &amp; Linoleum 12</cite></li>\r\n	<li>Cement Masons 400</li>\r\n	<li>District Council 16</li>\r\n	<li>Drywall / Lathers 9144</li>\r\n	<li>Electricians 332</li>\r\n	<li>Elevator Constructors&nbsp;8</li>\r\n	<li>Glaziers 1621 Iron Workers 377</li>\r\n	<li>Laborers 270 Operator Engineers</li>\r\n	<li>3 Painters 507 Plasterers 300 Plumbers &amp; Steam Fitters 393</li>\r\n	<li>Roofers &amp; Waterproofers 95 Millmen 262 Millwrights</li>\r\n	<li>102 Sheet Metal Workers 104 Sign, Display</li>\r\n	<li>510 Sprinkler Fitters</li>\r\n	<li><strong>483 Teamsters 287</strong></li>\r\n</ol>\r\n', '', '2015-03-13 09:58:19', '10.2', 3, '', '', '', '', '', 0, 1),
(536, 'Endorsements', '<b>a.	By National, State and Local Counties</b>\r\n<br><ul><li>National\r\n</li><li>State&nbsp;	</li><li>Counties&nbsp;	</li></ul><ol><li>Alameda\r\n</li><li>Contra Costa\r\n</li><li>Marin\r\n</li><li>Napa\r\n</li><li>San Francisco\r\n</li><li>San Mateo\r\n</li><li>Santa Clara\r\n</li><li>Solano\r\n</li><li>Sonoma</li></ol>', '', '2015-03-12 06:01:14', '11.1', 3, '', '', '', '', '', 0, 1),
(537, 'Volunteer', '<h3><b>Get Involved</b></h3><ol><li> Upcoming Events</li><li>&nbsp;Building Trade Meetings</li></ol><br>', '', '2015-03-12 06:04:28', '11.2', 3, '', '', '', '', '', 0, 1),
(538, 'Upcoming Events', 'This is the article for Upcoming Events.', '', NULL, '12.1', 3, NULL, NULL, NULL, NULL, NULL, NULL, 1),
(539, 'Building Trade Meetings', 'This is the article for Building Trade Meetings.', '', NULL, '12.2', 3, NULL, NULL, NULL, NULL, NULL, NULL, 1),
(540, 'lmlkm', 'mlkmklmlkklmk', '', '2015-03-04 05:58:57', 'news', 1, '', '', '', '', '', NULL, 1),
(541, 'a', 'a', '', '2015-03-05 21:41:03', '', 1, '', '', '', '', '', NULL, 1),
(542, 'a', 'a', '', '2015-03-05 21:41:27', '', 1, '', '', '', '', '', NULL, 1),
(543, '', 'This is my first <u>news </u><b>article.</b><br>&nbsp;Hello World<br><br>', '', '2015-03-06 02:13:22', '', 1, '', '', '', '', '', NULL, 1),
(544, 'News Titleee Testing.', 'This is my first <u>news </u><b>article.</b><br><blockquote></blockquote><ul><li>&nbsp;Hello World</li><li>&nbsp;Lorem Ipsum</li></ul><img alt="" src="http://"><img alt="" src="http://2.bp.blogspot.com/-ZVxEkrY04Fs/U15D5uCL-xI/AAAAAAAAOdQ/pJ-Wc99LmPY/s1600/logo_col_874x288.png"><br>', '', '2015-03-06 02:14:36', '', 1, '', '', '', '', '', NULL, 1),
(545, '', '', '', '2015-03-06 02:16:39', '', 1, '', '', '', '', '', NULL, 1),
(546, 'Shop Union Article', 'Article goes here.', '', '2015-03-05 16:17:50', '', 1, '', '', '', '', '', NULL, 1),
(547, 'Shop Union Article', 'Article goes here.', '', '2015-03-05 16:18:02', '', 1, '', '', '', '', '', NULL, 1),
(548, 'Shop Union Article', 'Article goes here', '', '2015-03-05 16:21:36', '', 1, '', '', '', '', '', NULL, 1),
(549, 'Shop Union', '<p style="color: rgb(0, 0, 0); font-family: Arial, Helvetica, sans-serif; font-size: 12.8000001907349px; font-style: normal; font-variant: normal; font-weight: normal; letter-spacing: normal; line-height: 19.2000007629395px; orphans: auto; text-align: start; text-indent: 0px; text-transform: none; white-space: normal; widows: 1; word-spacing: 0px; -webkit-text-stroke-width: 0px; background-color: rgb(255, 255, 255);"><img alt="" src="http://ufcw648.org/wp-content/uploads/2014/03/9774249_1.jpg" style="width: 300px; height: 252px; float: left;" />Without doubt one great advantage of being a union member is better than average wages and benefits. And without doubt, when workers earn good wages the entire community benefits. Good income means there is more money to spend throughout the community and workers with good incomes are not dependent on government subsidies or public health services.<br />\r\n<br />\r\nBecause union workers on average earn anywhere from 20% to 40% more in hourly wages than non-union, and have superior health and welfare benefits, their spending power is stronger. And in a community a where residents have good incomes better businesses and services are attracted to the community. Therefore, shopping at union stores not only benefits the employee but the local community as a whole.</p>\r\n\r\n<p>In addition, union workers at these markets have excellent pensions, and when they retire and remain in community they are able to continue their life styles. Union workers generally enjoy respect and dignity on the job, job security and safer work environments. A portion of consumer dollars go back into the community rather than solely into the pockets of corporate executives.</p>\r\n\r\n<p style="color: rgb(0, 0, 0); font-family: Arial, Helvetica, sans-serif; font-size: 12.8000001907349px; font-style: normal; font-variant: normal; font-weight: normal; letter-spacing: normal; line-height: 19.2000007629395px; orphans: auto; text-align: start; text-indent: 0px; text-transform: none; white-space: normal; widows: 1; word-spacing: 0px; -webkit-text-stroke-width: 0px; background-color: rgb(255, 255, 255);">Keep your community strong by shopping at these and other union shops.</p>\r\n\r\n<p style="color: rgb(0, 0, 0); font-family: Arial, Helvetica, sans-serif; font-size: 12.8000001907349px; font-style: normal; font-variant: normal; font-weight: normal; letter-spacing: normal; line-height: 19.2000007629395px; orphans: auto; text-align: start; text-indent: 0px; text-transform: none; white-space: normal; widows: 1; word-spacing: 0px; -webkit-text-stroke-width: 0px; background-color: rgb(255, 255, 255);"><img alt="" src="http://ufcw648.org/wp-content/uploads/2014/03/Screen-Shot-2014-03-20-at-5.47.08-PM.png" style="float: left; width: 375px; height: 120px;" /></p>\r\n\r\n<table style="border-collapse: collapse; width: 689px; color: rgb(0, 0, 0); font-family: Arial, Helvetica, sans-serif; font-size: 12.8000001907349px; font-style: normal; font-variant: normal; font-weight: normal; letter-spacing: normal; line-height: 19.2000007629395px; orphans: auto; text-align: start; text-indent: 0px; text-transform: none; white-space: normal; widows: 1; word-spacing: 0px; -webkit-text-stroke-width: 0px; background-color: rgb(255, 255, 255);">\r\n	<tbody style="border-top-width: 1px; border-top-style: solid; border-top-color: rgb(204, 204, 204);">\r\n		<tr>\r\n			<td style="border: 1px solid rgb(187, 187, 187); padding: 0px 6px;">\r\n			<p><strong>Stay out of non-union stores!</strong></p>\r\n			</td>\r\n		</tr>\r\n	</tbody>\r\n</table>\r\n', '', '2015-03-16 16:46:18', '15', 1, '', '', '', '', '', 0, 1),
(550, 'Shop Union Article For SCBTC', 'Article will go here.', '', '2015-03-06 10:08:59', '16', 3, '', '', '', '', '', NULL, 1),
(551, '2nd article', 'article goes here.', '', '2015-03-06 10:09:21', '16', 3, '', '', '', '', '', NULL, 1),
(552, 'Who is UFCW 648', '<div class="post" style="font-family: inherit; font-style: inherit; font-weight: inherit; line-height: 20.7999992370605px; margin: 0px; padding: 0px; outline: none; border: 0px; font-size: 16px; vertical-align: baseline;">\r\n<div class="entry" style="margin: 0px 0px 1.5em; padding: 0px 0px 1.5em; outline: none; border: 0px; font-family: inherit; font-style: inherit; vertical-align: baseline;">\r\n<h2 style="line-height: 1em; margin: 20px 0px 10px; padding: 18px 0px 10px 20px; outline: none; border-width: 10px 0px 1px; border-top-style: solid; border-bottom-style: dotted; border-top-color: rgb(255, 196, 37); border-bottom-color: rgb(0, 73, 144); font-family: proxima-nova-condensed, proxima-nova, ''Proxima Nova'', HelveticaNeue, ''Helvetica Neue'', Helvetica, sans-serif; font-size: 1.875em; vertical-align: baseline; font-stretch: normal; color: rgb(0, 73, 144); min-height: 30px; background-image: url(http://www.ufcw.org/wp-content/themes/ufcw/images/bg_hdr.png); background-attachment: initial; background-size: initial; background-origin: initial; background-clip: initial; background-position: 0% 22px; background-repeat: no-repeat;">UFCW Local 648</h2>\r\n</div>\r\n</div>\r\n\r\n<p style="margin: 5px 0px; padding: 0px; border: 0px; font-size: 14px; vertical-align: baseline; color: rgb(119, 119, 119); font-family: ''Open Sans'', Helvetica, Arial, sans-serif; line-height: 24.8888893127441px; text-align: justify;">We are workers helping other workers to improve wages, benefits, working conditions, and have a true, independent voice in the workplace. UFCW Local 648 has over 4000 members covering San Francisco and parts of Daly City and Pacifica. Established in 1907, UFCW Local 648 is a progressive organization, constantly striving to represent the members&rsquo; interests to the fullest extent at the workplace and in the community. UFCW Local 648 has bargained contracts over the years that have ensured its members have health insurance, pensions, good wages and job security. The officers and staff of the local are very involved in political and community activities, making the union&rsquo;s impact felt and our voices heard.</p>\r\n\r\n<p style="margin: 5px 0px; padding: 0px; border: 0px; font-size: 14px; vertical-align: baseline; color: rgb(119, 119, 119); font-family: ''Open Sans'', Helvetica, Arial, sans-serif; line-height: 24.8888893127441px;">&nbsp;</p>\r\n\r\n<p style="margin: 5px 0px; padding: 0px; border: 0px; font-size: 14px; vertical-align: baseline; color: rgb(119, 119, 119); font-family: ''Open Sans'', Helvetica, Arial, sans-serif; line-height: 24.8888893127441px; text-align: justify;"><img alt="" src="http://ufcw648.org/wp-content/uploads/2014/03/Screen-Shot-2014-03-13-at-10.08.51-AM.png" style="height: 300px; width: 280px;" /></p>\r\n\r\n<p style="margin: 5px 0px; padding: 0px; border: 0px; font-size: 14px; vertical-align: baseline; color: rgb(119, 119, 119); font-family: ''Open Sans'', Helvetica, Arial, sans-serif; line-height: 24.8888893127441px; text-align: justify;">UFCW Local 648 is one of hundreds of local unions, spread from coast to coast, which belong to the United Food and Commercial Workers International Union. Representing 1.3 million members from both the private and public sectors, the UFCW is one of the largest unions in the United States.San Francisco is a one of a kind city that has its own unique history, geography and demographics, (according to the 2010 Census, over 45% of the population speaks another language in their home). San Francisco is a destination for tourists from all over the country and world. It is a desirable place to visit, live and do business in but it is challenging climate for our members to work and survive in San Francisco with its high cost of living.</p>\r\n\r\n<p style="margin: 5px 0px; padding: 0px; border: 0px; font-size: 14px; vertical-align: baseline; color: rgb(119, 119, 119); font-family: ''Open Sans'', Helvetica, Arial, sans-serif; line-height: 24.8888893127441px;">&nbsp;</p>\r\n\r\n<p style="margin: 5px 0px; padding: 0px; border: 0px; font-size: 14px; vertical-align: baseline; color: rgb(119, 119, 119); font-family: ''Open Sans'', Helvetica, Arial, sans-serif; line-height: 24.8888893127441px; text-align: justify;"><span style="color: rgb(119, 119, 119); font-family: ''Open Sans'', Helvetica, Arial, sans-serif; font-size: 14px; line-height: 24.8888893127441px; text-align: justify;">As we move forward into the next century of our union history, Local 648 plans to continue organizing and building our very unique union in very unique ways. We stand with and for our members now as we have in the past. We want and encourage involvement from our members, current and retired, as we attack the future. This is San Francisco. This City was built by labor. This is our City. This is our Union. This is UFCW Local 648. We represent you!</span></p>\r\n', '', '2015-03-23 12:41:44', '17.1', 4, '', '', '', '', '', 0, 1),
(553, 'What is a Union? ', '<p><img alt="" src="http://ufcw648.org/wp-content/uploads/2014/04/DSC0223.jpg" style="width: 280px; height: 186px;" /></p>\r\n\r\n<div id="hdr" style="font-family: inherit; font-style: inherit; font-weight: inherit; line-height: 20.7999992370605px; margin: 0px 0px 10px; padding: 10px; outline: none; border-width: 10px 0px 0px; border-top-style: solid; border-top-color: rgb(0, 37, 87); font-size: 16px; vertical-align: baseline; overflow: hidden; background: rgb(0, 73, 144);">\r\n<header class="wrapper" id="hdr-content" style="margin: 0px auto; padding: 0px; outline: none; max-width: 980px;">\r\n<h1 class="pagetitle" style="line-height: 1em; margin: 0px 12px 0px 0px; padding: 0px; outline: none; border: 0px; font-family: proxima-nova-condensed, proxima-nova, ''Proxima Nova'', HelveticaNeue, ''Helvetica Neue'', Helvetica, sans-serif; font-size: 1.875em; vertical-align: baseline; font-stretch: normal; color: rgb(255, 255, 255); float: left;">What is a Union?</h1>\r\n</header>\r\n</div>\r\n\r\n<div class="post" style="font-family: inherit; font-style: inherit; font-weight: inherit; line-height: 20.7999992370605px; margin: 0px; padding: 0px; outline: none; border: 0px; font-size: 16px; vertical-align: baseline;">\r\n<div class="entry" style="margin: 0px 0px 1.5em; padding: 0px 0px 1.5em; outline: none; border: 0px; font-family: inherit; font-style: inherit; vertical-align: baseline;">\r\n<h4 style="line-height: 1em; margin: 20px 0px 10px; padding: 18px 0px 10px 20px; outline: none; border-width: 10px 0px 1px; border-top-style: solid; border-bottom-style: dotted; border-top-color: rgb(255, 196, 37); border-bottom-color: rgb(0, 73, 144); font-family: proxima-nova-condensed, proxima-nova, ''Proxima Nova'', HelveticaNeue, ''Helvetica Neue'', Helvetica, sans-serif; font-size: 1.875em; vertical-align: baseline; font-stretch: normal; color: rgb(0, 73, 144); min-height: 30px; background-image: url(http://www.ufcw.org/wp-content/themes/ufcw/images/bg_hdr.png); background-attachment: initial; background-size: initial; background-origin: initial; background-clip: initial; background-position: 0% 22px; background-repeat: no-repeat;">By joining together, working women and men gain strength in numbers in a Union so they can have a voice at work about what they care about.</h4>\r\n\r\n<div><span style="color: rgb(55, 65, 71); font-family: Tahoma, arial, verdana, sans-serif; font-size: 14px; line-height: 24.8888893127441px;">Unions&nbsp;negotiate a contract with their employer for things like a fair and safe workplace, better wages, a secure retirement and family-friendly policies such as paid sick leave and scheduling hours. They have a voice in how their jobs get done, creating a more stable, productive workforce that provides better services and products. Always adapting to the challenges of our nation&rsquo;s evolving workforce, unions are meeting the needs of workers in today&rsquo;s flexible and nontraditional work environments. Because no matter what type of job workers are in, by building power in unions, they can speak out for fairness for all working people in their communities and create better standards and a strong middle class across the country.</span></div>\r\n</div>\r\n</div>\r\n', '', '2015-03-23 12:45:45', '17.2', 4, '', '', '', '', '', 0, 1),
(554, 'Why Join The Union ?', '<p><img alt="" src="http://ufcw648.org/wp-content/uploads/2014/04/DSC0122.jpg" style="width: 280px; height: 186px;" /></p>\r\n\r\n<h2 style="margin: 20px 0px 10px; padding: 18px 0px 10px 20px; outline: none; border-width: 10px 0px 1px; border-top-style: solid; border-bottom-style: dotted; border-top-color: rgb(255, 196, 37); border-bottom-color: rgb(0, 73, 144); font-family: proxima-nova-condensed, proxima-nova, ''Proxima Nova'', HelveticaNeue, ''Helvetica Neue'', Helvetica, sans-serif; font-size: 1.875em; vertical-align: baseline; font-stretch: normal; line-height: 1em; color: rgb(0, 73, 144); min-height: 30px; background-image: url(http://www.ufcw.org/wp-content/themes/ufcw/images/bg_hdr.png); background-attachment: initial; background-size: initial; background-origin: initial; background-clip: initial; background-position: 0% 22px; background-repeat: no-repeat;">Become a Member of UFCW Local 648</h2>\r\n\r\n<p style="margin: 0px 0px 10px; padding: 0px; outline: none; border: 0px; font-family: proxima-nova, ''Proxima Nova'', HelveticaNeue, ''Helvetica Neue'', Helvetica, sans-serif; font-size: 16px; vertical-align: baseline; color: rgb(102, 102, 102); line-height: normal;">&nbsp;</p>\r\n\r\n<p>In the United Food and Commercial Workers, you are the union.&nbsp; You come&nbsp;together to talk with your coworkers; you nominate and elect union officers; you determine the working conditions and concerns that will be bargained in a contract; you will be part of a larger movement to improve the lives of working men and women in the workplace and in their communities.</p>\r\n\r\n<p>The more workers join together for the good of all, the more management listens to what they have to say.</p>\r\n\r\n<div id="gform_wrapper_4">\r\n<form action="http://www.ufcw.org/resources/become-a-member/" enctype="multipart/form-data" id="gform_4" method="post">\r\n<h3>Become a Member</h3>\r\nIf you are interested in learning more about how you and your coworkers can join with us and find your voice, drop us a line or send us an email at <a href="mailto:dlarson@ufcw648.org?subject=Organize%20my%20workplace">dlarson@ufcw648.org</a> and we will help you to organize your workplace.</form>\r\n</div>\r\n', '', '2015-03-23 12:48:33', '17.3', 4, '', '', '', '', '', NULL, 1),
(555, 'Union Advantage', '<p><img alt="" src="http://ufcw648.org/wp-content/uploads/2014/03/International-Scholarship-2015_Page_1.jpg" style="width: 280px; height: 172px;" /></p>\r\n\r\n<p>&nbsp;</p>\r\n\r\n<div id="hdr" style="font-family: inherit; font-style: inherit; font-weight: inherit; line-height: 20.7999992370605px; margin: 0px 0px 10px; padding: 10px; outline: none; border-width: 10px 0px 0px; border-top-style: solid; border-top-color: rgb(0, 37, 87); font-size: 16px; vertical-align: baseline; overflow: hidden; background: rgb(0, 73, 144);">\r\n<header class="wrapper" id="hdr-content" style="margin: 0px auto; padding: 0px; outline: none; max-width: 980px;">\r\n<h1 class="pagetitle" style="line-height: 1em; margin: 0px 12px 0px 0px; padding: 0px; outline: none; border: 0px; font-family: proxima-nova-condensed, proxima-nova, ''Proxima Nova'', HelveticaNeue, ''Helvetica Neue'', Helvetica, sans-serif; font-size: 1.875em; vertical-align: baseline; font-stretch: normal; color: rgb(255, 255, 255); float: left;">The Union Advantage</h1>\r\n</header>\r\n</div>\r\n\r\n<div class="post" style="font-family: inherit; font-style: inherit; font-weight: inherit; line-height: 20.7999992370605px; margin: 0px; padding: 0px; outline: none; border: 0px; font-size: 16px; vertical-align: baseline;">\r\n<div class="entry" style="margin: 0px 0px 1.5em; padding: 0px 0px 1.5em; outline: none; border: 0px; font-family: inherit; font-style: inherit; vertical-align: baseline;">\r\n<h4 style="margin: 20px 0px 10px; padding: 18px 0px 10px 20px; outline: none; border-width: 10px 0px 1px; border-top-style: solid; border-bottom-style: dotted; border-top-color: rgb(255, 196, 37); border-bottom-color: rgb(0, 73, 144); font-family: proxima-nova-condensed, proxima-nova, ''Proxima Nova'', HelveticaNeue, ''Helvetica Neue'', Helvetica, sans-serif; font-size: 1.875em; vertical-align: baseline; font-stretch: normal; line-height: 1em; color: rgb(0, 73, 144); min-height: 30px; background-image: url(http://www.ufcw.org/wp-content/themes/ufcw/images/bg_hdr.png); background-attachment: initial; background-size: initial; background-origin: initial; background-clip: initial; background-position: 0% 22px; background-repeat: no-repeat;"><a href="http://www.ufcw.org/about/opportunities/scholarship/" style="margin: 0px; padding: 0px; outline: none; border: 0px; font-family: inherit; font-style: inherit; font-weight: inherit; vertical-align: baseline; color: rgb(60, 90, 152); text-decoration: none;" title="Education and Scholarship">Education,&nbsp;Scholarship</a>, Discounts and More</h4>\r\n\r\n<p style="margin: 0px 0px 10px; padding: 0px; outline: none; border: 0px; font-family: proxima-nova, ''Proxima Nova'', HelveticaNeue, ''Helvetica Neue'', Helvetica, sans-serif; vertical-align: baseline; color: rgb(102, 102, 102); line-height: normal;">Did you know as a union member, you are eligible for a number of scholarships and education-related opportunities? Check out a few of the opportunities on our&nbsp;<a href="http://ufcw648.org/ufcw-scholarships/" style="margin: 0px; padding: 0px; outline: none; border: 0px; font-family: inherit; font-style: inherit; font-weight: inherit; vertical-align: baseline; color: rgb(60, 90, 152); text-decoration: none;" title="Education and Scholarship">Scholarship&nbsp;</a>page.</p>\r\n\r\n<p style="margin: 0px 0px 10px; padding: 0px; outline: none; border: 0px; font-family: proxima-nova, ''Proxima Nova'', HelveticaNeue, ''Helvetica Neue'', Helvetica, sans-serif; vertical-align: baseline; color: rgb(102, 102, 102); line-height: normal;">There are also great discounts available to UFCW members through the Union Plus program. From lowering your phone bill to saving on moving expenses, Union Plus offers some great ways for members to stretch their paychecks just a bit further.</p>\r\n\r\n<ul style="margin: 0px 0px 1.625em 2.5em; padding-right: 0px; padding-left: 0px; outline: none; border: 0px; font-family: proxima-nova, ''Proxima Nova'', HelveticaNeue, ''Helvetica Neue'', Helvetica, sans-serif; vertical-align: baseline; color: rgb(102, 102, 102); line-height: normal;">\r\n	<li style="margin: 0px; padding: 0px; outline: none; border: 0px; font-family: inherit; font-style: inherit; font-weight: inherit; vertical-align: baseline;"><a href="http://www.ufcw.org/about/opportunities/union-plus-discounts/" style="margin: 0px; padding: 0px; outline: none; border: 0px; font-family: inherit; font-style: inherit; font-weight: inherit; vertical-align: baseline; color: rgb(60, 90, 152); text-decoration: none;" title="Union Plus Discounts">Union Plus</a></li>\r\n</ul>\r\n</div>\r\n</div>\r\n', '', '2015-03-23 12:55:56', '17.4', 4, '', '', '', '', '', 0, 1),
(556, 'Safeway Update', '<h1 style="margin: 0px; padding: 10px 0px; border: 0px; font-size: 30px; vertical-align: baseline; clear: both; color: rgb(51, 51, 50); line-height: 1.6; font-family: ''Open Sans'', Helvetica, Arial, sans-serif;">Your current contract is on extension.</h1>\r\n\r\n<ul style="margin: 0px 0px 0px 20px; padding-right: 0px; padding-left: 0px; border: 0px; font-size: 14px; vertical-align: baseline; color: rgb(119, 119, 119); font-family: ''Open Sans'', Helvetica, Arial, sans-serif; line-height: 24.8888893127441px;">\r\n	<li style="margin: 0px; padding: 0px; border: 0px; vertical-align: baseline;">\r\n	<h4 style="margin: 0px; padding: 10px 0px; border: 0px; font-size: 19px; vertical-align: baseline; clear: both; color: rgb(51, 51, 50); line-height: 1.6;">Negotiation meetings scheduled for February 11, 24 &amp; 25, 2015</h4>\r\n	</li>\r\n	<li style="margin: 0px; padding: 0px; border: 0px; vertical-align: baseline;">\r\n	<h4 style="margin: 0px; padding: 10px 0px; border: 0px; font-size: 19px; vertical-align: baseline; clear: both; color: rgb(51, 51, 50); line-height: 1.6;">December 4, 2014 update: Local 648 has met twice with Safeway regarding your contract. We hope to have a resolution to these talks very soon.</h4>\r\n	</li>\r\n</ul>\r\n', '', '2015-03-23 13:25:59', '23', 4, '', '', '', '', '', NULL, 1),
(557, 'Membership Meeting', '<p style="margin: 5px 0px; padding: 0px; border: 0px; font-size: 14px; vertical-align: baseline; color: rgb(119, 119, 119); font-family: ''Open Sans'', Helvetica, Arial, sans-serif; line-height: 24.8888893127441px;">Local 648 conducts general membership meetings on a monthly basis. These meetings are important and, as a member,&nbsp;<img alt="Membership Meeting" class="alignright  wp-image-382" height="139" src="http://ufcw648.org/wp-content/uploads/2014/03/DSC0129-300x199.jpg" style="margin: 5px 0px 15px 15px; padding: 0px; border: 0px; vertical-align: bottom; max-width: 100%; height: auto; float: right;" width="210" />you are encouraged to attend and participate in the events of your Union.</p>\r\n\r\n<p style="margin: 5px 0px; padding: 0px; border: 0px; font-size: 14px; vertical-align: baseline; color: rgb(119, 119, 119); font-family: ''Open Sans'', Helvetica, Arial, sans-serif; line-height: 24.8888893127441px;">The General Membership meeting is held on the 1<span style="margin: 0px; padding: 0px; border: 0px; font-size: 10.5px; vertical-align: baseline; line-height: 0; position: relative; top: -0.5em;">st</span>&nbsp;Thursday of the every month at 7pm at the union hall located at:&nbsp;&nbsp;<span style="margin: 0px; padding: 0px; border: 0px; vertical-align: baseline; color: rgb(51, 102, 255);"><a href="https://www.google.com/maps/preview?q=1980+Mission+Street+San+Francisco,+CA+94103-3489&amp;ie=UTF-8&amp;hq=&amp;hnear=0x808f7e23a2acc9af:0xa74f34a73823a1f5,1980+Mission+St,+San+Francisco,+CA+94103&amp;gl=us&amp;ei=gRMhU82tEcXuoASj84I4&amp;ved=0CCcQ8gEwAA" style="margin: 0px; padding: 0px; border: 0px; vertical-align: baseline; color: rgb(56, 56, 56); text-decoration: none;"><span style="margin: 0px; padding: 0px; border: 0px; vertical-align: baseline; color: rgb(51, 102, 255);">1980 Mission Street in San Francisco</span></a>.&nbsp;</span>The purpose of these meetings is to keep members informed of current events affecting the membership. Your participation is encouraged.</p>\r\n\r\n<p style="margin: 5px 0px; padding: 0px; border: 0px; font-size: 14px; vertical-align: baseline; color: rgb(119, 119, 119); font-family: ''Open Sans'', Helvetica, Arial, sans-serif; line-height: 24.8888893127441px;">You have the opportunity to ask your Union President and Representatives any questions you may have. We also welcome any suggestions that will help keep our Union strong. You have an equal voice and can vote in deciding what Local 648 does and how it does it. You can do this by attending the Union meetings.</p>\r\n', '', '2015-03-23 13:26:47', '24', 4, '', '', '', '', '', NULL, 1),
(558, 'Membership Meeting', '<p style="margin: 5px 0px; padding: 0px; border: 0px; font-size: 14px; vertical-align: baseline; color: rgb(119, 119, 119); font-family: ''Open Sans'', Helvetica, Arial, sans-serif; line-height: 24.8888893127441px;">Local 648 conducts general membership meetings on a monthly basis. These meetings are important and, as a member,&nbsp;<img alt="Membership Meeting" class="alignright  wp-image-382" height="139" src="http://ufcw648.org/wp-content/uploads/2014/03/DSC0129-300x199.jpg" style="margin: 5px 0px 15px 15px; padding: 0px; border: 0px; vertical-align: bottom; max-width: 100%; height: auto; float: right;" width="210" />you are encouraged to attend and participate in the events of your Union.</p>\r\n\r\n<p style="margin: 5px 0px; padding: 0px; border: 0px; font-size: 14px; vertical-align: baseline; color: rgb(119, 119, 119); font-family: ''Open Sans'', Helvetica, Arial, sans-serif; line-height: 24.8888893127441px;">The General Membership meeting is held on the 1<span style="margin: 0px; padding: 0px; border: 0px; font-size: 10.5px; vertical-align: baseline; line-height: 0; position: relative; top: -0.5em;">st</span>&nbsp;Thursday of the every month at 7pm at the union hall located at:&nbsp;&nbsp;<span style="margin: 0px; padding: 0px; border: 0px; vertical-align: baseline; color: rgb(51, 102, 255);"><a href="https://www.google.com/maps/preview?q=1980+Mission+Street+San+Francisco,+CA+94103-3489&amp;ie=UTF-8&amp;hq=&amp;hnear=0x808f7e23a2acc9af:0xa74f34a73823a1f5,1980+Mission+St,+San+Francisco,+CA+94103&amp;gl=us&amp;ei=gRMhU82tEcXuoASj84I4&amp;ved=0CCcQ8gEwAA" style="margin: 0px; padding: 0px; border: 0px; vertical-align: baseline; color: rgb(56, 56, 56); text-decoration: none;"><span style="margin: 0px; padding: 0px; border: 0px; vertical-align: baseline; color: rgb(51, 102, 255);">1980 Mission Street in San Francisco</span></a>.&nbsp;</span>The purpose of these meetings is to keep members informed of current events affecting the membership. Your participation is encouraged.</p>\r\n\r\n<p style="margin: 5px 0px; padding: 0px; border: 0px; font-size: 14px; vertical-align: baseline; color: rgb(119, 119, 119); font-family: ''Open Sans'', Helvetica, Arial, sans-serif; line-height: 24.8888893127441px;">You have the opportunity to ask your Union President and Representatives any questions you may have. We also welcome any suggestions that will help keep our Union strong. You have an equal voice and can vote in deciding what Local 648 does and how it does it. You can do this by attending the Union meetings.</p>\r\n', '', '2015-03-23 13:27:03', '25', 4, '', '', '', '', '', NULL, 1);
INSERT INTO `news` (`news_id`, `title`, `description`, `file`, `time_cone`, `category`, `app_id`, `facebook`, `twitter`, `google`, `pinterest`, `social`, `order`, `published`) VALUES
(559, 'Shop Union', '<h3 style="margin: 0px; padding: 10px 0px; border: 0px; font-size: 22px; vertical-align: baseline; clear: both; color: rgb(51, 51, 50); line-height: 1.6; font-family: ''Open Sans'', Helvetica, Arial, sans-serif;">Shop these UFCW Local 648 Businesses</h3>\r\n\r\n<p style="margin: 5px 0px; padding: 0px; border: 0px; font-size: 14px; vertical-align: baseline; color: rgb(119, 119, 119); font-family: ''Open Sans'', Helvetica, Arial, sans-serif; line-height: 24.8888893127441px;"><img alt="shop union" class="alignnone size-full wp-image-776" src="http://ufcw648.org/wp-content/uploads/2014/03/shop-union.png" style="margin: 5px 15px 15px 0px; padding: 0px; border: 0px; vertical-align: bottom; max-width: 100%; height: 90px; display: block; width: 280px;" /></p>\r\n\r\n<h2 style="margin: 0px; padding: 10px 0px; border: 0px; font-size: 25px; vertical-align: baseline; clear: both; color: rgb(51, 51, 50); line-height: 1.6; font-family: ''Open Sans'', Helvetica, Arial, sans-serif;"><em style="margin: 0px; padding: 0px; border: 0px; vertical-align: baseline;"><span style="margin: 0px; padding: 0px; border: 0px; vertical-align: baseline; color: rgb(51, 102, 255);">Promote your union workplace or business</span></em></h2>\r\n\r\n<p style="margin: 5px 0px; padding: 0px; border: 0px; font-size: 14px; vertical-align: baseline; color: rgb(119, 119, 119); font-family: ''Open Sans'', Helvetica, Arial, sans-serif; line-height: 24.8888893127441px;">Do you want to promote your union shop in the San Francisco area? Please contact Local 648 by email at&nbsp;<span style="margin: 0px; padding: 0px; border: 0px; vertical-align: baseline; color: rgb(51, 102, 255);"><a href="mailto:ufcwsf648@gmail.com" style="margin: 0px; padding: 0px; border: 0px; vertical-align: baseline; color: rgb(56, 56, 56); text-decoration: none;"><span style="margin: 0px; padding: 0px; border: 0px; vertical-align: baseline; color: rgb(51, 102, 255);">ufcwsf648@gmail.com</span></a></span>. &nbsp;We are happy to list all union businesses on our website for free. For paid listings or advertising promotions, email for details.</p>\r\n\r\n<h3 style="margin: 0px; padding: 10px 0px; border: 0px; font-size: 22px; vertical-align: baseline; clear: both; color: rgb(51, 51, 50); line-height: 1.6; font-family: ''Open Sans'', Helvetica, Arial, sans-serif; text-align: center;"><span style="margin: 0px; padding: 0px; border: 0px; vertical-align: baseline; color: rgb(51, 102, 255);">Work Union, Shop Union, Live Union!</span></h3>\r\n\r\n<div>&nbsp;</div>\r\n', '', '2015-03-23 13:27:54', '26', 4, '', '', '', '', '', NULL, 1),
(561, 'DISCOUNTS AVAILABLE TO UFCW 648 MEMBERS', '<p align="center" style="margin: 5px 0px; padding: 0px; border: 0px; font-size: 14px; vertical-align: baseline; color: rgb(119, 119, 119); font-family: ''Open Sans'', Helvetica, Arial, sans-serif; line-height: 24.8888893127441px;">&nbsp;</p>\r\n\r\n<p style="margin: 5px 0px; padding: 0px; border: 0px; font-size: 14px; vertical-align: baseline; color: rgb(119, 119, 119); font-family: ''Open Sans'', Helvetica, Arial, sans-serif; line-height: 24.8888893127441px;"><b style="margin: 0px; padding: 0px; border: 0px; vertical-align: baseline;"><span style="margin: 0px; padding: 0px; border: 0px; vertical-align: baseline; text-decoration: underline;">CALIFORNIA ACADEMY OF SCIENCES</span></b></p>\r\n\r\n<p style="margin: 5px 0px; padding: 0px; border: 0px; font-size: 14px; vertical-align: baseline; color: rgb(119, 119, 119); font-family: ''Open Sans'', Helvetica, Arial, sans-serif; line-height: 24.8888893127441px;">Adults (Ages 18-64) $24.00 ($6 savings)</p>\r\n\r\n<p style="margin: 5px 0px; padding: 0px; border: 0px; font-size: 14px; vertical-align: baseline; color: rgb(119, 119, 119); font-family: ''Open Sans'', Helvetica, Arial, sans-serif; line-height: 24.8888893127441px;">Children (Ages 4-11) $16.00 ($4 savings)</p>\r\n\r\n<p style="margin: 5px 0px; padding: 0px; border: 0px; font-size: 14px; vertical-align: baseline; color: rgb(119, 119, 119); font-family: ''Open Sans'', Helvetica, Arial, sans-serif; line-height: 24.8888893127441px;">Youth/Seniors (Ages 12-17 &amp; 65+) $20.00 ($5 savings)</p>\r\n\r\n<p style="margin: 5px 0px; padding: 0px; border: 0px; font-size: 14px; vertical-align: baseline; color: rgb(119, 119, 119); font-family: ''Open Sans'', Helvetica, Arial, sans-serif; line-height: 24.8888893127441px;">Night Life (Must be 21 years &amp; older) $10.00 ($2 savings)</p>\r\n\r\n<p style="margin: 5px 0px; padding: 0px; border: 0px; font-size: 14px; vertical-align: baseline; color: rgb(119, 119, 119); font-family: ''Open Sans'', Helvetica, Arial, sans-serif; line-height: 24.8888893127441px;"><span style="margin: 0px; padding: 0px; border: 0px; vertical-align: baseline; color: rgb(51, 102, 255);"><a href="http://www.calacademy.org/etickets" style="margin: 0px; padding: 0px; border: 0px; vertical-align: baseline; color: rgb(56, 56, 56); text-decoration: none;"><span style="margin: 0px; padding: 0px; border: 0px; vertical-align: baseline; color: rgb(51, 102, 255);">www.calacademy.org/etickets</span></a></span></p>\r\n\r\n<p style="margin: 5px 0px; padding: 0px; border: 0px; font-size: 14px; vertical-align: baseline; color: rgb(119, 119, 119); font-family: ''Open Sans'', Helvetica, Arial, sans-serif; line-height: 24.8888893127441px;">Sales code:&nbsp; UFCW648</p>\r\n\r\n<p style="margin: 5px 0px; padding: 0px; border: 0px; font-size: 14px; vertical-align: baseline; color: rgb(119, 119, 119); font-family: ''Open Sans'', Helvetica, Arial, sans-serif; line-height: 24.8888893127441px;">&nbsp;</p>\r\n\r\n<p style="margin: 5px 0px; padding: 0px; border: 0px; font-size: 14px; vertical-align: baseline; color: rgb(119, 119, 119); font-family: ''Open Sans'', Helvetica, Arial, sans-serif; line-height: 24.8888893127441px;"><b style="margin: 0px; padding: 0px; border: 0px; vertical-align: baseline;"><i style="margin: 0px; padding: 0px; border: 0px; vertical-align: baseline;">PICK THE FOLLOWING TICKETS AT THE UFCW UNION OFFICE 1980 MISSION ST, SAN FRANCISCO, CA:</i></b></p>\r\n\r\n<p style="margin: 5px 0px; padding: 0px; border: 0px; font-size: 14px; vertical-align: baseline; color: rgb(119, 119, 119); font-family: ''Open Sans'', Helvetica, Arial, sans-serif; line-height: 24.8888893127441px;"><b style="margin: 0px; padding: 0px; border: 0px; vertical-align: baseline;"><i style="margin: 0px; padding: 0px; border: 0px; vertical-align: baseline;">Check or Cash Only &ndash; Prices subject to change</i></b></p>\r\n\r\n<p style="margin: 5px 0px; padding: 0px; border: 0px; font-size: 14px; vertical-align: baseline; color: rgb(119, 119, 119); font-family: ''Open Sans'', Helvetica, Arial, sans-serif; line-height: 24.8888893127441px;">&nbsp;</p>\r\n\r\n<p style="margin: 5px 0px; padding: 0px; border: 0px; font-size: 14px; vertical-align: baseline; color: rgb(119, 119, 119); font-family: ''Open Sans'', Helvetica, Arial, sans-serif; line-height: 24.8888893127441px;"><b style="margin: 0px; padding: 0px; border: 0px; vertical-align: baseline;"><span style="margin: 0px; padding: 0px; border: 0px; vertical-align: baseline; text-decoration: underline;">CALIFORNIA GREAT AMERICA</span></b></p>\r\n\r\n<p style="margin: 5px 0px; padding: 0px; border: 0px; font-size: 14px; vertical-align: baseline; color: rgb(119, 119, 119); font-family: ''Open Sans'', Helvetica, Arial, sans-serif; line-height: 24.8888893127441px;">Good Any Day $35.00 ($28 savings on adult admission/$8 savings on child admission)</p>\r\n\r\n<p style="margin: 5px 0px; padding: 0px; border: 0px; font-size: 14px; vertical-align: baseline; color: rgb(119, 119, 119); font-family: ''Open Sans'', Helvetica, Arial, sans-serif; line-height: 24.8888893127441px;">&nbsp;</p>\r', '', '2015-03-23 13:25:01', '22', 4, '', '', '', '', '', NULL, 1),
(562, 'UFCW 648 Shop Steward', '<p style="margin: 0px 0px 10px; padding: 0px; outline: none; border: 0px; font-family: proxima-nova, ''Proxima Nova'', HelveticaNeue, ''Helvetica Neue'', Helvetica, sans-serif; font-size: 16px; vertical-align: baseline; color: rgb(102, 102, 102); line-height: normal;"><img alt="" src="http://ufcw5.org/wp-content/uploads/2015/03/Screen-Shot-2015-03-16-at-2.23.16-PM.png" style="width: 280px; height: 146px;" /></p>\r\n\r\n<h2 style="margin: 20px 0px 10px; padding: 18px 0px 10px 20px; outline: none; border-width: 10px 0px 1px; border-top-style: solid; border-bottom-style: dotted; border-top-color: rgb(255, 196, 37); border-bottom-color: rgb(0, 73, 144); font-family: proxima-nova-condensed, proxima-nova, ''Proxima Nova'', HelveticaNeue, ''Helvetica Neue'', Helvetica, sans-serif; font-size: 1.875em; vertical-align: baseline; font-stretch: normal; line-height: 1em; color: rgb(0, 73, 144); min-height: 30px; background-image: url(http://www.ufcw.org/wp-content/themes/ufcw/images/bg_hdr.png); background-attachment: initial; background-size: initial; background-origin: initial; background-clip: initial; background-position: 0% 22px; background-repeat: no-repeat;">Good stewards are the backbone of an effective union.</h2>\r\n\r\n<p style="margin: 0px 0px 10px; padding: 0px; outline: none; border: 0px; font-family: proxima-nova, ''Proxima Nova'', HelveticaNeue, ''Helvetica Neue'', Helvetica, sans-serif; font-size: 16px; vertical-align: baseline; color: rgb(102, 102, 102); line-height: normal;">Good stewards are the backbone of an effective union. We reach out to new members and help educate them on their rights. We serve as a bridge between elected union leadership and workers on the job. We listen to our co-workers and provide a confidential way for members to bring forward their ideas and concerns.</p>\r\n\r\n<h4 style="margin: 0.75em 0px; padding: 0px; outline: none; border: 0px; font-family: proxima-nova-condensed, proxima-nova, ''Proxima Nova'', HelveticaNeue, ''Helvetica Neue'', Helvetica, sans-serif; font-size: 1.25em; vertical-align: baseline; font-stretch: normal; line-height: 1em; color: rgb(102, 102, 102);"><strong style="margin: 0px; padding: 0px; outline: none; border: 0px; font-family: inherit; font-size: 20px; font-style: inherit; vertical-align: baseline;">But most importantly, it is a steward&rsquo;s job to inspire, lead and build a sense of unity and solidarity among the wide range of workers in our union.</strong></h4>\r\n\r\n<p style="margin: 0px 0px 10px; padding: 0px; outline: none; border: 0px; font-family: proxima-nova, ''Proxima Nova'', HelveticaNeue, ''Helvetica Neue'', Helvetica, sans-serif; font-size: 16px; vertical-align: baseline; color: rgb(102, 102, 102); line-height: normal;">All union members have a right to have their steward present with them during meetings that they feel might be disciplinary. In 1975, in NLRB v. J. Weingarten, Inc, the U.S. Supreme Court upheld the rights of employees to have union representation during investigatory interviews. Since that case involved a clerk being investigated by the Weingarten Company, these rights have become known as&nbsp;<a href="http://www.ufcw.org/resources/stewards/weingarten-rights/" style="margin: 0px; padding: 0px; outline: none; border: 0px; font-family: inherit; font-style: inherit; font-weight: inherit; vertical-align: baseline; color: rgb(60, 90, 152); text-decoration: none;" title="Weingarten Rights">&ldquo;Weingarten rights.&rdquo;</a></p>\r\n\r\n<p style="margin: 0px 0px 10px; padding: 0px; outline: none; border: 0px; font-family: proxima-nova, ''Proxima Nova'', HelveticaNeue, ''Helvetica Neue'', Helvetica, sans-serif; font-size: 16px; vertical-align: baseline; color: rgb(102, 102, 102); line-height: normal;">If you are called into a closed meeting with your manager and you start to feel nervous that things may take a disciplinary turn, you have the right to stop the meeting and request the meeting be resumed when your union steward is present. If you&rsquo;ve got questions about your contract, your steward is the best person to ask.</p>\r\n\r\n<p style="margin: 0px 0px 10px; padding: 0px; outline: none; border: 0px; font-family: proxima-nova, ''Proxima Nova'', HelveticaNeue, ''Helvetica Neue'', Helvetica, sans-serif; font-size: 16px; vertical-align: baseline; color: rgb(102, 102, 102); line-height: normal;"><img alt="" class="aligncenter size-full wp-image-13945" height="318" src="http://www.ufcw.org/wp-content/uploads/2012/06/organize.jpg" style="margin: 0px auto 15px; padding: 0px; outline: none; max-width: 100%; height: auto; width: auto; display: block; float: none;" title="organize" width="620" />â€‹</p>\r\n', '', '2015-03-23 13:20:36', '20.1', 4, '', '', '', '', '', 0, 1),
(563, 'uib', 'buibuibui', '', '2015-03-11 07:40:41', '11.3', 3, '', '', '', '', '', NULL, 1),
(564, 'Meeting Volunteer', '<h3><b>&nbsp;Contact Us</b></h3>&nbsp;Santa Clara &amp; San Benito Counties<br>&nbsp;Building &amp; Construction Trades Council<br>&nbsp;2102 Almaden Rd., Suite <b>101</b>&nbsp;&nbsp;&nbsp;&nbsp;&nbsp;&nbsp;&nbsp; <br>&nbsp;San Jose <b>CA 95125</b><br>&nbsp;Phone: <a href="http://(408) 265-7643" rel="nofollow" target="_blank">(408) 265-7643</a><br>&nbsp;Fax: <a href="http://(408) 265-2080" rel="nofollow" target="_blank">(408) 265-2080</a><br>&nbsp;Web: <a href="http://scbtc.org" rel="nofollow" target="_blank">scbtc.org</a><br>&nbsp;Email: <a href="http://Joseph@scbtc.org" rel="nofollow" target="_blank">Joseph@scbtc.org</a><br>', '', '2015-03-12 06:12:55', '13.1', 3, '', '', '', '', '', 0, 1),
(565, 'Collective Bargaining', '<div class="content-view-embed">\r\n<div class="class-image">\r\n<div class="attribute-image">\r\n<p><img alt="" src="http://ufcw648.org/wp-content/uploads/2014/04/DSC0213.jpg" style="width: 280px; height: 186px;" /></p>\r\n\r\n<p>&nbsp;</p>\r\n\r\n<div id="hdr" style="margin: 0px 0px 10px; padding: 10px; outline: none; border-width: 10px 0px 0px; border-top-style: solid; border-top-color: rgb(0, 37, 87); font-family: proxima-nova, ''Proxima Nova'', HelveticaNeue, ''Helvetica Neue'', Helvetica, sans-serif; font-size: 16px; vertical-align: baseline; overflow: hidden; color: rgb(102, 102, 102); line-height: normal; background: rgb(0, 73, 144);">\r\n<header class="wrapper" id="hdr-content" style="margin: 0px auto; padding: 0px; outline: none; max-width: 980px;">\r\n<h1 class="pagetitle" style="margin: 0px 12px 0px 0px; padding: 0px; outline: none; border: 0px; font-family: proxima-nova-condensed, proxima-nova, ''Proxima Nova'', HelveticaNeue, ''Helvetica Neue'', Helvetica, sans-serif; font-size: 1.875em; vertical-align: baseline; font-stretch: normal; line-height: 1em; color: rgb(255, 255, 255); float: left;">Collective Bargaining at Local 648</h1>\r\n</header>\r\n</div>\r\n\r\n<div class="post" style="margin: 0px; padding: 0px; outline: none; border: 0px; font-family: proxima-nova, ''Proxima Nova'', HelveticaNeue, ''Helvetica Neue'', Helvetica, sans-serif; font-size: 16px; vertical-align: baseline; color: rgb(102, 102, 102); line-height: normal;">\r\n<div class="entry" style="margin: 0px 0px 1.5em; padding: 0px 0px 1.5em; outline: none; border: 0px; font-family: inherit; font-style: inherit; vertical-align: baseline;"><span style="color: rgb(51, 51, 51); font-family: sans-serif, Arial, Verdana, ''Trebuchet MS''; font-size: 13px; line-height: 1.6em;">Collective bargaining is the process in which working people, through their unions, negotiate contracts with their employers to determine their terms of employment, including pay, benefits, hours, leave, job health and safety policies, ways to balance work and family and more. Collective bargaining is a way to solve workplace problems.</span></div>\r\n</div>\r\n\r\n<p>After the rights of public employees to collectively bargain for a middle-class life came under attack in 2010, working people in all kinds of jobs as well as students, community supporters, faith leaders and others united to defend this basic right.</p>\r\n\r\n<p>The United States has long lagged behind other industrialized nations in collective bargaining coverage for public- and private-sector workers. Yet the right to collectively bargain is essential so that working men and women have the strength to improve their living standards, provide for their families and build a strong middle class.</p>\r\n\r\n<p><img alt="" src="http://www.aflcio.org/var/ezflow_site/storage/images/media/aflcio/images/collective-bargaining-coverage-graph/6392-1-eng-US/Collective-Bargaining-Coverage-graph_mainstory1.jpg" style="width: 468px; height: 366px;" /></p>\r\n\r\n<div class="content-view-embed">\r\n<div class="class-image">\r\n<div class="attribute-image">&nbsp;</div>\r\n</div>\r\n</div>\r\n</div>\r\n</div>\r\n</div>\r\n\r\n<div class="sidebarTwo">\r\n<div class="attribute-more_info" id="moreInfo">\r\n<div class="attribute-more_info">\r\n<div class="clear">&nbsp;</div>\r\n</div>\r\n</div>\r\n</div>\r\n', '', '2015-03-23 12:57:57', '18.1', 4, '', '', '', '', '', 0, 1),
(566, 'New Members', '<div id="hdr" style="margin: 0px 0px 10px; padding: 10px; outline: none; border-width: 10px 0px 0px; border-top-style: solid; border-top-color: rgb(0, 37, 87); font-family: proxima-nova, ''Proxima Nova'', HelveticaNeue, ''Helvetica Neue'', Helvetica, sans-serif; font-size: 16px; vertical-align: baseline; overflow: hidden; color: rgb(102, 102, 102); line-height: normal; background: rgb(0, 73, 144);">\r\n<header class="wrapper" id="hdr-content" style="margin: 0px auto; padding: 0px; outline: none; max-width: 980px;">\r\n<h1 class="pagetitle" style="margin: 0px 12px 0px 0px; padding: 0px; outline: none; border: 0px; font-family: proxima-nova-condensed, proxima-nova, ''Proxima Nova'', HelveticaNeue, ''Helvetica Neue'', Helvetica, sans-serif; font-size: 1.875em; vertical-align: baseline; font-stretch: normal; line-height: 1em; color: rgb(255, 255, 255); float: left;">New Members of Local 648</h1>\r\n</header>\r\n</div>\r\n\r\n<p><img alt="" src="http://www.ufcw.org/wp-content/uploads/2012/05/voteufcw.jpg" style="width: 280px; height: 116px;" /></p>\r\n\r\n<h4 style="margin: 0px; padding: 10px 0px; border: 0px; font-size: 19px; vertical-align: baseline; clear: both; color: rgb(51, 51, 50); line-height: 1.6; font-family: ''Open Sans'', Helvetica, Arial, sans-serif;">Congratulations on your new job!<img alt="Members" class="alignright  wp-image-768" height="180" src="http://ufcw648.org/wp-content/uploads/2014/04/DSCN6263-300x225.jpg" style="margin: 5px 0px 15px 15px; padding: 0px; border: 0px; vertical-align: bottom; max-width: 100%; height: auto; float: right;" width="240" />&nbsp;As a Union member, you have more benefits and rights under a union contract than if you worked in a non-union store. Union workers enjoy much stronger legal protections on the job as well as better wages and benefits. &nbsp;The information here is an overview of some of those benefits and the structure of our Union.</h4>\r\n\r\n<p style="margin: 5px 0px; padding: 0px; border: 0px; font-size: 14px; vertical-align: baseline; color: rgb(119, 119, 119); font-family: ''Open Sans'', Helvetica, Arial, sans-serif; line-height: 24.8888893127441px;">&nbsp;</p>\r\n\r\n<h4 style="margin: 0px; padding: 10px 0px; border: 0px; font-size: 19px; vertical-align: baseline; clear: both; color: rgb(51, 51, 50); line-height: 1.6; font-family: ''Open Sans'', Helvetica, Arial, sans-serif;"><span style="margin: 0px; padding: 0px; border: 0px; vertical-align: baseline; color: rgb(0, 0, 255);"><a href="http://ufcw648.org/wp-content/uploads/2014/04/New_Member_Packet.pdf" style="margin: 0px; padding: 0px; border: 0px; vertical-align: baseline; color: rgb(56, 56, 56); text-decoration: none;"><span style="margin: 0px; padding: 0px; border: 0px; vertical-align: baseline; color: rgb(0, 0, 255);">Click here</span></a></span>&nbsp;for the New Member Packet.</h4>\r\n', '', '2015-03-23 12:59:46', '18.2', 4, '', '', '', '', '', 0, 1),
(567, 'Organizing ', '<h2 style="margin: 0px; padding: 10px 0px; border: 0px; font-size: 25px; vertical-align: baseline; clear: both; color: rgb(51, 51, 50); line-height: 1.6; font-family: ''Open Sans'', Helvetica, Arial, sans-serif;"><strong style="margin: 0px; padding: 0px; border: 0px; vertical-align: baseline;">Why Join a Union?</strong></h2>\r\n\r\n<p style="margin: 5px 0px; padding: 0px; border: 0px; font-size: 14px; vertical-align: baseline; color: rgb(119, 119, 119); font-family: ''Open Sans'', Helvetica, Arial, sans-serif; line-height: 24.8888893127441px;"><a href="http://ufcw648.org/wp-content/uploads/2014/03/graph.jpg" style="margin: 0px; padding: 0px; border: 0px; vertical-align: baseline; color: rgb(56, 56, 56); text-decoration: none;"><img alt="graph" class="alignleft wp-image-530" height="212" src="http://ufcw648.org/wp-content/uploads/2014/03/graph-300x212.jpg" style="margin: 0px 15px 15px 0px; padding: 0px; border: 0px; vertical-align: bottom; max-width: 100%; height: auto; float: left;" width="300" /></a></p>\r\n\r\n<p style="margin: 5px 0px; padding: 0px; border: 0px; font-size: 14px; vertical-align: baseline; color: rgb(119, 119, 119); font-family: ''Open Sans'', Helvetica, Arial, sans-serif; line-height: 24.8888893127441px; text-align: justify;">Without a union, management controls all of the money and power for themselves&mdash;and they want to keep it that way! When workers join UFCW Local 648, they win democracy at work and have a voice in the decisions that affect them. By staying strong and united, they can win a voice for better pay, affordable healthcare, retirement security and job protections.</p>\r\n\r\n<p style="margin: 5px 0px; padding: 0px; border: 0px; font-size: 14px; vertical-align: baseline; color: rgb(119, 119, 119); font-family: ''Open Sans'', Helvetica, Arial, sans-serif; line-height: 24.8888893127441px;">You may ask any questions anonymously. Our goal as a Union is to provide a voice and improve working standards for all workers. All calls and emails are kept completely confidential. If you have any questions, please contact Jennifer Garcia at 415-861-7840 or email:&nbsp;<span style="margin: 0px; padding: 0px; border: 0px; vertical-align: baseline; color: rgb(51, 102, 255);"><a href="mailto:contactlocal648@gmail.com" style="margin: 0px; padding: 0px; border: 0px; vertical-align: baseline; color: rgb(56, 56, 56); text-decoration: none;"><span style="margin: 0px; padding: 0px; border: 0px; vertical-align: baseline; color: rgb(51, 102, 255);">contactlocal648@gmail.com</span></a></span></p>\r\n\r\n<p style="margin: 5px 0px; padding: 0px; border: 0px; font-size: 14px; vertical-align: baseline; color: rgb(119, 119, 119); font-family: ''Open Sans'', Helvetica, Arial, sans-serif; line-height: 24.8888893127441px;">&nbsp;</p>\r\n', '', '2015-03-23 13:01:48', '18.3', 4, '', '', '', '', '', 0, 1),
(568, 'Register to Vote', '<h3><img alt="" src="http://ufcw5.org/wp-content/uploads/2015/03/vote.jpg" style="width: 280px; height: 117px;" /></h3>\r\n\r\n<h2 style="margin: 20px 0px 10px; padding: 18px 0px 10px 20px; outline: none; border-width: 10px 0px 1px; border-top-style: solid; border-bottom-style: dotted; border-top-color: rgb(255, 196, 37); border-bottom-color: rgb(0, 73, 144); font-family: proxima-nova-condensed, proxima-nova, ''Proxima Nova'', HelveticaNeue, ''Helvetica Neue'', Helvetica, sans-serif; font-size: 1.875em; vertical-align: baseline; font-stretch: normal; line-height: 1em; color: rgb(0, 73, 144); min-height: 30px; background-image: url(http://www.ufcwaction.org/wp-content/themes/ufcw/images/bg_hdr.png); background-attachment: initial; background-size: initial; background-origin: initial; background-clip: initial; background-position: 0% 22px; background-repeat: no-repeat;">Protect Your Right to Vote. Be Heard. It&rsquo;s Your Right.</h2>\r\n\r\n<p style="margin: 5px 0px; padding: 0px; border: 0px; font-size: 14px; vertical-align: baseline; color: rgb(119, 119, 119); font-family: ''Open Sans'', Helvetica, Arial, sans-serif; line-height: 24.8888893127441px;">Voting is one way that all U.S. citizens over 18 can speak up. Register to vote thru your Union. Keep up on what is going on politically. Cast your vote for those who support your stand on important issues. By supporting those who support the working people, you gain a voice within the local, state and federal government.</p>\r\n\r\n<div style="margin: 0px; padding: 0px; border: 0px; font-size: 14px; vertical-align: baseline; color: rgb(119, 119, 119); font-family: ''Open Sans'', Helvetica, Arial, sans-serif; line-height: 24.8888893127441px;">\r\n<p style="margin: 5px 0px; padding: 0px; border: 0px; vertical-align: baseline;">The strength of our democracy depends on the willingness of our citizens to help choose the people who will lead us, and to make our voices heard on issues of importance to the future of our state and nation. Whether you have never voted in the United States before or are an experienced voter who has moved to California from another state, the information on this website is designed to make voting a rewarding experience for you. Here, you will find the tools and information you need to register to vote, sign up to vote by mail, locate your polling place, prepare to vote there for the first time.</p>\r\n</div>\r\n', '', '2015-03-23 13:03:55', '18.4', 4, '', '', '', '', '', 0, 1),
(569, 'Support Union Shops', '<div id="hdr" style="font-family: inherit; font-style: inherit; font-weight: inherit; line-height: 20.7999992370605px; margin: 0px 0px 10px; padding: 10px; outline: none; border-width: 10px 0px 0px; border-top-style: solid; border-top-color: rgb(0, 37, 87); font-size: 16px; vertical-align: baseline; overflow: hidden; background: rgb(0, 73, 144);">\r\n<header class="wrapper" id="hdr-content" style="margin: 0px auto; padding: 0px; outline: none; max-width: 980px;">\r\n<h1 class="pagetitle" style="line-height: 1em; margin: 0px 12px 0px 0px; padding: 0px; outline: none; border: 0px; font-family: proxima-nova-condensed, proxima-nova, ''Proxima Nova'', HelveticaNeue, ''Helvetica Neue'', Helvetica, sans-serif; font-size: 1.875em; vertical-align: baseline; font-stretch: normal; color: rgb(255, 255, 255); float: left;">Shop Union</h1>\r\n</header>\r\n</div>\r\n\r\n<div class="post" style="font-family: inherit; font-style: inherit; font-weight: inherit; line-height: 20.7999992370605px; margin: 0px; padding: 0px; outline: none; border: 0px; font-size: 16px; vertical-align: baseline;">\r\n<div class="entry" style="margin: 0px 0px 1.5em; padding: 0px 0px 1.5em; outline: none; border: 0px; font-family: inherit; font-style: inherit; vertical-align: baseline;">\r\n<h2 style="line-height: 1em; margin: 20px 0px 10px; padding: 18px 0px 10px 20px; outline: none; border-width: 10px 0px 1px; border-top-style: solid; border-bottom-style: dotted; border-top-color: rgb(255, 196, 37); border-bottom-color: rgb(0, 73, 144); font-family: proxima-nova-condensed, proxima-nova, ''Proxima Nova'', HelveticaNeue, ''Helvetica Neue'', Helvetica, sans-serif; font-size: 1.875em; vertical-align: baseline; font-stretch: normal; color: rgb(0, 73, 144); min-height: 30px; background-image: url(http://www.ufcw.org/wp-content/themes/ufcw/images/bg_hdr.png); background-attachment: initial; background-size: initial; background-origin: initial; background-clip: initial; background-position: 0% 22px; background-repeat: no-repeat;">Work Union. Shop Union. Stronger Communities</h2>\r\n</div>\r\n</div>\r\n\r\n<p style="margin: 5px 0px; padding: 0px; border: 0px; font-size: 14px; vertical-align: baseline; color: rgb(119, 119, 119); font-family: ''Open Sans'', Helvetica, Arial, sans-serif; line-height: 24.8888893127441px;"><a href="http://ufcw648.org/shop-union/">The following is a list of UFCW 648 Union workplaces</a>. When you choose to patronize a union workplace, you are making&nbsp;<a href="http://ufcw648.org/wp-content/uploads/2014/03/9774249_1.jpg" style="margin: 0px; padding: 0px; border: 0px; vertical-align: baseline; color: rgb(56, 56, 56); text-decoration: none;"><img alt="9774249_1" class="alignright  wp-image-149" height="202" src="http://ufcw648.org/wp-content/uploads/2014/03/9774249_1-300x252.jpg" style="margin: 5px 0px 15px 15px; padding: 0px; border: 0px; vertical-align: bottom; max-width: 100%; height: auto; float: right;" width="240" /></a>a&nbsp;choice to support your community and a better quality of life for the people who live there. By having a voice in the workplace, union members can improve working conditions for ourselves and the people we serve every day.</p>\r\n\r\n<p style="margin: 5px 0px; padding: 0px; border: 0px; font-size: 14px; vertical-align: baseline; color: rgb(119, 119, 119); font-family: ''Open Sans'', Helvetica, Arial, sans-serif; line-height: 24.8888893127441px;"><strong style="margin: 0px; padding: 0px; border: 0px; vertical-align: baseline;">Grocery and Meat</strong><br />\r\n<strong style="margin: 0px; padding: 0px; border: 0px; vertical-align: baseline;">Retail</strong><br />\r\n<strong style="margin: 0px; padding: 0px; border: 0px; vertical-align: baseline;">Health Care</strong><br />\r\n<strong style="margin: 0px; padding: 0px; border: 0px; vertical-align: baseline;">Other Industries</strong></p>\r\n\r\n<h3 style="margin: 0px; padding: 10px 0px; border: 0px; font-size: 22px; vertical-align: baseline; clear: both; color: rgb(51, 51, 50); line-height: 1.6; font-family: ''Open Sans'', Helvetica, Arial, sans-serif;">Why Patronizing Union Matters</h3>\r\n\r\n<p style="margin: 5px 0px; padding: 0px; border: 0px; font-size: 14px; vertical-align: baseline; color: rgb(119, 119, 119); font-family: ''Open Sans'', Helvetica, Arial, sans-serif; line-height: 24.8888893127441px;">Union members, on average get paid more in wages, get better health benefits, vacation, sick leave and retirement plan than non-union members. And union members have a contract with their employer that helps protects them from favoritism and unjust treatment on the job.<br />\r\nAs a customer or patient, where you choose to spend your money and get your health care sends a message. <a href="http://ufcw648.org/shop-union/">Thank you for choosing a union workplace when shopping</a>. It makes a difference!</p>\r\n', '', '2015-03-23 13:08:29', '18.5', 4, '', '', '', '', '', 0, 1),
(570, 'Health and Welfare ', '<p>&nbsp;</p>\r\n\r\n<p><a href="http://ufcwtrust.com"><img alt="" src="http://ufcw5.org/wp-content/uploads/2015/01/UFCW-Trust.png" style="width: 300px; height: 87px;" /></a></p>\r\n\r\n<div id="hdr" style="font-family: inherit; font-style: inherit; font-weight: inherit; line-height: 20.7999992370605px; margin: 0px 0px 10px; padding: 10px; outline: none; border-width: 10px 0px 0px; border-top-style: solid; border-top-color: rgb(0, 37, 87); font-size: 16px; vertical-align: baseline; overflow: hidden; background: rgb(0, 73, 144);">\r\n<header class="wrapper" id="hdr-content" style="margin: 0px auto; padding: 0px; outline: none; max-width: 980px;">\r\n<h1 class="pagetitle" style="line-height: 1em; margin: 0px 12px 0px 0px; padding: 0px; outline: none; border: 0px; font-family: proxima-nova-condensed, proxima-nova, ''Proxima Nova'', HelveticaNeue, ''Helvetica Neue'', Helvetica, sans-serif; font-size: 1.875em; vertical-align: baseline; font-stretch: normal; color: rgb(255, 255, 255); float: left;">Health and Welfare</h1>\r\n</header>\r\n</div>\r\n\r\n<div class="post" style="font-family: inherit; font-style: inherit; font-weight: inherit; line-height: 20.7999992370605px; margin: 0px; padding: 0px; outline: none; border: 0px; font-size: 16px; vertical-align: baseline;">\r\n<div class="entry" style="margin: 0px 0px 1.5em; padding: 0px 0px 1.5em; outline: none; border: 0px; font-family: inherit; font-style: inherit; vertical-align: baseline;">\r\n<p style="margin: 5px 0px; padding: 0px; border: 0px; font-size: 14px; vertical-align: baseline; color: rgb(119, 119, 119); font-family: ''Open Sans'', Helvetica, Arial, sans-serif; line-height: 24.8888893127441px;">As a Union member, you may be eligible for benefits provided through the UFCW Trust Funds. &nbsp;There are different eligibility requirements depending on which benefit program you fall under. &nbsp;Your eligible dependents may also be covered as they meet the Fund requirements for eligibility. &nbsp;The Trust Funds provides Health &amp; Welfare benefits including medical, prescription drug, dental, vision, chiropractic, mental health, pension, death benefits &amp; cobra continuation of benefits.</p>\r\n\r\n<p style="margin: 5px 0px; padding: 0px; border: 0px; font-size: 14px; vertical-align: baseline; color: rgb(119, 119, 119); font-family: ''Open Sans'', Helvetica, Arial, sans-serif; line-height: 24.8888893127441px;">Health Benefits or Pension information are only available in person or by telephone. For more information, please visit our office or contact Cynthia at: 415-861-7840.</p>\r\n\r\n<p style="margin: 5px 0px; padding: 0px; border: 0px; font-size: 14px; vertical-align: baseline; color: rgb(119, 119, 119); font-family: ''Open Sans'', Helvetica, Arial, sans-serif; line-height: 24.8888893127441px;">&nbsp;</p>\r\n\r\n<p style="margin: 5px 0px; padding: 0px; border: 0px; font-size: 14px; vertical-align: baseline; color: rgb(119, 119, 119); font-family: ''Open Sans'', Helvetica, Arial, sans-serif; line-height: 24.8888893127441px;"><span style="margin: 0px; padding: 0px; border: 0px; vertical-align: baseline; text-decoration: underline;"><strong style="margin: 0px; padding: 0px; border: 0px; vertical-align: baseline;"><img alt="_DSC0032" class="alignleft size-medium wp-image-491" src="http://ufcw648.org/wp-content/uploads/2014/04/DSC0032-300x199.jpg" style="margin: 0px 15px 15px 0px; padding: 0px; border: 0px; vertical-align: bottom; max-width: 100%; height: 186px; float: left; width: 280px;" /></strong></span></p>\r\n\r\n<p style="margin: 5px 0px; padding: 0px; border: 0px; font-size: 14px; vertical-align: baseline; color: rgb(119, 119, 119); font-family: ''Open Sans'', Helvetica, Arial, sans-serif; line-height: 24.8888893127441px;">&nbsp;</p>\r\n\r\n<p style="margin: 5px 0px; padding: 0px; border: 0px; font-size: 14px; vertical-align: baseline; color: rgb(119, 119, 119); font-family: ''Open Sans'', Helvetica, Arial, sans-serif; line-height: 24.8888893127441px;"><span style="margin: 0px; padding: 0px; border: 0px; vertical-align: baseline; text-decoration: underline;"><strong style="margin: 0px; padding: 0px; border: 0px; vertical-align: baseline;">Insurance Representative:</strong></span></p>\r\n\r\n<p style="margin: 5px 0px; padding: 0px; border: 0px; font-size: 14px; vertical-align: baseline; color: rgb(119, 119, 119); font-family: ''Open Sans'', Helvetica, Arial, sans-serif; line-height: 24.8888893127441px;">Cynthia Salazar&nbsp;is your liaison to the UFCW Benefits Fund Office.</p>\r\n</div>\r\n</div>\r\n\r\n<p style="margin: 5px 0px; padding: 0px; border: 0px; font-size: 14px; vertical-align: baseline; color: rgb(119, 119, 119); font-family: ''Open Sans'', Helvetica, Arial, sans-serif; line-height: 24.8888893127441px;">&nbsp;</p>\r\n', '', '2015-03-23 13:17:36', '19.1', 4, '', '', '', '', '', 0, 1),
(571, 'Scholarship Information', '<h3 id="page-title" style="margin: 0px; padding: 10px 0px; border: 0px; font-size: 22px; vertical-align: baseline; clear: both; color: rgb(51, 51, 50); line-height: 1.6; font-family: ''Open Sans'', Helvetica, Arial, sans-serif;">Scholarship Opportunities for UFCW 648 Members and Their Dependents</h3>\r\n\r\n<div style="margin: 0px; padding: 0px; border: 0px; font-size: 14px; vertical-align: baseline; color: rgb(119, 119, 119); font-family: ''Open Sans'', Helvetica, Arial, sans-serif; line-height: 24.8888893127441px;">&nbsp;</div>\r\n\r\n<div style="margin: 0px; padding: 0px; border: 0px; font-size: 14px; vertical-align: baseline; color: rgb(119, 119, 119); font-family: ''Open Sans'', Helvetica, Arial, sans-serif; line-height: 24.8888893127441px;">\r\n<div style="margin: 0px; padding: 0px; border: 0px; vertical-align: baseline;">\r\n<div id="block-system-main" style="margin: 0px; padding: 0px; border: 0px; vertical-align: baseline;">\r\n<div style="margin: 0px; padding: 0px; border: 0px; vertical-align: baseline;">\r\n<div id="node-12" style="margin: 0px; padding: 0px; border: 0px; vertical-align: baseline;">\r\n<div style="margin: 0px; padding: 0px; border: 0px; vertical-align: baseline;">\r\n<div style="margin: 0px; padding: 0px; border: 0px; vertical-align: baseline;">\r\n<div style="margin: 0px; padding: 0px; border: 0px; vertical-align: baseline;">\r\n<div style="margin: 0px; padding: 0px; border: 0px; vertical-align: baseline;">\r\n<p style="margin: 5px 0px; padding: 0px; border: 0px; vertical-align: baseline;">&nbsp;<img alt="Scholarship" height="107" src="http://www.ufcw770.org/sites/default/files/scholarships.jpg" style="margin: 0px; padding: 0px; border: 0px; vertical-align: bottom; max-width: 100%; height: auto;" width="204" /></p>\r\n\r\n<p style="margin: 5px 0px; padding: 0px; border: 0px; vertical-align: baseline;">1.&nbsp;<strong style="margin: 0px; padding: 0px; border: 0px; vertical-align: baseline;">UFCW International Scholarship</strong>: Each year the UFCW International Union awards several scholarships of up to $8,000 each to UFCW members or their dependents.&nbsp;</p>\r\n\r\n<p style="margin: 5px 0px; padding: 0px; border: 0px; vertical-align: baseline;"><span style="margin: 0px; padding: 0px; border: 0px; vertical-align: baseline; color: rgb(51, 102, 255);"><a href="http://www.ufcw.org/about/opportunities/scholarship/procedures/apply-online/" style="margin: 0px; padding: 0px; border: 0px; vertical-align: baseline; color: rgb(56, 56, 56); text-decoration: none;" target="_blank"><span style="margin: 0px; padding: 0px; border: 0px; vertical-align: baseline; color: rgb(51, 102, 255);"><span style="margin: 0px; padding: 0px; border: 0px; vertical-align: baseline; color: rgb(0, 0, 255);">Visit http://www.ufcw.org/about/opportunities/scholarship/&nbsp;</span></span></a><span style="margin: 0px; padding: 0px; border: 0px; vertical-align: baseline; color: rgb(128, 128, 128);"><span style="margin: 0px; padding: 0px; border: 0px; vertical-align: baseline; color: rgb(102, 102, 153);">for more information.</span>&nbsp;&nbsp;</span></span></p>\r\n\r\n<p style="margin: 5px 0px; padding: 0px; border: 0px; vertical-align: baseline;"><span style="margin: 0px; padding: 0px; border: 0px; vertical-align: baseline; color: rgb(0, 0, 255);"><a href="http://ufcw648.org/wp-content/uploads/2014/12/International_Scholarship_2015_English.pdf" style="margin: 0px; padding: 0px; border: 0px; vertical-align: baseline; color: rgb(0, 0, 255); text-decoration: none;">International Scholarship 2015 (English)</a></span></p>\r\n\r\n<p style="margin: 5px 0px; padding: 0px; border: 0px; vertical-align: baseline;"><a href="http://ufcw648.org/wp-content/uploads/2014/12/International_Scholarship_2015-2_Spanish.pdf" style="margin: 0px; padding: 0px; border: 0px; vertical-align: baseline; color: rgb(56, 56, 56); text-decoration: none;"><span style="margin: 0px; padding: 0px; border: 0px; vertical-align: baseline; color: rgb(0, 0, 255);">International Scholarship 2015 (Spanish</span>)</a></p>\r\n\r\n<p style="margin: 5px 0px; padding: 0px; border: 0px; vertical-align: baseline;">2.&nbsp;<strong style="margin: 0px; padding: 0px; border: 0px; vertical-align: baseline;">Union Plus Scholarship</strong>: Union members and their children are eligible for $500 &ndash; $4,000 scholarships for college graduate and undergraduate programs. Since 1992, Union Plus has awarded over $2.4 million in scholarships to union members and their families. Learn more and apply for the Union Plus Scholarship here.&nbsp;<span style="margin: 0px; padding: 0px; border: 0px; vertical-align: baseline; color: rgb(51, 102, 255);"><a href="http://www.unionplus.org/college-education-financing/union-plus-scholarship" style="margin: 0px; padding: 0px; border: 0px; vertical-align: baseline; color: rgb(56, 56, 56); text-decoration: none;" target="_blank"><span style="margin: 0px; padding: 0px; border: 0px; vertical-align: baseline; color: rgb(51, 102, 255);">Click here for more information</span></a></span></p>\r\n</div>\r', '', '2015-03-17 12:28:30', '19.2', 4, '', '', '', '', '', 0, 1),
(572, '', '<p style="margin: 5px 0px; padding: 0px; border: 0px; font-size: 14px; vertical-align: baseline; color: rgb(119, 119, 119); font-family: ''Open Sans'', Helvetica, Arial, sans-serif; line-height: 22.3999996185303px;"><img alt="" class="wp-image-489 aligncenter" src="http://fajjemobile.info/ufcwunitedlatinos.org/wp-content/uploads/2013/04/862687_592774410750016_136361103_n3.jpg" style="margin: 0px auto; padding: 0px; border: 0px; vertical-align: bottom; height: 200px; display: block; width: 280px;" title="Latinos in Action 2013" /></p>\r\n\r\n<div id="hdr" style="margin: 0px 0px 10px; padding: 10px; outline: none; border-width: 10px 0px 0px; border-top-style: solid; border-top-color: rgb(0, 37, 87); vertical-align: baseline; overflow: hidden; background: rgb(0, 73, 144);">\r\n<header class="wrapper" id="hdr-content" style="margin: 0px auto; padding: 0px; outline: none; max-width: 980px;"><font color="#ffffff" face="proxima-nova-condensed, proxima-nova, Proxima Nova, HelveticaNeue, Helvetica Neue, Helvetica, sans-serif"><span style="font-size: 30px; line-height: 30px;">United Latinos of UFCW</span></font></header>\r\n</div>\r\n\r\n<div class="post" style="margin: 0px; padding: 0px; outline: none; border: 0px; font-family: proxima-nova, ''Proxima Nova'', HelveticaNeue, ''Helvetica Neue'', Helvetica, sans-serif; font-size: 16px; vertical-align: baseline; color: rgb(102, 102, 102); line-height: normal;">\r\n<div class="entry" style="margin: 0px 0px 1.5em; padding: 0px 0px 1.5em; outline: none; border: 0px; font-family: inherit; font-style: inherit; vertical-align: baseline;">\r\n<h2 style="margin: 20px 0px 10px; padding: 18px 0px 10px 20px; outline: none; border-width: 10px 0px 1px; border-top-style: solid; border-bottom-style: dotted; border-top-color: rgb(255, 196, 37); border-bottom-color: rgb(0, 73, 144); font-family: proxima-nova-condensed, proxima-nova, ''Proxima Nova'', HelveticaNeue, ''Helvetica Neue'', Helvetica, sans-serif; font-size: 1.875em; vertical-align: baseline; font-stretch: normal; line-height: 1em; color: rgb(0, 73, 144); min-height: 30px; background: url(http://www.ufcw.org/wp-content/themes/ufcw/images/bg_hdr.png) 0% 22px no-repeat;"><em>Working Toward Latino Empowerment and Building Latino Pride!</em></h2>\r\n</div>\r\n</div>\r\n\r\n<p style="margin: 5px 0px; padding: 0px; border: 0px; font-size: 14px; vertical-align: baseline; color: rgb(119, 119, 119); font-family: ''Open Sans'', Helvetica, Arial, sans-serif; line-height: 22.3999996185303px;"><strong style="margin: 0px; padding: 0px; border: 0px; vertical-align: baseline;">The United Latinos of the United Food and Commercial Workers Union (UFCW) is an organization of men and women who have joined together to promote the issues and pursue interests important to Latino workers.</strong></p>\r\n\r\n<p style="margin: 5px 0px; padding: 0px; border: 0px; font-size: 14px; vertical-align: baseline; color: rgb(119, 119, 119); font-family: ''Open Sans'', Helvetica, Arial, sans-serif; line-height: 22.3999996185303px;"><strong style="margin: 0px; padding: 0px; border: 0px; vertical-align: baseline;">&ldquo;Working Toward Latino Empowerment and Building Latino Pride!&rdquo; We have a simple but powerful purpose of empowering Latino men and women within the UFCW and within our communities. We are also building Latino pride which will help others better understand our cultural differences. Our diversity will help make our organization and our society stronger. The United Latinos will help teach others that through UFCW membership, there is a better way of life that includes wages, health benefits, pensions, job security and dignity.</strong></p>\r\n', '', '2015-03-25 18:27:46', '32.1', 2, '', '', '', '', '', 0, 1),
(573, '', '<p><img alt="" src="http://www.ufcwunitedlatinos.org/wp-content/uploads/2015/03/Screen-Shot-2015-03-21-at-9.33.16-AM.png" style="width: 280px; height: 152px;" /></p>\r\n\r\n<div id="hdr" style="margin: 0px 0px 10px; padding: 10px; outline: none; border-width: 10px 0px 0px; border-top-style: solid; border-top-color: rgb(0, 37, 87); vertical-align: baseline; overflow: hidden; background: rgb(0, 73, 144);">\r\n<header class="wrapper" id="hdr-content" style="margin: 0px auto; padding: 0px; outline: none; max-width: 980px;"><font color="#ffffff" face="proxima-nova-condensed, proxima-nova, Proxima Nova, HelveticaNeue, Helvetica Neue, Helvetica, sans-serif"><span style="font-size: 30px; line-height: 30px;">United Latinos of UFCW</span></font></header>\r\n</div>\r\n\r\n<div class="post" style="margin: 0px; padding: 0px; outline: none; border: 0px; font-family: proxima-nova, ''Proxima Nova'', HelveticaNeue, ''Helvetica Neue'', Helvetica, sans-serif; font-size: 16px; vertical-align: baseline; color: rgb(102, 102, 102); line-height: normal;">\r\n<div class="entry" style="margin: 0px 0px 1.5em; padding: 0px 0px 1.5em; outline: none; border: 0px; font-family: inherit; font-style: inherit; vertical-align: baseline;">\r\n<h2 style="line-height: 1em; margin: 20px 0px 10px; padding: 18px 0px 10px 20px; outline: none; border-width: 10px 0px 1px; border-top-style: solid; border-bottom-style: dotted; border-top-color: rgb(255, 196, 37); border-bottom-color: rgb(0, 73, 144); font-family: proxima-nova-condensed, proxima-nova, ''Proxima Nova'', HelveticaNeue, ''Helvetica Neue'', Helvetica, sans-serif; font-size: 1.875em; vertical-align: baseline; font-stretch: normal; color: rgb(0, 73, 144); min-height: 30px; background: url(http://www.ufcw.org/wp-content/themes/ufcw/images/bg_hdr.png) 0% 22px no-repeat;"><em>Empowering Latino men and women in the UFCW and within our&nbsp;communities</em></h2>\r\n</div>\r\n</div>\r\n\r\n<p><strong>Our goal is to empower Latino men, women and children through:</strong></p>\r\n\r\n<ul>\r\n	<li><strong>Political Participation</strong></li>\r\n	<li><strong>Education</strong></li>\r\n	<li><strong>Community Involvement</strong></li>\r\n	<li><strong>Solidarity of Union Membership</strong></li>\r\n</ul>\r\n\r\n<p><strong>The Latino population is growing fast. It is predicted that in 50 years one in every four Americans will be Latino. More Latinos vote in elections today. The Latino vote is a powerful and exciting phenomenon in American politics. As Latinos are empowered we will have our place in main stream&nbsp;America&nbsp;and share in the American Dream. When we empower Latino workers we empower our great union and we empower our community. Through outreach programs, the United Latinos builds partnerships with community groups also working to&nbsp;improve the rights and lives of Latino men and women.</strong></p>\r\n', '', '2015-03-25 18:39:33', '32.2', 2, '', '', '', '', '', 0, 1),
(574, '', '<p><img alt="" src="http://www.ufcwunitedlatinos.org/wp-content/uploads/2014/12/imm1.png" style="width: 280px; height: 200px;" />&nbsp;</p>\r\n\r\n<div id="hdr" style="line-height: 20.7999992370605px; margin: 0px 0px 10px; padding: 10px; outline: none; border-width: 10px 0px 0px; border-top-style: solid; border-top-color: rgb(0, 37, 87); vertical-align: baseline; overflow: hidden; background: rgb(0, 73, 144);">\r\n<header class="wrapper" id="hdr-content" style="margin: 0px auto; padding: 0px; outline: none; max-width: 980px;"><font color="#ffffff" face="proxima-nova-condensed, proxima-nova, Proxima Nova, HelveticaNeue, Helvetica Neue, Helvetica, sans-serif"><span style="font-size: 30px; line-height: 30px;">United Latinos of UFCW</span></font></header>\r\n</div>\r\n\r\n<div class="post" style="margin: 0px; padding: 0px; outline: none; border: 0px; font-family: proxima-nova, ''Proxima Nova'', HelveticaNeue, ''Helvetica Neue'', Helvetica, sans-serif; font-size: 16px; vertical-align: baseline; color: rgb(102, 102, 102); line-height: normal;">\r\n<div class="entry" style="margin: 0px 0px 1.5em; padding: 0px 0px 1.5em; outline: none; border: 0px; font-family: inherit; font-style: inherit; vertical-align: baseline;">\r\n<h2 style="line-height: 1em; margin: 20px 0px 10px; padding: 18px 0px 10px 20px; outline: none; border-width: 10px 0px 1px; border-top-style: solid; border-bottom-style: dotted; border-top-color: rgb(255, 196, 37); border-bottom-color: rgb(0, 73, 144); font-family: proxima-nova-condensed, proxima-nova, ''Proxima Nova'', HelveticaNeue, ''Helvetica Neue'', Helvetica, sans-serif; font-size: 1.875em; vertical-align: baseline; font-stretch: normal; color: rgb(0, 73, 144); min-height: 30px; background: url(http://www.ufcw.org/wp-content/themes/ufcw/images/bg_hdr.png) 0% 22px no-repeat;"><em>Latino men and women have much to offer to the UFCW, its Locals and the Labor Movement</em></h2>\r\n</div>\r\n</div>\r\n\r\n<p>There is significant value in our diversity when it is seen as an asset. We know that it is natural to fear the unknown so we propose&nbsp;to educate those around us about our various Latino cultures. We have much to offer and are proud to share what we are and what&nbsp;we know, especially when it helps reach and empower Latinos. The ultimate goal of United Latinos is to be an asset and a resource to&nbsp;the UFCW, its Locals and to the Labor Movement. By working together we will help make the UFCW the very best.</p>\r\n', '', '2015-03-25 18:30:17', '32.3', 2, '', '', '', '', '', 0, 1);
INSERT INTO `news` (`news_id`, `title`, `description`, `file`, `time_cone`, `category`, `app_id`, `facebook`, `twitter`, `google`, `pinterest`, `social`, `order`, `published`) VALUES
(575, '', '<p>&nbsp;</p>\r\n\r\n<p><img alt="" src="http://www.ufcwunitedlatinos.org/wp-content/uploads/2014/11/posters.png" style="width: 280px; height: 363px;" /></p>\r\n\r\n<div id="hdr" style="line-height: 20.7999992370605px; margin: 0px 0px 10px; padding: 10px; outline: none; border-width: 10px 0px 0px; border-top-style: solid; border-top-color: rgb(0, 37, 87); vertical-align: baseline; overflow: hidden; background: rgb(0, 73, 144);">\r\n<header class="wrapper" id="hdr-content" style="margin: 0px auto; padding: 0px; outline: none; max-width: 980px;"><font color="#ffffff" face="proxima-nova-condensed, proxima-nova, Proxima Nova, HelveticaNeue, Helvetica Neue, Helvetica, sans-serif"><span style="font-size: 30px; line-height: 30px;">United Latinos of UFCW</span></font></header>\r\n</div>\r\n\r\n<div class="post" style="margin: 0px; padding: 0px; outline: none; border: 0px; font-family: proxima-nova, ''Proxima Nova'', HelveticaNeue, ''Helvetica Neue'', Helvetica, sans-serif; font-size: 16px; vertical-align: baseline; color: rgb(102, 102, 102); line-height: normal;">\r\n<div class="entry" style="margin: 0px 0px 1.5em; padding: 0px 0px 1.5em; outline: none; border: 0px; font-family: inherit; font-style: inherit; vertical-align: baseline;">\r\n<h2 style="line-height: 1em; margin: 20px 0px 10px; padding: 18px 0px 10px 20px; outline: none; border-width: 10px 0px 1px; border-top-style: solid; border-bottom-style: dotted; border-top-color: rgb(255, 196, 37); border-bottom-color: rgb(0, 73, 144); font-family: proxima-nova-condensed, proxima-nova, ''Proxima Nova'', HelveticaNeue, ''Helvetica Neue'', Helvetica, sans-serif; font-size: 1.875em; vertical-align: baseline; font-stretch: normal; color: rgb(0, 73, 144); min-height: 30px; background: url(http://www.ufcw.org/wp-content/themes/ufcw/images/bg_hdr.png) 0% 22px no-repeat;"><em>We are here to help!</em></h2>\r\n</div>\r\n</div>\r\n\r\n<div>United Latinos will assist UFCW Regions, Local Unions and other&nbsp;organzsations in their efforts to communicate, organize and servicing Latino members. We help with basic Spanish translations, Spanish&nbsp;press conferences and rallies, organizing (blitz and campaigns), immigration issues, help in training programs for Latino workers, voter registration, GOTV, electing candidates etc.</div>\r\n\r\n<div>&nbsp;</div>\r\n\r\n<div>The United Latinos&nbsp;is the face and the voice of the UFCW when we need to reach Latino working men&nbsp;and women.</div>\r\n', '', '2015-03-25 18:27:27', '32.4', 2, '', '', '', '', '', 0, 1),
(576, '', '<p>&nbsp;</p>\r\n\r\n<p><img alt="" src="http://www.ufcwunitedlatinos.org/wp-content/uploads/2014/11/Voice-on-the-Job.png" style="width: 323px; height: 157px;" /></p>\r\n\r\n<div id="hdr" style="line-height: 20.7999992370605px; margin: 0px 0px 10px; padding: 10px; outline: none; border-width: 10px 0px 0px; border-top-style: solid; border-top-color: rgb(0, 37, 87); vertical-align: baseline; overflow: hidden; background: rgb(0, 73, 144);">\r\n<header class="wrapper" id="hdr-content" style="margin: 0px auto; padding: 0px; outline: none; max-width: 980px;"><font color="#ffffff" face="proxima-nova-condensed, proxima-nova, Proxima Nova, HelveticaNeue, Helvetica Neue, Helvetica, sans-serif"><span style="font-size: 30px; line-height: 30px;">United Latinos of UFCW</span></font></header>\r\n</div>\r\n\r\n<div class="post" style="margin: 0px; padding: 0px; outline: none; border: 0px; font-family: proxima-nova, ''Proxima Nova'', HelveticaNeue, ''Helvetica Neue'', Helvetica, sans-serif; font-size: 16px; vertical-align: baseline; color: rgb(102, 102, 102); line-height: normal;">\r\n<div class="entry" style="margin: 0px 0px 1.5em; padding: 0px 0px 1.5em; outline: none; border: 0px; font-family: inherit; font-style: inherit; vertical-align: baseline;">\r\n<h2 style="line-height: 1em; margin: 20px 0px 10px; padding: 18px 0px 10px 20px; outline: none; border-width: 10px 0px 1px; border-top-style: solid; border-bottom-style: dotted; border-top-color: rgb(255, 196, 37); border-bottom-color: rgb(0, 73, 144); font-family: proxima-nova-condensed, proxima-nova, ''Proxima Nova'', HelveticaNeue, ''Helvetica Neue'', Helvetica, sans-serif; font-size: 1.875em; vertical-align: baseline; font-stretch: normal; color: rgb(0, 73, 144); min-height: 30px; background: url(http://www.ufcw.org/wp-content/themes/ufcw/images/bg_hdr.png) 0% 22px no-repeat;"><em>Join Us!</em></h2>\r\n</div>\r\n</div>\r\n\r\n<p>To join The United Latinos of UFCW you can download and complete<br />\r\na membership application in <a href="http://fajjemobile.info/ufcwunitedlatinos.org/wp-content/uploads/2014/03/UL_App_Enlg-Sept-2014.pdf" rel="nofollow" target="_blank">English (click here)</a> or in <a href="http://http://www.ufcwunitedlatinos.org/signup/" rel="nofollow" target="_blank">Spanish (click </a><br />\r\n<a href="http://http://www.ufcwunitedlatinos.org/signup/" rel="nofollow" target="_blank">here)</a>&nbsp;or <a href="https://securedufcwpayment.wufoo.com/forms/k6wybd50b6qxpw/"><strong>CLICK HERE</strong></a>. Return it with your annual dues payment to the address listed<br />\r\non the application. Local Unions,&nbsp; providers and friends of the UFCW<br />\r\ncan also participate by becoming a Sponsor of United Latinos by<br />\r\nmaking an annual contribution. These moneys enable us to work<br />\r\ntoward our goals of Latino Empowerment and Building Latino Pride.<br />\r\n<br />\r\n<b>We look forward to your membership and support!</b></p>\r\n', '', '2015-03-25 18:42:27', '32.5', 2, '', '', '', '', '', 0, 1),
(577, '', '<p>&nbsp;</p>\r\n\r\n<div id="hdr" style="line-height: 20.7999992370605px; margin: 0px 0px 10px; padding: 10px; outline: none; border-width: 10px 0px 0px; border-top-style: solid; border-top-color: rgb(0, 37, 87); vertical-align: baseline; overflow: hidden; background: rgb(0, 73, 144);">\r\n<header class="wrapper" id="hdr-content" style="margin: 0px auto; padding: 0px; outline: none; max-width: 980px;"><font color="#ffffff" face="proxima-nova-condensed, proxima-nova, Proxima Nova, HelveticaNeue, Helvetica Neue, Helvetica, sans-serif"><span style="font-size: 30px; line-height: 30px;">United Latinos of UFCW</span></font></header>\r\n</div>\r\n\r\n<div class="post" style="margin: 0px; padding: 0px; outline: none; border: 0px; font-family: proxima-nova, ''Proxima Nova'', HelveticaNeue, ''Helvetica Neue'', Helvetica, sans-serif; font-size: 16px; vertical-align: baseline; color: rgb(102, 102, 102); line-height: normal;">\r\n<div class="entry" style="margin: 0px 0px 1.5em; padding: 0px 0px 1.5em; outline: none; border: 0px; font-family: inherit; font-style: inherit; vertical-align: baseline;">\r\n<h2 style="line-height: 1em; margin: 20px 0px 10px; padding: 18px 0px 10px 20px; outline: none; border-width: 10px 0px 1px; border-top-style: solid; border-bottom-style: dotted; border-top-color: rgb(255, 196, 37); border-bottom-color: rgb(0, 73, 144); font-family: proxima-nova-condensed, proxima-nova, ''Proxima Nova'', HelveticaNeue, ''Helvetica Neue'', Helvetica, sans-serif; font-size: 1.875em; vertical-align: baseline; font-stretch: normal; color: rgb(0, 73, 144); min-height: 30px; background: url(http://www.ufcw.org/wp-content/themes/ufcw/images/bg_hdr.png) 0% 22px no-repeat;"><em>Leadership and Executive Board</em></h2>\r\n</div>\r\n</div>\r\n\r\n<p><img alt="" src="http://www.ufcwunitedlatinos.org/wp-content/uploads/2015/03/Screen-Shot-2015-03-21-at-10.28.08-AM.png" style="width: 188px; height: 255px;" /></p>\r\n\r\n<p><img alt="" src="http://www.ufcwunitedlatinos.org/wp-content/uploads/2015/03/Screen-Shot-2015-03-21-at-10.28.21-AM.png" style="width: 188px; height: 254px;" /></p>\r\n\r\n<p>&nbsp;</p>\r\n\r\n<p><img alt="" src="http://www.ufcwunitedlatinos.org/wp-content/uploads/2015/03/Screen-Shot-2015-03-21-at-10.28.32-AM.png" style="width: 188px; height: 249px;" /></p>\r\n\r\n<p><img alt="" src="http://www.ufcwunitedlatinos.org/wp-content/uploads/2015/03/Screen-Shot-2015-03-21-at-10.28.42-AM.png" style="width: 188px; height: 235px;" /></p>\r\n', '', '2015-03-25 18:42:15', '32.6', 2, '', '', '', '', '', NULL, 1),
(578, 'Many Faces, One Voice', '<p><img alt="" src="http://www.ufcw.org/wp-content/uploads/2013/10/capitolsteps-300x225.jpg" style="width: 280px; height: 210px;" /></p>\r\n\r\n<div id="hdr" style="margin: 0px 0px 10px; padding: 10px; outline: none; border-width: 10px 0px 0px; border-top-style: solid; border-top-color: rgb(0, 37, 87); font-family: inherit; font-size: 16px; font-style: inherit; font-weight: inherit; vertical-align: baseline; overflow: hidden; background: rgb(0, 73, 144);">\r\n<header class="wrapper" id="hdr-content" style="margin: 0px auto; padding: 0px; outline: none; max-width: 980px;">\r\n<h1 class="pagetitle" style="margin: 0px 12px 0px 0px; padding: 0px; outline: none; border: 0px; font-family: proxima-nova-condensed, proxima-nova, ''Proxima Nova'', HelveticaNeue, ''Helvetica Neue'', Helvetica, sans-serif; font-size: 1.875em; vertical-align: baseline; font-stretch: normal; line-height: 1em; color: rgb(255, 255, 255); float: left;">United Latinos of UFCW</h1>\r\n</header>\r\n</div>\r\n\r\n<div class="post" style="margin: 0px; padding: 0px; outline: none; border: 0px; font-family: inherit; font-size: 16px; font-style: inherit; font-weight: inherit; vertical-align: baseline;">\r\n<div class="entry" style="margin: 0px 0px 1.5em; padding: 0px 0px 1.5em; outline: none; border: 0px; font-family: inherit; font-style: inherit; vertical-align: baseline;">\r\n<h2 style="margin: 20px 0px 10px; padding: 18px 0px 10px 20px; outline: none; border-width: 10px 0px 1px; border-top-style: solid; border-bottom-style: dotted; border-top-color: rgb(255, 196, 37); border-bottom-color: rgb(0, 73, 144); font-family: proxima-nova-condensed, proxima-nova, ''Proxima Nova'', HelveticaNeue, ''Helvetica Neue'', Helvetica, sans-serif; font-size: 1.875em; vertical-align: baseline; font-stretch: normal; line-height: 1em; color: rgb(0, 73, 144); min-height: 30px; background-image: url(http://www.ufcwaction.org/wp-content/themes/ufcw/images/bg_hdr.png); background-attachment: initial; background-size: initial; background-origin: initial; background-clip: initial; background-position: 0% 22px; background-repeat: no-repeat;">Political Priorities for the United Latinos</h2>\r\n\r\n<ul style="padding-right: 0px; overflow: hidden; color: rgb(119, 119, 119); font-family: ''Open Sans'', arial, sans-serif; line-height: 22px; margin: 5px 0px !important; padding-left: 5px !important; list-style-position: outside !important;">\r\n	<li style="margin: 3px 0px 0px !important; padding-top: 0px; padding-right: 0px; padding-bottom: 0px; padding-left: 20px !important; list-style: none !important; background: url(http://laborvote.weebly.com/files/theme/bullet.png?1413325694) 0px 9px no-repeat;">To increase political involvement among the latino membership of the various UFCW&nbsp;Unions<a href="http://www.afl-cio.org/" style="text-decoration: none; color: rgb(3, 112, 234);" target="mainFrame" title="">&nbsp;</a>across North America.</li>\r\n	<li style="margin: 3px 0px 0px !important; padding-top: 0px; padding-right: 0px; padding-bottom: 0px; padding-left: 20px !important; list-style: none !important; background: url(http://laborvote.weebly.com/files/theme/bullet.png?1413325694) 0px 9px no-repeat;">To inform and educate working Latinos by providing them information from various sources.</li>\r\n	<li style="margin: 3px 0px 0px !important; padding-top: 0px; padding-right: 0px; padding-bottom: 0px; padding-left: 20px !important; list-style: none !important; background: url(http://laborvote.weebly.com/files/theme/bullet.png?1413325694) 0px 9px no-repeat;">To create a resource for historical, current<a href="http://www.laborvote.com/current.htm" style="text-decoration: none; color: rgb(3, 112, 234);" target="mainFrame" title="">&nbsp;</a>and future<a href="http://www.laborvote.com/future.htm" style="text-decoration: none; color: rgb(3, 112, 234);" target="mainFrame" title="">&nbsp;</a>issues that directly and indirectly impact working Latino families.</li>\r\n	<li style="margin: 3px 0px 0px !important; padding-top: 0px; padding-right: 0px; padding-bottom: 0px; padding-left: 20px !important; list-style: none !important; background: url(http://laborvote.weebly.com/files/theme/bullet.png?1413325694) 0px 9px no-repeat;">To focus on issues that directly affect the lives of our Latino members, working families and residents of our&nbsp;communities.&nbsp;</li>\r\n	<li style="margin: 3px 0px 0px !important; padding-top: 0px; padding-right: 0px; padding-bottom: 0px; padding-left: 20px !important; list-style: none !important; background: url(http://laborvote.weebly.com/files/theme/bullet.png?1413325694) 0px 9px no-repeat;">To register to vote as many working Latino families as possible in an effort to support and further the causes of those who Labor for a living.</li>\r\n</ul>\r\n</div>\r\n</div>\r\n', '', '2015-03-23 09:38:03', '33.1', 2, '', '', '', '', '', 0, 1),
(579, 'Volunteer to Help', '<p><img alt="" src="http://www.ufcwunitedlatinos.org/wp-content/uploads/2014/05/10305046_10204010125637158_436701657232284301_n4.jpg" style="width: 280px; height: 165px;" /></p>\r\n\r\n<div id="hdr" style="margin: 0px 0px 10px; padding: 10px; outline: none; border-width: 10px 0px 0px; border-top-style: solid; border-top-color: rgb(0, 37, 87); font-family: inherit; font-size: 16px; font-style: inherit; font-weight: inherit; vertical-align: baseline; overflow: hidden; background: rgb(0, 73, 144);">\r\n<header class="wrapper" id="hdr-content" style="margin: 0px auto; padding: 0px; outline: none; max-width: 980px;">\r\n<h1 class="pagetitle" style="line-height: 1em; margin: 0px 12px 0px 0px; padding: 0px; outline: none; border: 0px; font-family: proxima-nova-condensed, proxima-nova, ''Proxima Nova'', HelveticaNeue, ''Helvetica Neue'', Helvetica, sans-serif; font-size: 1.875em; vertical-align: baseline; font-stretch: normal; color: rgb(255, 255, 255); float: left;">United Latinos of UFCW</h1>\r\n</header>\r\n</div>\r\n\r\n<div class="post" style="margin: 0px; padding: 0px; outline: none; border: 0px; font-family: inherit; font-size: 16px; font-style: inherit; font-weight: inherit; vertical-align: baseline;">\r\n<div class="entry" style="margin: 0px 0px 1.5em; padding: 0px 0px 1.5em; outline: none; border: 0px; font-family: inherit; font-style: inherit; vertical-align: baseline;">\r\n<h2 style="line-height: 1em; margin: 20px 0px 10px; padding: 18px 0px 10px 20px; outline: none; border-width: 10px 0px 1px; border-top-style: solid; border-bottom-style: dotted; border-top-color: rgb(255, 196, 37); border-bottom-color: rgb(0, 73, 144); font-family: proxima-nova-condensed, proxima-nova, ''Proxima Nova'', HelveticaNeue, ''Helvetica Neue'', Helvetica, sans-serif; font-size: 1.875em; vertical-align: baseline; font-stretch: normal; color: rgb(0, 73, 144); min-height: 30px; background-image: url(http://www.ufcwaction.org/wp-content/themes/ufcw/images/bg_hdr.png); background-attachment: initial; background-size: initial; background-origin: initial; background-clip: initial; background-position: 0% 22px; background-repeat: no-repeat;">We are here to help!</h2>\r\n\r\n<div><strong style="margin: 0px; padding: 0px; border: 0px; font-size: 14px; vertical-align: baseline; color: rgb(119, 119, 119); font-family: ''Open Sans'', Helvetica, Arial, sans-serif; line-height: 22.3999996185303px;">United Latinos will assist UFCW Regions, Local Unions and other organizations in their efforts to communicate, organize and servicing Latino members. We help with basic Spanish translations, Spanish press conferences and rallies, organizing (blitz and campaigns), immigration issues, help in training programs for Latino workers, voter registration, GOTV, electing candidates, etc.</strong></div>\r\n</div>\r\n</div>\r\n\r\n<p><strong style="margin: 0px; padding: 0px; border: 0px; font-size: 14px; vertical-align: baseline; color: rgb(119, 119, 119); font-family: ''Open Sans'', Helvetica, Arial, sans-serif; line-height: 22.3999996185303px;">The United Latinos is the face and the voice of the UFCW when we need to reach Latino working men and women.</strong></p>\r\n\r\n<p><strong style="margin: 0px; padding: 0px; border: 0px; font-size: 14px; vertical-align: baseline; color: rgb(119, 119, 119); font-family: ''Open Sans'', Helvetica, Arial, sans-serif; line-height: 22.3999996185303px;">To get involved in an area near you, please email us at <a href="mailto:dgarcia@ufcw5.org?subject=Volunteer%20to%20Help%20the%20United%20Latinos">dgarcia@ufcw5.org</a> and we will help!</strong></p>\r\n', '', '2015-03-23 09:40:22', '33.2', 2, '', '', '', '', '', NULL, 1),
(580, 'Executive action to provide relief to immigrant workers, families, and communities', '<div style="font-family: Georgia, ''Times New Roman'', ''Bitstream Charter'', Times, serif; line-height: 19px;">\r\n<div dir="ltr">President Obamas executive action to provide relief to immigrant workers, families, and communities<span data-mce-style="color: #1f497d;" style="color: rgb(31, 73, 125);">&nbsp;</span>is a victory for the UFCW, our members, and the entire nation<span data-mce-style="color: #1f497d;" style="color: rgb(31, 73, 125);">.&nbsp;&nbsp;</span>While executive action is not a substitute for comprehensive immigration reform, it is a step in the right direction and will directly impact tens of thousands of our members.&nbsp;</div>\r\n\r\n<div dir="ltr">&nbsp;</div>\r\n\r\n<div dir="ltr"><img alt="" src="http://media2.s-nbcnews.com/i/newscms/2014_47/777911/141120-obama-immigration-jms-2024_e9cd4e9d2cf7830c7f272be73e467ff0.jpg" style="width: 280px; height: 187px;" /></div>\r\n\r\n<div dir="ltr">&nbsp;</div>\r\n\r\n<div dir="ltr">A UFCW working group made up of key staff from the Civil Rights and Community Action, Food Processing, Packing, and Manufacturing, Legislative and Political, Legal, and Communications Departments is developing a plan to work with you to help eligible members access these newly expanded programs. This will include a comprehensive checklist of what is needed, worksite flyers, and other important resources.</div>\r\n</div>\r\n\r\n<div style="font-family: Georgia, ''Times New Roman'', ''Bitstream Charter'', Times, serif; line-height: 19px;">\r\n<div>&nbsp;</div>\r\n\r\n<p>Attached is the&nbsp;<span data-mce-style="color: #00ccff;" style="color: rgb(0, 204, 255);"><a data-mce-="" href="http://www.ufcwunitedlatinos.org/wp-content/uploads/2014/12/Immigration-Executive-Action-Local-Union-Fact-Sheet.pdf" style="text-decoration: none; color: rgb(237, 129, 55);"><span data-mce-style="color: #00ccff;" style="color: rgb(0, 204, 255);">fact sheet</span></a>&nbsp;</span>sheet for your local union officers and staff explaining what the President&rsquo;s actions entail&nbsp;and their timeline for implementation.</p>\r\n</div>\r\n', '', '2015-03-25 17:09:54', '34', 2, '', '', '', '', '', 0, 1),
(582, 'Upcoming Events', '<p><img alt="" src="http://sandbarcantina.com/images/calendars/calendar.jpg" style="width: 280px; height: 210px;" /></p>\r\n', '', '2015-03-25 17:04:42', '35.1', 2, '', '', '', '', '', 0, 1),
(583, 'Join the United Latinos', '<p>&nbsp;</p>\r\n\r\n<p style="margin: 5px 0px; padding: 0px; border: 0px; font-size: 14px; vertical-align: baseline; color: rgb(119, 119, 119); font-family: ''Open Sans'', Helvetica, Arial, sans-serif; line-height: 22.3999996185303px;"><a href="http://fajjemobile.info/ufcwunitedlatinos.org/wp-content/uploads/2013/05/LATIMES-UFCW.jpg" style="margin: 0px; padding: 0px; border: 0px; vertical-align: baseline; color: rgb(56, 56, 56); text-decoration: none;"><img alt="LATIMES UFCW" class="aligncenter size-full wp-image-634" height="615" src="http://fajjemobile.info/ufcwunitedlatinos.org/wp-content/uploads/2013/05/LATIMES-UFCW.jpg" style="margin: 0px auto; padding: 0px; border: 0px; vertical-align: bottom; height: auto; display: block; max-width: 100%;" width="923" /></a></p>\r\n\r\n<div id="hdr" style="margin: 0px 0px 10px; padding: 10px; outline: none; border-width: 10px 0px 0px; border-top-style: solid; border-top-color: rgb(0, 37, 87); font-family: proxima-nova, ''Proxima Nova'', HelveticaNeue, ''Helvetica Neue'', Helvetica, sans-serif; font-size: 16px; vertical-align: baseline; overflow: hidden; color: rgb(102, 102, 102); line-height: normal; background: rgb(0, 73, 144);">\r\n<header class="wrapper" id="hdr-content" style="margin: 0px auto; padding: 0px; outline: none; max-width: 980px;">\r\n<h1 class="pagetitle" style="margin: 0px 12px 0px 0px; padding: 0px; outline: none; border: 0px; font-family: proxima-nova-condensed, proxima-nova, ''Proxima Nova'', HelveticaNeue, ''Helvetica Neue'', Helvetica, sans-serif; font-size: 1.875em; vertical-align: baseline; font-stretch: normal; line-height: 1em; color: rgb(255, 255, 255); float: left;">The UFCW United Latinos</h1>\r\n</header>\r\n</div>\r\n\r\n<div class="post" style="margin: 0px; padding: 0px; outline: none; border: 0px; font-family: proxima-nova, ''Proxima Nova'', HelveticaNeue, ''Helvetica Neue'', Helvetica, sans-serif; font-size: 16px; vertical-align: baseline; color: rgb(102, 102, 102); line-height: normal;">\r\n<div class="entry" style="margin: 0px 0px 1.5em; padding: 0px 0px 1.5em; outline: none; border: 0px; font-family: inherit; font-style: inherit; vertical-align: baseline;">\r\n<p style="margin: 0px 0px 10px; padding: 0px; outline: none; border: 0px; font-family: inherit; font-style: inherit; vertical-align: baseline;">&nbsp;</p>\r\n\r\n<h2 style="margin: 20px 0px 10px; padding: 18px 0px 10px 20px; outline: none; border-width: 10px 0px 1px; border-top-style: solid; border-bottom-style: dotted; border-top-color: rgb(255, 196, 37); border-bottom-color: rgb(0, 73, 144); font-family: proxima-nova-condensed, proxima-nova, ''Proxima Nova'', HelveticaNeue, ''Helvetica Neue'', Helvetica, sans-serif; font-size: 1.875em; vertical-align: baseline; font-stretch: normal; line-height: 1em; color: rgb(0, 73, 144); min-height: 30px; background: url(http://www.ufcw.org/wp-content/themes/ufcw/images/bg_hdr.png) 0% 22px no-repeat;">Join Us!</h2>\r\n</div>\r\n</div>\r\n\r\n<p style="margin: 5px 0px; padding: 0px; border: 0px; font-size: 14px; vertical-align: baseline; color: rgb(119, 119, 119); font-family: ''Open Sans'', Helvetica, Arial, sans-serif; line-height: 22.3999996185303px;">To join the&nbsp;United Latinos of UFCW, complete the membership form in any of the three ways listed below.</p>\r\n\r\n<p style="margin: 5px 0px; padding: 0px; border: 0px; font-size: 14px; vertical-align: baseline; color: rgb(119, 119, 119); font-family: ''Open Sans'', Helvetica, Arial, sans-serif; line-height: 22.3999996185303px;"><strong style="margin: 0px; padding: 0px; border: 0px; vertical-align: baseline;">1. Download, Print and Return by mail.</strong>&nbsp;&nbsp;Download and complete a membership application in&nbsp;<span style="margin: 0px; padding: 0px; border: 0px; vertical-align: baseline; color: rgb(51, 102, 255);"><a href="http://fajjemobile.info/ufcwunitedlatinos.org/wp-content/uploads/2014/03/UL_App_Enlg-Sept-2014.pdf" style="margin: 0px; padding: 0px; border: 0px; vertical-align: baseline; color: rgb(56, 56, 56); text-decoration: none;"><span style="margin: 0px; padding: 0px; border: 0px; vertical-align: baseline; color: rgb(51, 102, 255);">English (click here)</span></a>&nbsp;</span>or in&nbsp;<span style="margin: 0px; padding: 0px; border: 0px; vertical-align: baseline; color: rgb(51, 102, 255);"><a href="http://fajjemobile.info/ufcwunitedlatinos.org/wp-content/uploads/2012/09/UL_App_Span.pdf" style="margin: 0px; padding: 0px; border: 0px; vertical-align: baseline; color: rgb(56, 56, 56); text-decoration: none;"><span style="margin: 0px; padding: 0px; border: 0px; vertical-align: baseline; color: rgb(51, 102, 255);">Spanish (click here)</span></a></span>. Return it with your annual dues payment to the address listed on the application.</p>\r\n\r\n<p style="margin: 5px 0px; padding: 0px; border: 0px; font-size: 14px; vertical-align: baseline; color: rgb(119, 119, 119); font-family: ''Open Sans'', Helvetica, Arial, sans-serif; line-height: 22.3999996185303px;"><strong style="margin: 0px; padding: 0px; border: 0px; vertical-align: base', '', '2015-03-23 09:46:30', '36.1', 2, '', '', '', '', '', 0, 1),
(584, 'UFCW United Latino Sponsors', '<p><strong style="margin: 0px; padding: 0px; border: 0px; font-size: 14px; vertical-align: baseline; color: rgb(119, 119, 119); font-family: ''Open Sans'', Helvetica, Arial, sans-serif; line-height: 22.3999996185303px;">Thank you to all of our 2014 Sponsors! &nbsp;We appreciate your support in our combined efforts to promote the issues and pursue interests important to Latino workers. &nbsp;</strong></p>\r\n\r\n<p><strong style="margin: 0px; padding: 0px; border: 0px; font-size: 14px; vertical-align: baseline; color: rgb(119, 119, 119); font-family: ''Open Sans'', Helvetica, Arial, sans-serif; line-height: 22.3999996185303px;">(List of Sponsors Below)</strong></p>\r\n\r\n<p><img alt="" src="http://www.ufcwunitedlatinos.org/wp-content/uploads/2015/03/Screen-Shot-2015-03-21-at-9.54.55-AM1.png" style="width: 280px; height: 230px;" /></p>\r\n\r\n<ol>\r\n	<li><a href="http://www.ufcw.org/" rel="nofollow" target="_blank">UFCW International</a></li>\r\n	<li><a href="http://ufcw.ca/" rel="nofollow" target="_blank">UFCW Canada </a></li>\r\n	<li><a href="http://ufcw770.org/" rel="nofollow" target="_blank">UFCW Local 770</a>&nbsp;&nbsp;&nbsp;</li>\r\n	<li><a href="http://www.ufcw540.org/" rel="nofollow" target="_blank">UFCW Local 540</a> &nbsp;</li>\r\n	<li><a href="http://www.ufcw99.org/" rel="nofollow" target="_blank">UFCW Local 99</a>&nbsp;&nbsp;</li>\r\n	<li><a href="http://ufcw5.org/" rel="nofollow" target="_blank">UFCW Local 5</a> &nbsp;&nbsp;&nbsp;&nbsp;&nbsp;&nbsp;&nbsp;&nbsp;&nbsp;&nbsp;&nbsp;&nbsp;&nbsp;&nbsp;&nbsp;&nbsp;&nbsp;&nbsp;&nbsp;&nbsp;&nbsp;&nbsp;&nbsp;&nbsp;&nbsp;&nbsp;&nbsp;&nbsp;&nbsp;&nbsp;&nbsp;&nbsp;&nbsp;&nbsp;&nbsp;&nbsp;&nbsp;&nbsp;&nbsp;&nbsp;&nbsp;&nbsp;&nbsp;&nbsp;&nbsp;&nbsp;&nbsp;</li>\r\n</ol>\r\n\r\n<p><img alt="" src="http://www.ufcwunitedlatinos.org/wp-content/uploads/2015/03/Screen-Shot-2015-03-21-at-9.55.27-AM.png" style="width: 280px; height: 230px;" /></p>\r\n\r\n<p>&nbsp;</p>\r\n\r\n<ol>\r\n	<li><a href="http://ufcw135.com/" rel="nofollow" target="_blank">UFCW Local 135</a>&nbsp;&nbsp;</li>\r\n	<li><a href="http://www.ufcw75.org/" rel="nofollow" target="_blank">UFCW Local 75</a></li>\r\n</ol>\r\n\r\n<p><span style="line-height: 1.6em;">&nbsp; &nbsp; &nbsp; &nbsp; &nbsp; &nbsp; &nbsp; &nbsp; &nbsp; &nbsp; &nbsp; &nbsp; &nbsp; &nbsp; &nbsp; &nbsp; &nbsp; &nbsp; &nbsp; &nbsp; &nbsp; &nbsp; &nbsp;&nbsp;</span></p>\r\n\r\n<p><img alt="" src="http://www.ufcwunitedlatinos.org/wp-content/uploads/2015/03/Screen-Shot-2015-03-21-at-9.55.37-AM.png" style="width: 280px; height: 229px;" /></p>\r\n\r\n<ol>\r\n	<li><a href="http://ufcwoutreach.org/" rel="nofollow" target="_blank">OUTreach&nbsp;&nbsp;&nbsp; </a></li>\r\n	<li><a href="http://ufcwoutreach.org/" rel="nofollow" target="_blank">UFCW Local 1996</a>&nbsp;&nbsp;&nbsp;</li>\r\n	<li><a href="http://ufcwlocal1546.org/" rel="nofollow" target="_blank">UFCW Local 1546</a></li>\r\n	<li><a href="http://www.ufcw1442.org/" rel="nofollow" target="_blank">UFCW Local 1442 </a></li>\r\n	<li><a href="http://ufcw700.org/" rel="nofollow" target="_blank">UFCW Local 700</a>&nbsp;&nbsp;&nbsp;</li>\r\n	<li><a href="http://www.ufcw876.org/" rel="nofollow" target="_blank">UFCW Local 876</a>&nbsp;&nbsp;&nbsp;</li>\r\n	<li><a href="http://http://www.ufcw653.org/" rel="nofollow" target="_blank">UFCW Local 653</a>&nbsp;&nbsp;&nbsp;</li>\r\n	<li><a href="http://www.ufcw655.org/" rel="nofollow" target="_blank">UFCW Local 655</a> &nbsp;&nbsp;&nbsp;&nbsp;&nbsp;&nbsp;&nbsp;&nbsp;&nbsp;&nbsp;&nbsp;&nbsp;&nbsp;&nbsp;&nbsp;&nbsp;&nbsp;&nbsp;&nbsp;&nbsp;&nbsp;&nbsp;&nbsp;&nbsp;&nbsp;&nbsp;&nbsp;&nbsp;&nbsp;&nbsp;&nbsp;&nbsp;&nbsp;&nbsp;&nbsp;&nbsp;&nbsp;&nbsp;&nbsp;&nbsp;&nbsp;&nbsp;&nbsp; &nbsp;&nbsp;&nbsp; &nbsp;&nbsp;&nbsp;</li>\r\n	<li><a href="http://www.ufcw2.org/" rel="nofollow" target="_blank">UFCW Local 2</a> &nbsp;&nbsp;&nbsp;&nbsp;&nbsp;&nbsp;&nbsp;&nbsp;&nbsp;&nbsp;&nbsp;&nbsp;&nbsp;&nbsp;&nbsp;&nbsp;&nbsp;&nbsp;&nbsp;&nbsp;&nbsp;&nbsp;&nbsp;&nbsp;&nbsp;&nbsp;&nbsp;&nbsp;&nbsp;&nbsp;&nbsp;&nbsp;&nbsp;&nbsp;&nbsp;&nbsp;&nbsp;&nbsp;&nbsp;&nbsp;&nbsp;&nbsp;&nbsp;&nbsp;&nbsp;&nbsp;&nbsp; &nbsp;&nbsp;&nbsp;</li>\r\n</ol>\r\n\r\n<p>Other Sponsors</p>\r\n\r\n<ol>\r\n	<li><span>&nbsp;<a href="http://#" rel="nofollow" target="_blank">UFCW Local 711</a></span><a href="http://#" rel="nofollow" target="_blank"> </a></li>\r\n	<li><a href="http://www.ufcw919.org/" rel="nofollow" style="line-height: 1.6em;" target="_blank">UFCW Local 919</a><span style="line-height: 1.6em;">&nbsp; &nbsp;</span></li>\r\n	<li><a href="http://www.ufcw1167.org/" rel="nofollow" target="_blank">UFCW Local 1167</a>&nbsp;&nbsp;&nbsp;</li>\r\n	<li><a href="http://#" rel="nofollow" target="_blank">UFCW Local 481</a>&nbsp;&nbsp;</li>\r\n	<li><a href="http://linkedunion.com">LinkedUnion&nbsp;</a></li>\r\n</ol>\r\n', '', '2015-03-25 17:06:07', '36.2', 2, '', '', '', '', '', 0, 1),
(585, 'Shop Union', '<p><img alt="" src="http://sandbarcantina.com/images/calendars/calendar.jpg" style="width: 280px; height: 210px;" /></p>\r\n\r\n<p>Coming Soon. &nbsp;Shop Union Businesses in your neighborhood.</p>\r\n', '', '2015-03-21 09:25:11', '38', 2, '', '', '', '', '', NULL, 1),
(586, 'Coming Soon', '<p>More Union Shops around you</p>\r\n', '', '2015-03-21 09:25:37', '38', 2, '', '', '', '', '', NULL, 1),
(588, 'UFCW Local 480', '<p style="margin: 0px 0px 25px; padding: 0px; border: 0px; font-family: ''Open Sans'', sans-serif; font-size: 14px; font-stretch: inherit; line-height: 25.2000007629395px; vertical-align: baseline; color: rgb(132, 137, 140);"><img alt="" src="http://www.ufcwunitedlatinos.org/wp-content/uploads/2015/03/P7250022-e1426700093417.jpg" style="height: 210px; width: 280px;" /></p>\r\n\r\n<p style="margin: 0px 0px 25px; padding: 0px; border: 0px; font-family: ''Open Sans'', sans-serif; font-size: 14px; font-stretch: inherit; line-height: 25.2000007629395px; vertical-align: baseline; color: rgb(132, 137, 140);">United Food and Commercial Workers Local 480&nbsp;is a 2,500 member labor union based in Honolulu, Hawaii. The local is a progressive voice in the labor movement and the community with a strong tradition of member advocacy and involvement. It is an affiliate of the United Food and Commercial Workers International union based in Washington DC.</p>\r\n\r\n<p style="margin: 0px 0px 25px; padding: 0px; border: 0px; font-family: ''Open Sans'', sans-serif; font-size: 14px; font-stretch: inherit; line-height: 25.2000007629395px; vertical-align: baseline; color: rgb(132, 137, 140);">Local 480&nbsp;members work primarily in retail grocery and meat and in nursing homes,&nbsp;retail drug stores, agriculture and food processing, wholesale meat, seafood processing,&nbsp;and in the industry of education.</p>\r\n\r\n<p style="margin: 0px 0px 25px; padding: 0px; border: 0px; font-family: ''Open Sans'', sans-serif; font-size: 14px; font-stretch: inherit; line-height: 25.2000007629395px; vertical-align: baseline; color: rgb(132, 137, 140);">Wherever Local 480&nbsp;members work, they have a strong voice on the job.</p>\r\n\r\n<p style="margin: 0px 0px 25px; padding: 0px; border: 0px; font-family: ''Open Sans'', sans-serif; font-size: 14px; font-stretch: inherit; line-height: 25.2000007629395px; vertical-align: baseline; color: rgb(132, 137, 140);">Local 480&nbsp;policy is set by its&nbsp;member executive board which consists of its elected officers and rank and file members. Members from many of the Hawaiian Islands&nbsp;sit on its board. The activism of the board and the union&rsquo;s membership assures the democratic nature of the organization and perpetuate its progressive tradition.</p>\r\n\r\n<p style="margin: 0px 0px 25px; padding: 0px; border: 0px; font-family: ''Open Sans'', sans-serif; font-size: 14px; font-stretch: inherit; line-height: 25.2000007629395px; vertical-align: baseline; color: rgb(132, 137, 140);">Local 480 is a Union Preparing Today for the Needs of its Members Tomorrow.</p>\r\n', '', '2015-03-26 11:07:51', '40.1', 6, '', '', '', '', '', NULL, 1),
(589, 'Labor Union Dental', '<table border="0" cellpadding="3" style="color: rgb(0, 0, 0); font-family: Times; font-size: medium; line-height: normal;" width="100%">\r\n	<tbody>\r\n		<tr>\r\n			<td bgcolor="#2D2A6E" class="style14" style="color: rgb(255, 255, 255); font-weight: bold;" valign="top">DENTAL and ORTHODONTIC</td>\r\n		</tr>\r\n		<tr>\r\n			<td valign="top">\r\n			<p class="style2">20% discount or no out of pocket expense (depending on your plan coverage, not exceeding the maximum plan benefit and provided you have coverage for the month of services.</p>\r\n\r\n			<p class="style2">For Union members without coverage, a 20% discount will be given off of the total visit charge.</p>\r\n\r\n			<p class="style2">For a list of providers who discount or waive &quot;out-of-pocket&quot; costs to Union members, contact the Union office.</p>\r\n			</td>\r\n		</tr>\r\n	</tbody>\r\n</table>\r\n', '', '2015-03-18 13:35:17', '49', 6, '', '', '', '', '', NULL, 1),
(590, 'hujhiol', '<p>ghjghj</p>\r\n', '', '2015-03-18 02:55:12', '46', 6, '', '', '', '', '', NULL, 1),
(591, 'First News of UFCW 480', '<ol>\n	<li>\n	<h4 style="font-style: italic;">First News of UFCW 480First News of UFCW 480First News of UFCW 480First News of UFCW 480First News of UFCW 480First News of UFCW 480First News of UFCW 480First News of UFCW 480First News of UFCW 480First News of UFCW 480First News of UFCW 480First News of UFCW 480First News of UFCW 480</h4>\n	</li>\n</ol>\n', '', '2015-03-18 03:49:31', '47', 6, '', '', '', '', '', NULL, 1),
(592, 'What is a Union?', '<p><img alt="" src="http://www.ufcwunitedlatinos.org/wp-content/uploads/2015/03/P7250056-e1426700166437.jpg" style="height: 210px; width: 280px;" /></p>\r\n\r\n<h3><span style="color: rgb(55, 65, 71); font-family: Tahoma, arial, verdana, sans-serif; font-size: 14px; line-height: 24.8888893127441px;">Unions are about a simple proposition: By joining together, working women and men gain strength in numbers so they can have a voice at work about what they care about. </span></h3>\r\n\r\n<h3><span style="color: rgb(55, 65, 71); font-family: Tahoma, arial, verdana, sans-serif; font-size: 14px; line-height: 24.8888893127441px;">They negotiate a contract with their employer for things like a fair and safe workplace, better wages, a secure retirement and family-friendly policies such as paid sick leave and scheduling hours. They have a voice in how their jobs get done, creating a more stable, productive workforce that provides better services and products. Always adapting to the challenges of our nation&rsquo;s evolving workforce, unions are meeting the needs of workers in today&rsquo;s flexible and nontraditional work environments. Because no matter what type of job workers are in, by building power in unions, they can speak out for fairness for all working people in their communities and create better standards and a strong middle class across the country.</span></h3>\r\n', '', '2015-03-26 11:08:18', '40.2', 6, '', '', '', '', '', NULL, 1),
(593, 'What is a Union?', '<p><img alt="" src="http://www.ufcwunitedlatinos.org/wp-content/uploads/2015/03/P7250056-e1426700166437.jpg" /></p>\r\n\r\n<p>Working people from all walks of life join together in unions to obtain a voice at work. Union members have a say about pay, benefits, working conditions and how their jobs get done.<span class="ezxmltag-embed embed-size-medium object-right"><a href="http://fixmyjob.com" target="_self"> </a></span></p>\r\n\r\n<p>If you do not have a union at your job, find out more about how to form one. Today, more people are taking the step to form unions on the job than at any time in recent history. You can be one of them!</p>\r\n\r\n<p>Call UFCW Local 480&nbsp;at 808 942.7778 or email us at ufcwlocal480@gmail.com to get more information.&nbsp; Just ask to speak with someone in our organizing&nbsp;department.</p>\r\n', '', '2015-03-26 11:08:58', '40.3', 6, '', '', '', '', '', NULL, 1),
(594, 'The Union Advantage', '<p><img alt="" src="http://ufcw5.org/wp-content/uploads/2015/03/IMG_9528.jpg" style="width: 280px; height: 250px;" /></p>\r\n\r\n<p>Union members have access to a wide array of members-only benefits, including credit cards, scholarships, mortgages, legal services and more. Most of the products and services listed here are members-only. But if you&rsquo;re not represented by a union, you can access some great services and products as well.</p>\r\n\r\n<ul>\r\n	<li><a href="http://www.aflcio.org/About/Member-Benefits/Consumer-Services-from-Union-Plus" target="_self">Union Plus Savings and Benefits</a></li>\r\n	<li><a href="http://ufcw5.org/?page_id=2320" target="_self">Scholarships</a></li>\r\n	<li>Buy American, Buy Union</li>\r\n	<li>UFCW and Union Online Stores</li>\r\n	<li>Customer-Friendly Banking</li>\r\n</ul>\r\n', '', '2015-03-18 10:55:45', '40.4', 6, '', '', '', '', '', NULL, 1),
(595, 'Collective Barganing', '<div class="content-view-embed">\r\n<div class="class-image">\r\n<div class="attribute-image">\r\n<p><img alt="" src="http://ufcw5.org/wp-content/uploads/2015/01/2.jpg" style="width: 280px; height: 150px;" /></p>\r\n\r\n<p>Collective bargaining is the process in which working people, through their unions, negotiate contracts with their employers to determine their terms of employment, including pay, benefits, hours, leave, job health and safety policies, ways to balance work and family and more. Collective bargaining is a way to solve workplace problems.</p>\r\n\r\n<p>After the rights of public employees to collectively bargain for a middle-class life came under attack in 2010, working people in all kinds of jobs as well as students, community supporters, faith leaders and others united to defend this basic right.</p>\r\n\r\n<p>The United States has long lagged behind other industrialized nations in collective bargaining coverage for public- and private-sector workers. Yet the right to collectively bargain is essential so that working men and women have the strength to improve their living standards, provide for their families and build a strong middle class.</p>\r\n\r\n<p><img alt="" src="http://www.aflcio.org/var/ezflow_site/storage/images/media/aflcio/images/collective-bargaining-coverage-graph/6392-1-eng-US/Collective-Bargaining-Coverage-graph_mainstory1.jpg" style="width: 280px; height: 219px;" /></p>\r\n\r\n<div class="content-view-embed">\r\n<div class="class-image">\r\n<div class="attribute-image">&nbsp;</div>\r\n</div>\r\n</div>\r\n</div>\r\n</div>\r\n</div>\r\n', '', '2015-03-18 10:56:26', '41.1', 6, '', '', '', '', '', NULL, 1),
(596, 'New Members', '<p>&nbsp;</p>\r\n\r\n<p>As a new employee in the bargaining unit, you are represented by United Food and Commercial Workers Union Local 480. If you are like many employees, this is the first time you have been represented by a Union and you should have questions as to what this means to you.<br />\r\nUnion representation means that UFCW Union Local 480, with your active participation, negotiates and administers a legally binding contract on your behalf.<br />\r\n<br />\r\nThis contract is also known as a Collective Bargaining Agreement. It sets forth your wages, benefits, hours, and nearly all of your working conditions. Because all employees negotiate together through the Union, Union members receive higher wages and better benefits than non-Union workers in similar jobs. Strength in numbers makes this possible.<br />\r\n<br />\r\nLocal 5 is part of the United Food and Commercial Workers International Union. There are more than 900 affiliated UFCW Locals representing 1.4 million workers in both similar and varied vocations across America and Canada.<br />\r\n<br />\r\nA Union Representative, assigned by the president, administers your contract. Representatives visit locations on a regular basis and have designated days in the office.<br />\r\n<br />\r\nMany of you also have a Union &#39;&#39;steward&#39;&#39; at your place of work. A steward, selected by your Union Representative, is a fellow employee who is both an activist of the Union and a conduit of general information between members and the Union.<br />\r\n<br />\r\nLocal 480&nbsp;conducts general membership meetings on a quarterly basis. These meetings are important and, as a member, you are encouraged to attend and participate in the events of your Union.<br />\r\n<br />\r\nWithout a legally binding contract the law allows employers greater latitude with regard to determining and applying job standards. These conditions all too often leave the individual with little to no recourse when faced with problems. Your Union contract provides a legally binding agreement that is enforceable.</p>\r\n', '', '2015-03-18 10:57:36', '41.2', 6, '', '', '', '', '', NULL, 1),
(597, 'Organizing ', '<p>A union is a group of workers who join together to achieve better wages, better benefits, respect on the job, and a stronger voice in workplace decisions. With the help of a union, workers negotiate a contract with their employer to ensure these things.<br />\r\n<br />\r\nWithout a union, employers have 100% control over its employees and complete authority to make all decisions. Unions give employees some of this control to make their workplace better. A union&#39;s major goal is to give workers a voice on the job for respect, safety, security, better pay and benefits, and other improvements to working conditions.</p>\r\n', '', '2015-03-18 10:59:17', '41.3', 6, '', '', '', '', '', NULL, 1),
(598, 'asgasg', '<p>agaga</p>\r\n', '', '2015-03-18 06:09:54', '41.4', 6, '', '', '', '', '', NULL, 1),
(599, 'asfasfas', '<p>asfafas</p>\r\n', '', '2015-03-18 06:10:06', '41.5', 6, '', '', '', '', '', NULL, 1),
(600, 'asfasfas', '<p>asfasf</p>\r\n', '', '2015-03-18 06:10:17', '42.1', 6, '', '', '', '', '', NULL, 1),
(601, 'asgasg', '<p>asgasga</p>\r\n', '', '2015-03-18 06:10:30', '42.2', 6, '', '', '', '', '', NULL, 1),
(602, 'aasfasgasg', '<p>shhsdhshs</p>\r\n', '', '2015-03-18 06:10:43', '43.1', 6, '', '', '', '', '', NULL, 1),
(604, 'A Message from President Pete Maturino', '<p style="font-family: Georgia, ''Times New Roman'', ''Bitstream Charter'', Times, serif; line-height: 19px;">&nbsp;</p>\r\n\r\n<p style="font-family: Georgia, ''Times New Roman'', ''Bitstream Charter'', Times, serif; line-height: 19px;"><img alt="" src="http://www.ufcwunitedlatinos.org/wp-content/uploads/2015/01/Pete-M-1.jpg" style="width: 280px; height: 269px;" /></p>\r\n\r\n<div id="hdr" style="margin: 0px 0px 10px; padding: 10px; outline: none; border-width: 10px 0px 0px; border-top-style: solid; border-top-color: rgb(0, 37, 87); font-family: inherit; font-size: 16px; font-style: inherit; font-weight: inherit; vertical-align: baseline; overflow: hidden; background: rgb(0, 73, 144);">\r\n<header class="wrapper" id="hdr-content" style="margin: 0px auto; padding: 0px; outline: none; max-width: 980px;">\r\n<h1 class="pagetitle" style="line-height: 1em; margin: 0px 12px 0px 0px; padding: 0px; outline: none; border: 0px; font-family: proxima-nova-condensed, proxima-nova, ''Proxima Nova'', HelveticaNeue, ''Helvetica Neue'', Helvetica, sans-serif; font-size: 1.875em; vertical-align: baseline; font-stretch: normal; color: rgb(255, 255, 255); float: left;">United Latinos of UFCW</h1>\r\n</header>\r\n</div>\r\n\r\n<div class="post" style="margin: 0px; padding: 0px; outline: none; border: 0px; font-family: inherit; font-size: 16px; font-style: inherit; font-weight: inherit; vertical-align: baseline;">\r\n<div class="entry" style="margin: 0px 0px 1.5em; padding: 0px 0px 1.5em; outline: none; border: 0px; font-family: inherit; font-style: inherit; vertical-align: baseline;">\r\n<h2 style="line-height: 1em; margin: 20px 0px 10px; padding: 18px 0px 10px 20px; outline: none; border-width: 10px 0px 1px; border-top-style: solid; border-bottom-style: dotted; border-top-color: rgb(255, 196, 37); border-bottom-color: rgb(0, 73, 144); font-family: proxima-nova-condensed, proxima-nova, ''Proxima Nova'', HelveticaNeue, ''Helvetica Neue'', Helvetica, sans-serif; font-size: 1.875em; vertical-align: baseline; font-stretch: normal; color: rgb(0, 73, 144); min-height: 30px; background-image: url(http://www.ufcwaction.org/wp-content/themes/ufcw/images/bg_hdr.png); background-attachment: initial; background-size: initial; background-origin: initial; background-clip: initial; background-position: 0% 22px; background-repeat: no-repeat;">A message from&nbsp;UFCW United Latinos President Pete Maturino</h2>\r\n\r\n<div><span style="font-family: Georgia, ''Times New Roman'', ''Bitstream Charter'', Times, serif; line-height: 19px; font-size: 13px;">On November 20, 2014 President Obama took a step forward in completing part of a promise to the Latino community and more importantly to the immigrant community all over this country. It is my belief that we should embrace this effort by the President to attempt to fix dysfunctional immigration system and begin the process of helping and or assisting the membership of this Union in completing the application and forms needed to receive the deferred action.</span></div>\r\n\r\n<div>&nbsp;</div>\r\n\r\n<div><span style="font-family: Georgia, ''Times New Roman'', ''Bitstream Charter'', Times, serif; line-height: 19px; font-size: 13px;">One of the most important things we as union officials, whether working through the local union or in partnership with community agency&rsquo;s, is to get the word out to the immigrant community to be very careful of those individuals who&rsquo;s only goal is to take your money and leave you with nothing done.</span></div>\r\n\r\n<div>&nbsp;</div>\r\n\r\n<div><span style="font-family: Georgia, ''Times New Roman'', ''Bitstream Charter'', Times, serif; line-height: 19px; font-size: 13px;">Along with this letter I am attaching information from the National Immigration Law Center on what is believed the law will do and what it means to millions of immigrants, as well as ways the immigrant community can prepare when the applications become available for processing, I hope this will help you in your efforts in helping members through this process.</span></div>\r\n\r\n<div>&nbsp;</div>\r\n\r\n<div><span style="font-family: Georgia, ''Times New Roman'', ''Bitstream Charter'', Times, serif; line-height: 19px; font-size: 13px;">The United Latinos with help of the International and Esther Lopez from the Civil Rights department will be able to assist the immigrant community within our Union not only in providing updated information on changes that may come up in the Presidents directive, but beginning in early December if anyone of you who has a group of members that you feel would benefit from a presentation from the Civil Rights Department on this deferred action, you can contact the United Latinos to make those arrangements.</span></div>\r\n\r\n<div>&nbsp;</div>\r\n\r\n<div><span style="font-family: Georgia, ''Times New Roman'', ''Bitstream Charter'', Times, serif; line-height: 19px; font-size: 13px;">At minimum if there is anything that you feel you need from the Civil Rights Department in order to assist you members on this deferred actio</span></div>\r\n</div>\r\n</div>\r\n', '', '2015-03-25 17:12:02', '34', 2, '', '', '', '', '', NULL, 1),
(605, '', '', '', '2015-03-27 10:01:32', '', 2, '', '', '', '', '', NULL, 1);
INSERT INTO `news` (`news_id`, `title`, `description`, `file`, `time_cone`, `category`, `app_id`, `facebook`, `twitter`, `google`, `pinterest`, `social`, `order`, `published`) VALUES
(606, '', '<p><img alt="" src="http://www.linkedunion.com/wp-content/uploads/2015/04/Screen-Shot-2015-04-01-at-5.01.36-PM.png" style="width: 280px; height: 57px;" /></p>\r\n\r\n<p><big>The United Food and Commercial Workers Union (UFCW) is one of the largest and strongest private sector Unions in North America.&nbsp; UFCW Members work in dozens of industries:</big></p>\r\n\r\n<ul>\r\n	<li>\r\n	<p><big><em>retail food stores</em></big></p>\r\n	</li>\r\n	<li>\r\n	<p><big><em>food processing</em></big></p>\r\n	</li>\r\n	<li>\r\n	<p><big><em>poultry processing</em></big></p>\r\n	</li>\r\n	<li>\r\n	<p><big><em>meat packing plants</em></big></p>\r\n	</li>\r\n	<li>\r\n	<p><big><em>department stores</em></big></p>\r\n	</li>\r\n	<li>\r\n	<p><big><em>banks</em></big></p>\r\n	</li>\r\n	<li>\r\n	<p><big><em>chemical and manufacturing plants</em></big></p>\r\n	</li>\r\n	<li>\r\n	<p><big><em>distilleries</em></big></p>\r\n	</li>\r\n	<li>\r\n	<p><big><em>textile plants</em></big></p>\r\n	</li>\r\n	<li>\r\n	<p><big><em>hospitals and many more workplaces.</em></big></p>\r\n	</li>\r\n</ul>\r\n\r\n<p><big>The UFCW is made up of more than 1.4 million people like you, people working together to improve their lives.</big></p>\r\n\r\n<p><big>The union - and its resources - stand with the members.</big></p>\r\n\r\n<p><big>The UFCW is a strong union, with an informed, active and loyal membership and a progressive and responsive leadership.&nbsp; We are a union whose voice is heard and respected in the labor movement, in Washington, D.C. and Ottawa, in state and provincial capitals, and in international forums overseas: a union that serves its members and that is respected by employers at the collective bargaining table.&nbsp;</big></p>\r\n\r\n<p><big>The UFCW has a national office in Washington, D.C. and more than 900 local unions throughout the United States, Canada, and Puerto Rico.</big></p>\r\n\r\n<p><big>UFCW Local 99 is the largest private sector union in the State of Arizona.</big></p>\r\n\r\n<p><big>The following is a list of companies in Arizona which are currently represented by UFCW Local 99 Collective Bargaining Agreements.</big></p>\r\n\r\n<p><big>&bull;&nbsp;&nbsp; &nbsp;Ace Parking - Phoenix<br />\r\n&bull;&nbsp;&nbsp; &nbsp;Ace Parking - Tucson<br />\r\n&bull;&nbsp;&nbsp; &nbsp;Albertson&#39;s - Yuma<br />\r\n&bull;&nbsp;&nbsp; &nbsp;ALSCO<br />\r\n&bull;&nbsp;&nbsp; &nbsp;Arizona Center for Disability Law<br />\r\n&bull;&nbsp;&nbsp; &nbsp;Arizona Sonora Desert Museum<br />\r\n&bull;&nbsp;&nbsp; &nbsp;Benson Hospital<br />\r\n&bull;&nbsp;&nbsp; &nbsp;Calcot Compress Company<br />\r\n&bull;&nbsp;&nbsp; &nbsp;Community Legal Service<br />\r\n&bull;&nbsp;&nbsp; &nbsp;Compass Group - Eurest Raytheon<br />\r\n&bull;&nbsp;&nbsp; &nbsp;Copper Queen Hospital<br />\r\n&bull;&nbsp;&nbsp; &nbsp;Fry&#39;s Food and Drug<br />\r\n&bull;&nbsp;&nbsp; &nbsp;Fry&#39;s Market Place<br />\r\n&bull;&nbsp;&nbsp; &nbsp;JBS, USA LLC<br />\r\n&bull;&nbsp;&nbsp; &nbsp;Looks Good Printing<br />\r\n&bull;&nbsp;&nbsp; &nbsp;Mission Foods<br />\r\n&bull;&nbsp;&nbsp; &nbsp;NatureSweet USA LLC<br />\r\n&bull;&nbsp;&nbsp; &nbsp;Precept<br />\r\n&bull;&nbsp;&nbsp; &nbsp;Robert B. Yacko D.D.S., P.C.<br />\r\n&bull;&nbsp;&nbsp; &nbsp;Safeway Inc.<br />\r\n&bull;&nbsp;&nbsp; &nbsp;Smith&#39;s Food and Drug<br />\r\n&bull;&nbsp;&nbsp; &nbsp;Southern Arizona Legal Aid<br />\r\n&bull;&nbsp;&nbsp; &nbsp;Southwest Service Administrators<br />\r\n&bull;&nbsp;&nbsp; &nbsp;Trinity Services Group, Inc. - Douglas Corrections<br />\r\n&bull;&nbsp;&nbsp; &nbsp;Trinity Services Group, Inc. - Florence Corrections<br />\r\n&bull;&nbsp;&nbsp; &nbsp;Waste Management</big></p>\r\n', '', '2015-04-02 07:37:31', '50.1', 0, '', '', '', '', 'on', NULL, 1),
(607, '', '<p style="color: rgb(0, 0, 0); font-family: Times; font-size: medium; line-height: normal;"><img alt="" src="http://www.linkedunion.com/wp-content/uploads/2015/04/Screen-Shot-2015-04-01-at-5.01.36-PM.png" style="width: 280px; height: 57px;" /></p>\r\n\r\n<p style="color: rgb(0, 0, 0); font-family: Times; font-size: medium; line-height: normal;"><big><font color="#000000">A Union is you and your co-workers joining together to secure better wages and working conditions.&nbsp; UFCW Local 99 represents the people for the purpose of improving wages, benefits and working conditions.&nbsp; Employees request to be represented by a Union so they &quot;collectively&quot; can have power, under the umbrella of a Union who will do the talking for them.&nbsp; Unions are workers helping workers to:</font></big></p>\r\n\r\n<ul style="color: rgb(0, 0, 0); font-family: Times; font-size: medium; line-height: normal;">\r\n	<li><big><i>Improve wages, benefits, and working conditions;</i></big></li>\r\n	<li><big><i>Have an independent voice at work; and</i></big></li>\r\n	<li><big><i>Be treated with dignity and respect.</i></big></li>\r\n</ul>\r\n', '', '2015-04-01 16:20:48', '50.2', 0, '', '', '', '', '', NULL, 1),
(608, '', '<p class="style24" style="color: rgb(255, 255, 255); font-family: Times; font-size: medium; line-height: normal;"><big><font color="#000000"><img alt="" src="http://www.linkedunion.com/wp-content/uploads/2015/04/Screen-Shot-2015-04-01-at-5.01.36-PM.png" style="width: 280px; height: 57px;" /></font></big></p>\r\n\r\n<p class="style24" style="color: rgb(255, 255, 255); font-family: Times; font-size: medium; line-height: normal;"><big><font color="#000000">The U.S. Government says you have the legal right to join a union or help organize a union where you work.</font></big></p>\r\n\r\n<p class="style24" style="color: rgb(255, 255, 255); font-family: Times; font-size: medium; line-height: normal;"><big><font color="#000000">The more workers join together to fight for their rights, the more management listens to what they have to say.</font></big></p>\r\n\r\n<p class="style24" style="color: rgb(255, 255, 255); font-family: Times; font-size: medium; line-height: normal;"><big><font color="#000000">Only Union members can participate and vote on union contracts.&nbsp; Union contracts are the only way to have a true voice in your workplace.</font></big></p>\r\n\r\n<p class="style24" style="color: rgb(255, 255, 255); font-family: Times; font-size: medium; line-height: normal;"><font color="#000000"><big>The more you and your co-workers are involved in the union, the more everyone gains - better wages, better working conditions, and better benefits.</big></font></p>\r\n', '', '2015-04-01 16:21:49', '50.3', 0, '', '', '', '', '', NULL, 1),
(609, 'Benefits of being a UNION MEMBER', '<p><img alt="" src="http://www.linkedunion.com/wp-content/uploads/2015/04/Screen-Shot-2015-04-01-at-5.01.36-PM.png" style="width: 280px; height: 57px;" /></p>\r\n\r\n<ul style="color: rgb(0, 0, 0); font-family: Times; font-size: medium; line-height: normal;">\r\n	<li><big><font color="#000000">Wages that are 30-35 percent higher than non-union workers (Department of Labor statistics).</font></big></li>\r\n	<li><big><font color="#000000">Sick pay</font></big></li>\r\n	<li><big><font color="#000000">Paid holidays</font></big></li>\r\n	<li><big><font color="#000000">Time and one-half for over eight hours worked and, in many contracts, tine and one-half for Sunday work</font></big></li>\r\n	<li><big><font color="#000000">Free (no employee contribution) health insurance in most agreements covering you and your family for both full-time and part-time workers -&nbsp;<i>one of the best plans in Arizona</i>.&nbsp;</font></big></li>\r\n	<li><big><font color="#000000">Guaranteed work hours for full-time workers and, in most contracts, for part-time workers.</font></big></li>\r\n	<li><big><font color="#000000">Pension&nbsp;<u>fully</u>&nbsp;paid by the employer.</font></big></li>\r\n	<li><big><font color="#000000">Representation, job security, and a voice in the workplace that is only a dream for non-union workers.</font></big></li>\r\n	<li><big><a href="http://www.ufcw99.com/Webs/web3/member_only_discount_providers.htm" style="color: rgb(0, 0, 128);"><font color="#000000">Member-only benefits</font></a>&nbsp;<font color="#000000">including dental care, chiropractic care,&nbsp; legal referral and discount vacation packages, discount sporting event, amusement/theme park, and show tickets, restaurant discounts, car care discounts, financial service discounts and many, many more.</font></big></li>\r\n</ul>\r\n', '', '2015-04-01 16:28:01', '50.4', 0, '', '', '', '', '', NULL, 1),
(610, 'Collective Bargaining and Grievance Procedure', '<p><img alt="" src="http://www.linkedunion.com/wp-content/uploads/2015/04/Screen-Shot-2015-04-01-at-5.01.36-PM.png" style="width: 280px; height: 57px;" /></p>\r\n\r\n<table align="right" border="1" bordercolor="#313974" cellpadding="0" cellspacing="0" style="line-height:normal;" width="100%">\r\n	<tbody>\r\n		<tr>\r\n			<td>\r\n			<table border="0" width="100%">\r\n				<tbody>\r\n					<tr>\r\n						<td>GRIEVANCE PROCEDURE</td>\r\n					</tr>\r\n				</tbody>\r\n			</table>\r\n			</td>\r\n		</tr>\r\n	</tbody>\r\n</table>\r\n\r\n<p>&nbsp;</p>\r\n\r\n<table border="0" style="line-height:normal;" width="100%">\r\n	<tbody>\r\n		<tr>\r\n			<td>\r\n			<p><big>The grievance procedure is the cornerstone of any Union contract.&nbsp; The grievance process is the means to enforce the contract.&nbsp; Without it, everything else in the contract would be unenforceable and thus meaningless.</big></p>\r\n\r\n			<p><big>Last year alone, UFCW Local 99 filed 1,303 grievances for our members.&nbsp; We were also successful in reinstating 71 employees who had been terminated.&nbsp; Of course, not everyone who was fired got their job back, nor did we win every grievance filed.</big></p>\r\n\r\n			<p><big>The grievance procedure in our Agreements with all our employers, has an arbitration clause that calls for a final step if a grievance cannot be resolved.&nbsp;&nbsp; An arbitration is a hearing before a neutral third party whose decision is final and binding on all parties.&nbsp; The vast majority of cases, however, never get to that level.&nbsp; Generally, we only proceed to arbitration on termination cases that we believe we have a good chance of winning or to enforce a provision of our Agreement.</big></p>\r\n\r\n			<p><big>Whenever the Union files a grievance on behalf of an employee, we ask that employee to submit a statement of all the relevant facts.&nbsp; For the Union to successfully move forward on a grievance, we need as much information as possible, including potential witnesses that can be interviewed to further prove the case.</big></p>\r\n\r\n			<p><big>Your Union attempts to resolve grievances as soon as possible.&nbsp; Still, the process can take a while.&nbsp;Witnesses may have to be interviewed, we might be waiting for a response from your employer, or we may have to research past cases of a similar nature.&nbsp; A case that goes to arbitration could take up to a year or more from the date of the initial filing to the receipt of a decision from an arbitrator.&nbsp; Obviously, the sooner we receive information from the grievant and the more complete that information is, the sooner we will be able to resolve that grievance one way or another.If you want to file a grievance, you must call directly to your Union Representative.&nbsp; You cannot file a grievance or notify the Union that you want a grievance filed through this web site.&nbsp;&nbsp;<a href="http://ufcw99.org/uniondirectory2new.htm" target="_self">Contact your Union Representative</a>.</big></p>\r\n\r\n			<p><big><u><strong>HELPFUL INFORMATION</strong></u></big></p>\r\n\r\n			<p><big><strong><a>Protect Yourself! Keep Copies of Everything You Turn in And Know Your Rights During Security Interrogations</a></strong></big></p>\r\n\r\n			<p><big>Protect yourself! Always keep a copy of everything you turn in to your employer. For example, if you take time off because of illness, make copies of any doctor&rsquo;s notes that you turn in, as well as paperwork that you fill out for the company when you go on a leave of absence. This includes forms that you prepare under the Family and Medical Leave Act (FMLA). Hold on to all of these copies for your personal records.</big></p>\r\n\r\n			<p><big>Here is another way you can protect yourself: If you are called into your manager&rsquo;s office and are asked to write a statement about something that happened, always ask if this could lead to you being disciplined. If the answer is no and they ask questions about something that happened involving a co-worker, request that you be allowed to make your statement in writing. As always, keep a copy of the statement for your records.</big></p>\r\n\r\n			<p><big>If they say yes, and it may lead to you being disciplined, ask that your Union Representative be present. It is you right to have a Representative present during any investigative meeting that might lead to discipline.</big></p>\r\n\r\n			<p><big>If you are just being issued discipline, such as a written warning, a suspension or a suspension pending investigation, you must sign receipt of the discipline and then call your e or to file a grievance of objection. Don&rsquo;t forget to get a copy for your personal files.</big></p>\r\n\r\n			<p><big>If you are called into your manager&rsquo;s office and &ldquo;security&rdquo; personnel are present, you must request a Union Representative before you answer any questions re questioned by security or management, so it&rsquo;s always in your best interest to request that could result in discipline. It&rsquo;s called your<a href="http://ufcw99.org/collectivebargainingn', '', '2015-04-01 16:27:30', '51.1', 0, '', '', '', '', '', NULL, 1),
(611, '', '<p style="color: rgb(0, 0, 0); font-family: Times; font-size: medium; line-height: normal;"><img alt="" src="http://www.linkedunion.com/wp-content/uploads/2015/04/Screen-Shot-2015-04-01-at-5.01.36-PM.png" style="height: 57px; width: 280px;" /></p>\r\n\r\n<p style="color: rgb(0, 0, 0); font-family: Times; font-size: medium; line-height: normal;">Rules and Eligibility</p>\r\n\r\n<p style="color: rgb(0, 0, 0); font-family: Times; font-size: medium; line-height: normal;">1. Applicants must establish basic eligibility by applying for a scholarship award and completing the UFCW LOCAL 99 SCHOLARSHIP AWARDS COMPETITION APPLICATION published in the 99Report (see next page). This application must be returned to Local 99 no later than February 28, 2012.</p>\r\n\r\n<p style="color: rgb(0, 0, 0); font-family: Times; font-size: medium; line-height: normal;">Send it to:&nbsp;<br />\r\nUFCW Local 99<br />\r\nAttn: Scholarship Desk<br />\r\n2401 N. Central Ave., 2nd Floor Phoenix, AZ 85004.</p>\r\n\r\n<p style="color: rgb(0, 0, 0); font-family: Times; font-size: medium; line-height: normal;">2. The applicant must be a member or a child or spouse of a member.</p>\r\n\r\n<p style="color: rgb(0, 0, 0); font-family: Times; font-size: medium; line-height: normal;">3. The applicant must be at least a senior in high school to compete.</p>\r\n\r\n<p style="color: rgb(0, 0, 0); font-family: Times; font-size: medium; line-height: normal;">4. Eligibility requirements state that you must remain a member of Local 99 in continuous good standing through June 30. This means that the member on whose eligibility you applied cannot be suspended, take a withdrawal or transfer to another union local. Failure to comply through the eligibility requirements will disqualify you from competition as an applicant, finalist or winner.</p>\r\n\r\n<p style="color: rgb(0, 0, 0); font-family: Times; font-size: medium; line-height: normal;">5. Scores can only be used in Local 99&#39;s competition.</p>\r\n\r\n<p style="color: rgb(0, 0, 0); font-family: Times; font-size: medium; line-height: normal;">6. Fire, police and sheriff, etc. academy applicants and beauticians and electronics applicants may apply under the vocational category only.<br />\r\n7. An independent Scholarship Com&shy;mittee composed of leading citizens of the community will be responsible for the selection of a group of finalists, based on their examination scores. Finalists must submit additional information and appear before the committee for a personal interview. After the personal interviews, the committee will select the winners.</p>\r\n\r\n<p style="color: rgb(0, 0, 0); font-family: Times; font-size: medium; line-height: normal;">8. Collegiate awards are not restricted as to level of study.</p>\r\n\r\n<p style="color: rgb(0, 0, 0); font-family: Times; font-size: medium; line-height: normal;">9. Vocational awards are separate from college awards.</p>\r\n\r\n<p style="color: rgb(0, 0, 0); font-family: Times; font-size: medium; line-height: normal;">10. All awards are contingent upon the student being accepted by and registering at an accredited school.</p>\r\n\r\n<p style="color: rgb(0, 0, 0); font-family: Times; font-size: medium; line-height: normal;">11. Winners must be full-time students taking at least 12 units (undergraduate and vocational) or nine (graduate) for full-time awards and at least six units for part-time awards.</p>\r\n\r\n<p style="color: rgb(0, 0, 0); font-family: Times; font-size: medium; line-height: normal;">12. Decisions of the scholarship committee are final.</p>\r\n\r\n<p style="color: rgb(0, 0, 0); font-family: Times; font-size: medium; line-height: normal;">13. Applicants are not eligible if they previously received award monies.</p>\r\n\r\n<p style="color: rgb(0, 0, 0); font-family: Times; font-size: medium; line-height: normal;">14. Test scores from previous competitions are not acceptable in the current competition.</p>\r\n\r\n<p style="color: rgb(0, 0, 0); font-family: Times; font-size: medium; line-height: normal;">15. The scholarship committee reserves the right to adjust the award monies.</p>\r\n\r\n<p style="color: rgb(0, 0, 0); font-family: Times; font-size: medium; line-height: normal;"><strong><a href="http://ufcw99.org/documents/99ScholarshipApplication2014%20new.pdf" style="color: rgb(25, 32, 103);">DOWNLOAD SCHOLARSHIP APPLICATION</a></strong></p>\r\n', '', '2015-04-01 18:30:07', '52.2', 0, '', '', '', '', '', NULL, 1),
(612, 'hi', '<p>hello</p>\r\n', '', '2015-04-01 13:44:21', '56', 7, '', '', '', '', '', NULL, 1),
(613, '', '<h2 style="margin: 20px 0px 10px; padding: 18px 0px 10px 20px; outline: none; border-width: 10px 0px 1px; border-top-style: solid; border-bottom-style: dotted; border-top-color: rgb(255, 196, 37); border-bottom-color: rgb(0, 73, 144); font-family: proxima-nova-condensed, proxima-nova, ''Proxima Nova'', HelveticaNeue, ''Helvetica Neue'', Helvetica, sans-serif; font-size: 1.875em; vertical-align: baseline; font-stretch: normal; line-height: 1em; color: rgb(0, 73, 144); min-height: 30px; background-image: url(http://www.ufcw.org/wp-content/themes/ufcw/images/bg_hdr.png); background-attachment: initial; background-size: initial; background-origin: initial; background-clip: initial; background-position: 0% 22px; background-repeat: no-repeat;">Shop Union and&nbsp;Patronize Union Workplaces</h2>\r\n\r\n<p style="margin: 0px 0px 10px; padding: 0px; outline: none; border: 0px; font-family: proxima-nova, ''Proxima Nova'', HelveticaNeue, ''Helvetica Neue'', Helvetica, sans-serif; font-size: 16px; vertical-align: baseline; color: rgb(102, 102, 102); line-height: normal;">&nbsp;</p>\r\n\r\n<p style="margin: 5px 0px; padding: 0px; border: 0px; font-size: 14px; vertical-align: baseline; color: rgb(119, 119, 119); font-family: ''Open Sans'', Helvetica, Arial, sans-serif; line-height: 24.8888893127441px;">The following is a list of UFCW 99 Union workplaces. When you choose to patronize a union workplace, you are making&nbsp;<a href="http://ufcw648.org/wp-content/uploads/2014/03/9774249_1.jpg" style="margin: 0px; padding: 0px; border: 0px; vertical-align: baseline; color: rgb(56, 56, 56); text-decoration: none;"><img alt="9774249_1" class="alignright  wp-image-149" height="202" src="http://ufcw648.org/wp-content/uploads/2014/03/9774249_1-300x252.jpg" style="margin: 5px 0px 15px 15px; padding: 0px; border: 0px; vertical-align: bottom; max-width: 100%; height: auto; float: right;" width="240" /></a>a&nbsp;choice to support your community and a better quality of life for the people who live there. By having a voice in the workplace, union members can improve working conditions for ourselves and the people we serve every day.</p>\r\n\r\n<p style="margin: 5px 0px; padding: 0px; border: 0px; font-size: 14px; vertical-align: baseline; color: rgb(119, 119, 119); font-family: ''Open Sans'', Helvetica, Arial, sans-serif; line-height: 24.8888893127441px;"><strong style="margin: 0px; padding: 0px; border: 0px; vertical-align: baseline;">Grocery and Meat</strong><br />\r\n<strong style="margin: 0px; padding: 0px; border: 0px; vertical-align: baseline;">Retail</strong><br />\r\n<strong style="margin: 0px; padding: 0px; border: 0px; vertical-align: baseline;">Health Care</strong><br />\r\n<strong style="margin: 0px; padding: 0px; border: 0px; vertical-align: baseline;">Other Industries</strong></p>\r\n\r\n<h3 style="margin: 0px; padding: 10px 0px; border: 0px; font-size: 22px; vertical-align: baseline; clear: both; color: rgb(51, 51, 50); line-height: 1.6; font-family: ''Open Sans'', Helvetica, Arial, sans-serif;">Why Patronizing Union Matters</h3>\r\n\r\n<p style="margin: 5px 0px; padding: 0px; border: 0px; font-size: 14px; vertical-align: baseline; color: rgb(119, 119, 119); font-family: ''Open Sans'', Helvetica, Arial, sans-serif; line-height: 24.8888893127441px;">Union members, on average get paid more in wages, get better health benefits, vacation, sick leave and retirement plan than non-union members. And union members have a contract with their employer that helps protects them from favoritism and unjust treatment on the job.<br />\r\nAs a customer or patient, where you choose to spend your money and get your health care sends a message. Thank you for choosing a union workplace when shopping. It makes a difference.</p>\r\n\r\n<h2 style="margin: 20px 0px 10px; padding: 18px 0px 10px 20px; outline: none; border-width: 10px 0px 1px; border-top-style: solid; border-bottom-style: dotted; border-top-color: rgb(255, 196, 37); border-bottom-color: rgb(0, 73, 144); font-family: proxima-nova-condensed, proxima-nova, ''Proxima Nova'', HelveticaNeue, ''Helvetica Neue'', Helvetica, sans-serif; font-size: 1.875em; vertical-align: baseline; font-stretch: normal; line-height: 1em; color: rgb(0, 73, 144); min-height: 30px; background-image: url(http://www.ufcw.org/wp-content/themes/ufcw/images/bg_hdr.png); background-attachment: initial; background-size: initial; background-origin: initial; background-clip: initial; background-position: 0% 22px; background-repeat: no-repeat;">Shop Union Directory</h2>\r\n\r\n<p style="margin: 0px 0px 10px; padding: 0px; outline: none; border: 0px; font-family: proxima-nova, ''Proxima Nova'', HelveticaNeue, ''Helvetica Neue'', Helvetica, sans-serif; font-size: 16px; vertical-align: baseline; color: rgb(102, 102, 102); line-height: normal;">To Come</p>\r\n', '', '2015-04-01 20:03:16', '59', 7, '', '', '', '', '', NULL, 1),
(614, 'Union Meetings in Phoenix', '<p><img alt="" src="http://www.linkedunion.com/wp-content/uploads/2015/04/Screen-Shot-2015-04-01-at-5.01.36-PM.png" style="width: 280px; height: 57px;" /></p>\r\n\r\n<p><b style="color: rgb(0, 0, 0); font-family: Times; font-size: medium; line-height: normal; text-align: -webkit-center;"><font face="Times New Roman"><u><span class="style2">Phoenix</span></u><br />\r\n<span class="style2">7:00 P.M.<br />\r\n&nbsp;UFCW Conference Center<br />\r\n&nbsp;2401 N. Central Ave<br />\r\n&nbsp;1st Floor</span></font></b></p>\r\n\r\n<p><span style="color: rgb(0, 0, 0); font-family: ''Times New Roman'', Times, serif; font-size: medium; line-height: normal; text-align: -webkit-center;">Tuesday, March 11, 2014</span><br style="color: rgb(0, 0, 0); font-family: ''Times New Roman'', Times, serif; font-size: medium; line-height: normal; text-align: -webkit-center;" />\r\n<span style="color: rgb(0, 0, 0); font-family: ''Times New Roman'', Times, serif; font-size: medium; line-height: normal; text-align: -webkit-center;">Tuesday, June 10, 2014</span><br style="color: rgb(0, 0, 0); font-family: ''Times New Roman'', Times, serif; font-size: medium; line-height: normal; text-align: -webkit-center;" />\r\n<span style="color: rgb(0, 0, 0); font-family: ''Times New Roman'', Times, serif; font-size: medium; line-height: normal; text-align: -webkit-center;">Tuesday, September 9, 2014</span><br style="color: rgb(0, 0, 0); font-family: ''Times New Roman'', Times, serif; font-size: medium; line-height: normal; text-align: -webkit-center;" />\r\n<span style="color: rgb(0, 0, 0); font-family: ''Times New Roman'', Times, serif; font-size: medium; line-height: normal; text-align: -webkit-center;">Tuesday, December 9, 2014</span></p>\r\n', '', '2015-04-01 19:54:15', '58', 7, '', '', '', '', '', NULL, 1),
(615, 'Safeway sells real estate arm Property Development Centers for $830 million', '<table border="0" cellpadding="3" cellspacing="3" style="color: rgb(0, 0, 0); font-family: Times; font-size: medium; line-height: normal;" width="100%">\r\n	<tbody>\r\n		<tr>\r\n			<td align="center" bgcolor="#2D2A6E">\r\n			<h2><strong><span class="style14" style="color: rgb(255, 255, 255);">Union News</span></strong></h2>\r\n			</td>\r\n		</tr>\r\n	</tbody>\r\n</table>\r\n\r\n<table border="0" cellpadding="4" cellspacing="0" style="color: rgb(0, 0, 0); font-family: Times; font-size: medium; line-height: normal;" width="100%">\r\n	<tbody>\r\n		<tr>\r\n			<td bgcolor="#FFFFFF" class="style16" height="100" style="color: rgb(255, 255, 255);" valign="top">\r\n			<p class="style2" style="color: rgb(0, 0, 0);"><br />\r\n			<span class="style26" style="font-style: italic; font-weight: bold;">By Annie Sciacca, Reporter- San Francisco Business Times</span></p>\r\n\r\n			<p class="style2" style="color: rgb(0, 0, 0);"><big>Safeway Inc. has sold shopping center and real estate development assets worth $830 million from its subsidiary, Property Development Centers, LLC, to Carlsbad-based Terramar Retail Centers.</big></p>\r\n\r\n			<p class="style2" style="color: rgb(0, 0, 0);"><big>Safeway undertook the sale of PDC in connection with the pending merger between Pleasanton-based Safeway and grocery chain Albertsons, the grocery chain said in a company statement. The merger was announced in March and is expected to close in January.</big></p>\r\n\r\n			<p class="style2" style="color: rgb(0, 0, 0);"><big>The properties sold to Terramar include 11 completed retail shopping centers, nine retail shopping centers under construction &mdash; including a 24-acre retail project and housing complex in Walnut Creek, the Orchards, that will be anchored by a 55,000-square-foot Safeway &mdash; and five projects in &quot;due diligence&quot; and entitlement phases, the statement said.</big></p>\r\n\r\n			<p class="style2" style="color: rgb(0, 0, 0);"><big>PDC was formed by Safeway in 2008 to develop retail shopping centers. The centers and projects are located predominantly in California and Hawaii, and most of them have a Safeway as a primary anchor tenant.</big></p>\r\n\r\n			<p class="style2" style="color: rgb(0, 0, 0);"><big>Safeway Inc. operates Safeway, Vons, Pavilions, Randalls, Tom Thumb, and Carrs stores. The company reported sales of $35.1 billion in 2013 and employs about 138,000 people. It currently operates 1,326 stores in 20 states and the District of Columbia as well as 13 distribution centers and 19 manufacturing plants.</big></p>\r\n\r\n			<p class="style2" style="color: rgb(0, 0, 0);"><big>Source:&nbsp;<a href="http://www.bizjournals.com/sanfrancisco/blog/2014/12/safeway-sells-real-estate-arm-for-830-million.html" style="color: rgb(25, 32, 103);" target="_blank">www.bizjournals.com</a></big></p>\r\n			</td>\r\n		</tr>\r\n	</tbody>\r\n</table>\r\n', '', '2015-04-01 19:43:20', '57', 7, '', '', '', '', '', NULL, 1),
(616, 'Castle n Coasters', '<p style="color: rgb(0, 0, 0); font-family: Times; font-size: medium; line-height: normal;">&nbsp;</p>\r\n\r\n<p style="color: rgb(0, 0, 0); font-family: Times; font-size: medium; line-height: normal;"><big>Whether you&#39;re young or old, big or small, you&#39;ll find lots of fun, food and excitement at Arizona&#39;s Finest Family Fun and Thrill Park.<br />\r\nFrom the thrilling sky high&nbsp;<a href="http://www.castlesncoasters.com/desert.html" style="color: rgb(25, 32, 103);" target="_blank">roller coasters</a>&nbsp;and exciting&nbsp;<a href="http://www.castlesncoasters.com/splash.html" style="color: rgb(25, 32, 103);" target="_blank">water rides</a>, to the exotic countries of the world class&nbsp;<a href="http://www.castlesncoasters.com/golf.html" style="color: rgb(25, 32, 103);" target="_blank">miniature golf</a>course and enchantment of an old fashioned&nbsp;<a href="http://www.castlesncoasters.com/carrousel.html" style="color: rgb(25, 32, 103);" target="_blank">carrousel</a>, there&#39;s magic and new adventures waiting for you and your family at Castles N&#39; Coasters.</big></p>\r\n\r\n<p class="style15" style="color: rgb(255, 0, 0); font-family: Times; font-size: medium; line-height: normal;"><big>All day ride pass and one round of golf: $22.50 (plus tax) for adult and child ticket (gate price is $30.00). Purchase tickets at the Union off<samp>â€‹</samp>ice. (on-line purchase)</big></p>\r\n', '', '2015-04-01 18:18:35', '55', 7, '', '', '', '', '', NULL, 1),
(617, '', '<p><img alt="" src="http://www.linkedunion.com/wp-content/uploads/2015/04/Screen-Shot-2015-04-01-at-5.01.36-PM.png" style="height: 57px; width: 280px;" /></p>\r\n\r\n<p>UFCW 99 is the state&rsquo;s largest private sector union &ndash; with members working in grocery store, retail, health care, meat processing, and other industry jobs. UFCW 99 is a chartered member of UFCW International with over 1.4 million workers in North America.<br />\r\nWhen workers come together in a union they have the collective strength to meet as equals with their employer. This allows workers to bargain for better wages and benefits, and have more protection from unfair and unsafe working conditions. That is why most workers want to be part of a union.</p>\r\n\r\n<p>We work in three key ways:<br />\r\nOrganizing workplaces where workers want to have a union but do not yet have one.<br />\r\nBuilding a strong union membership in workplaces where we already have a union by: bargaining contracts that improve wages, benefits and working condition; fighting to defend the rights we have won at the bargaining table and in state and federal law; and training and developing union leaders.<br />\r\nMaking sure that the voice of workers is heard in the halls of government and on the campaign trail. Thought education and action of thousands of members, UFCW 99 is an active voice in political elections as well as lobbying for workers in the state and nation&rsquo;s capital.</p>\r\n', '', '2015-04-01 16:32:28', '51.2', 7, '', '', '', '', '', NULL, 1),
(618, '', '<h2 style="font-style:italic;"><img alt="" src="http://www.linkedunion.com/wp-content/uploads/2015/04/Screen-Shot-2015-04-01-at-5.01.36-PM.png" style="width: 280px; height: 57px;" /></h2>\r\n\r\n<p style="font-style: italic;"><strong><big>ORGANIZING 101</big></strong></p>\r\n\r\n<p><br />\r\n<big>A union is a group of workers who join together to achieve better wages, better benefits, respect on the job, and a stronger voice in workplace decisions. With the help of a union, workers negotiate a contract with their employer to ensure these things.</big></p>\r\n\r\n<p><big>Without a union, employers have 100% control over its employees and complete authority to make all decisions. Unions give employees some of this control to make their workplace better. A union&rsquo;s major goal is to give workers a voice on the job for respect, safety, security, better pay and benefits, and other improvements to working conditions.</big></p>\r\n\r\n<p><big>&nbsp;<br />\r\n<strong>YOUR RIGHTS</strong><br />\r\nIt is important for you as an employee to know and understand all your rights as a valuable part of your company. When working to unionize your store, there are certain things your employers cannot, by law, ask you about, threaten you with, or comment on. These regulations have been stipulated by the National Labor Relations Act. Should you become the victim of any of the following, contact a union representative immediately.</big></p>\r\n\r\n<p><strong>29 Things that Your Employer Can Not Do. Any of the acts listed below constitutes a violation of the National Labor Act.</strong></p>\r\n\r\n<ul>\r\n	<li><big>Attend any union meeting, park across the street from a union meeting or engage in any undercover activity which would indicate that the employees are being kept under surveillance to determine who is and who is not participating in the Union.</big></li>\r\n	<li><big>Tell employees that the company will fire or punish employees if they engage in union activity.</big></li>\r\n	<li><big>Lay off, discharge or discipline any employee for union activity.</big></li>\r\n	<li><big>Grant employees wage increases, special concessions or benefits in order to keep the union out.</big></li>\r\n	<li><big>Bar employee-union representatives from soliciting employees&#39; membership on or off company property during non-working hours.</big></li>\r\n	<li><big>Ask employees what they think about the union or a union representative.</big></li>\r\n	<li><big>Ask employees how they intend to vote in a union election.</big></li>\r\n	<li><big>Ask employees about union matters, meetings, etc.</big></li>\r\n	<li><big>Threaten employees with reprisal for participating in union activities. &nbsp;For example, threaten to shut down a facility, or close the business, curtail operations or reduce employee&#39;s benefits.</big></li>\r\n	<li><big>Promise benefits to employees if they reject the union.</big></li>\r\n	<li><big>Give financial support or other assistance to a union.</big></li>\r\n	<li><big>Announce that the company will not deal with the union.</big></li>\r\n	<li><big>Threaten to close, or actually do close or move a business in order to avoid dealing with a union.</big></li>\r\n	<li><big>Ask an employee, during the hiring interview, about his or her affiliation with a labor organization &nbsp;or how that individual feels about unions.</big></li>\r\n	<li><big>Ask employees whether or not they belong to a union, or have signed a union card for union representation.</big></li>\r\n	<li><big>Act in a way that might show preference for an anti-union employee.</big></li>\r\n	<li><big>Make distinctions between pro-union and anti-union employees when assigning work assignments or overtime.</big></li>\r\n	<li><big>Purposely separate pro-union employees and keep them apart from anti-union employees.</big></li>\r\n	<li><big>Workers on the basis of union affiliations or activities.</big></li>\r\n	<li><big>Fail to grant a scheduled benefit or wage increase because of union activity.</big></li>\r\n	<li><big>Getting rid of a union supporter.</big></li>\r\n	<li><big>Ask&nbsp;an employee&#39;s job or rate of pay.</big></li>\r\n	<li><big>Threaten a union member through a third party.</big></li>\r\n	<li><big>Threaten workers or coerce them in an attempt to influence their vote in a union election.</big></li>\r\n	<li><big>Promise employees a reward or benefit if they &quot;vote no&quot;.</big></li>\r\n	<li><big>Say that unionization will force the company to lay off employees.</big></li>\r\n	<li><big>Say that unionization will do away with vacations or other benefits and privileges in effect.</big></li>\r\n	<li><big>Start a petition against the union or encourage its circulation.</big></li>\r\n	<li><big>Urge employees to try to induce others to oppose the union</big></li>\r\n</ul>\r\n', '', '2015-04-02 08:21:18', '51.3', 7, '', '', '', '', '', NULL, 1),
(619, '', '<p><img alt="" src="http://www.linkedunion.com/wp-content/uploads/2015/04/Screen-Shot-2015-04-01-at-5.01.36-PM.png" style="width: 280px; height: 57px;" /></p>\r\n\r\n<p>&nbsp;</p>\r\n\r\n<table border="0" cellpadding="0" cellspacing="0" style="color: rgb(0, 0, 0); font-family: Times; font-size: medium; line-height: normal;" width="100%">\r\n	<tbody>\r\n		<tr>\r\n			<td>\r\n			<table border="0" cellpadding="10" width="100%">\r\n				<tbody>\r\n					<tr>\r\n						<td bgcolor="#2D2A6E" height="41" valign="top">\r\n						<div align="left">\r\n						<h3 class="style24" style="color: rgb(255, 255, 255);">POLITICAL AFFAIRS</h3>\r\n						</div>\r\n						</td>\r\n					</tr>\r\n				</tbody>\r\n			</table>\r\n			</td>\r\n		</tr>\r\n		<tr>\r\n			<td>\r\n			<table border="0" width="100%">\r\n				<tbody>\r\n					<tr>\r\n						<td valign="top" width="50%">\r\n						<ul class="style31" style="font-weight: bold;">\r\n							<li><a href="http://ufcw99.org/politicalaffairsnew.htm#PAC" style="color: rgb(25, 32, 103);">Political Action Committee (PAC</a><a href="http://ufcw99.org/politicalaffairsnew.htm#PAC" style="color: rgb(25, 32, 103);">)</a></li>\r\n							<li><a href="http://ufcw99.org/politicalaffairsnew.htm#REGISTER" style="color: rgb(25, 32, 103);">Register to Vote</a></li>\r\n						</ul>\r\n						</td>\r\n						<td valign="top" width="50%">\r\n						<ul class="style31" style="font-weight: bold;">\r\n							<li><a href="http://ufcw99.org/politicalaffairsnew.htm#COMMUNITY" style="color: rgb(25, 32, 103);">Community Involvement</a></li>\r\n						</ul>\r\n						</td>\r\n					</tr>\r\n				</tbody>\r\n			</table>\r\n			</td>\r\n		</tr>\r\n	</tbody>\r\n</table>\r\n\r\n<table border="0" style="color: rgb(0, 0, 0); font-family: Times; font-size: medium; line-height: normal;" width="100%">\r\n	<tbody>\r\n		<tr>\r\n			<td>\r\n			<p class="style2" style="font-weight: bold;">When the Framers of the U.S. Constitution met over 200 years ago, they envisioned a free society to determine its own destiny.&nbsp; History has demonstrated that a free people through representative government can enlighten people &#39;to form a more perfect union.&#39;&nbsp; Ending slavery, child labor, and giving all Americans the right to vote are milestones in our experiment with democracy.</p>\r\n\r\n			<p class="style2" style="font-weight: bold;">However, democracy is not a spectator sport.&nbsp; Sitting on the sidelines is not going to change the outcome of the game.&nbsp; Democracy demands participation.&nbsp; Majority rule should not be determined by the few.&nbsp; You can be assured, if you don&#39;t vote, your vote doesn&#39;t count or make a difference.</p>\r\n\r\n			<p class="style2" style="font-weight: bold;">UFCW Community Affairs Department was established to encourage UFCW members to exercise their right to participate in the political process.&nbsp; Registering members to vote, voting for labor friendly candidates, holding elected officials accountable, political education, and lobbying to protect our members&#39; interests, are major activities of the Community Affairs Department.</p>\r\n\r\n			<p class="style2" style="font-weight: bold;">You can make your union a more effective organization in our pursuit in making government &quot;of the people, by the people, for the people&quot; more responsive to the people.&nbsp; Get involved today to make tomorrow a better place for all.</p>\r\n			</td>\r\n		</tr>\r\n	</tbody>\r\n</table>\r\n\r\n<table align="right" border="0" bordercolor="#313974" cellpadding="0" cellspacing="0" style="color: rgb(0, 0, 0); font-family: Times; font-size: medium; line-height: normal;" width="100%">\r\n	<tbody>\r\n		<tr>\r\n			<td valign="top">\r\n			<table bgcolor="#313974" border="0" width="100%">\r\n				<tbody>\r\n					<tr>\r\n						<td bgcolor="#2D2A6E" class="style16" style="color: rgb(255, 255, 255); text-align: center;"><a id="PAC" name="PAC"></a>POLITICAL ACTION COMMITTEE (PAC)</td>\r\n					</tr>\r\n				</tbody>\r\n			</table>\r\n\r\n			<table border="0" cellpadding="0" cellspacing="0" width="100%">\r\n				<tbody>\r\n					<tr>\r\n						<td valign="top" width="100%">\r\n						<p align="left"><font color="#000000">The UFCW Political Action Committee is a segregated fund of voluntary payroll deductions of $1.00 or more per week from UFCW members.&nbsp; The funds raised are used to help elect labor friendly candidates in our cities, counties and at the state Legislature.&nbsp; State law strictly prohibits unions or corporations to use general revenue for political campaigns.</font></p>\r\n\r\n						<p align="left"><font color="#000000">A candidate will receive UFCW Local 99&#39;s endorsement based on their support or position on working family issues; not on party affiliation.&nbsp; Issues such as worker&#39;s right to organize, collective bargaining, living wages, and quality health care to mention a few, determine who gets our support.</font></p>\r\n\r\n						<p align="left"><font color="#000000">A successful political campaign needs a qualified candidate, volunteers, and money.&nbsp; Money allows the&nbsp; candidate to deliver their message to the voters.&nbsp; Direct mai', '', '2015-04-01 16:49:47', '51.4', 7, '', '', '', '', '', NULL, 1),
(620, '', '<p><img alt="" src="http://www.linkedunion.com/wp-content/uploads/2015/04/Screen-Shot-2015-04-01-at-5.01.36-PM.png" style="width: 280px; height: 57px;" /></p>\r\n\r\n<p><span style="color: rgb(0, 0, 0); font-family: Arial, Helvetica, sans-serif; font-size: 12.8000001907349px; line-height: 19.2000007629395px;">Without doubt one great advantage of being a union member is better than average wages and benefits. And without doubt, when workers earn good wages the entire community benefits. Good income means there is more money to spend throughout the community and workers with good incomes are not dependent on government subsidies or public health services.</span><br style="color: rgb(0, 0, 0); font-family: Arial, Helvetica, sans-serif; font-size: 12.8000001907349px; line-height: 19.2000007629395px;" />\r\n<br style="color: rgb(0, 0, 0); font-family: Arial, Helvetica, sans-serif; font-size: 12.8000001907349px; line-height: 19.2000007629395px;" />\r\n<span style="color: rgb(0, 0, 0); font-family: Arial, Helvetica, sans-serif; font-size: 12.8000001907349px; line-height: 19.2000007629395px;">Because union workers on average earn anywhere from 20% to 40% more in hourly wages than non-union, and have superior health and welfare benefits, their spending power is stronger. And in a community a where residents have good incomes better businesses and services are attracted to the community. Therefore, shopping at union stores not only benefits the employee but the local community as a whole.</span><br style="color: rgb(0, 0, 0); font-family: Arial, Helvetica, sans-serif; font-size: 12.8000001907349px; line-height: 19.2000007629395px;" />\r\n<br style="color: rgb(0, 0, 0); font-family: Arial, Helvetica, sans-serif; font-size: 12.8000001907349px; line-height: 19.2000007629395px;" />\r\n<strong style="color: rgb(0, 0, 0); font-family: Arial, Helvetica, sans-serif; font-size: 12.8000001907349px; line-height: 19.2000007629395px;">Support your communities by shopping at the following Local 99&nbsp;businesses:</strong></p>\r\n\r\n<p><a href="http://www.aceparking.com/2011/03/ace-parking-management-becomes-the-largest-parking-management-operator-in-phoenix/">Ace Parking - Phoenix</a><br />\r\n<a href="http://www.aceparking.com/2011/03/ace-parking-management-becomes-the-largest-parking-management-operator-in-phoenix/">Ace Parking - Tucson</a><br />\r\n<a href="http://www.albertsons.com/pd/stores/AZ/Yuma/Yuma-24th-Street-and-Avenue-B/B6B278459">Albertson&#39;s - Yuma</a><br />\r\n<a href="https://www.alsco.com/en/index.htm">ALSCO</a><br />\r\n<a href="http://www.acdl.com/">Arizona Center for Disability Law</a><br />\r\n<a href="https://www.desertmuseum.org/">Arizona Sonora Desert Museum</a><br />\r\n<a href="http://www.bensonhospital.org/index.php/en/">Benson Hospital</a><br />\r\n<a href="http://www.arizona-businessdirectory.com/company-calcot-compress_204029">Calcot Compress Company</a><br />\r\n<a href="http://www.clsaz.org/site/">Community Legal Service</a><br />\r\n<a href="http://eurestdining.compass-usa.com/raytheon/pages/home.aspx">Compass Group - Eurest Raytheon</a><br />\r\n<a href="http://copperqueenhospital.wix.com/cqch">Copper Queen Hospital</a><br />\r\n<a href="https://www.frysfood.com/">Fry&#39;s Food and Drug</a><br />\r\n<a href="https://www.frysfood.com/topic/kroger-marketplace">Fry&#39;s Market Place</a><br />\r\n<a href="http://jbssa.com/">JBS, USA LLC</a><br />\r\n<a href="http://www.looksgoodprinting.com/">Looks Good Printing</a><br />\r\n<a href="http://www.missionmenus.com/">Mission Foods</a><br />\r\n<a href="http://naturesweet.com/">NatureSweet USA LLC</a><br />\r\nPrecept<br />\r\n<a href="https://plus.google.com/106847884702564952497/about?gl=us&amp;hl=en">Robert B. Yacko D.D.S.</a><br />\r\n<a href="http://local.safeway.com/az/">Safeway Inc.</a><br />\r\n<a href="https://www.smithsfoodanddrug.com/">Smith&#39;s Food and Drug</a><br />\r\n<a href="http://www.sazlegalaid.org/">Southern Arizona Legal Aid</a><br />\r\n<a href="https://www.ssatpa.com/">Southwest Service Administrators</a><br />\r\nTrinity Services Group, Inc. - Douglas Corrections<br />\r\nTrinity Services Group, Inc. - Florence Corrections<br />\r\n<a href="http://www.wm.com/location/arizona/az/areas/index.jsp">Waste Management</a></p>\r\n', '', '2015-04-02 08:22:08', '51.5', 7, '', '', '', '', '', NULL, 1);
INSERT INTO `news` (`news_id`, `title`, `description`, `file`, `time_cone`, `category`, `app_id`, `facebook`, `twitter`, `google`, `pinterest`, `social`, `order`, `published`) VALUES
(621, '', '<p><img alt="" src="http://www.linkedunion.com/wp-content/uploads/2015/04/Screen-Shot-2015-04-01-at-5.01.36-PM.png" style="width: 280px; height: 57px;" /></p>\r\n\r\n<table border="0" cellpadding="3" style="color: rgb(0, 0, 0); font-family: Times; font-size: medium; line-height: normal;" width="100%">\r\n	<tbody>\r\n		<tr>\r\n			<td bgcolor="#2D2A6E" class="style14" style="color: rgb(255, 255, 255); font-weight: bold;" valign="top">BALANCE FOR LIFE</td>\r\n		</tr>\r\n		<tr>\r\n			<td bgcolor="#FFFFFF" valign="top">\r\n			<table border="0" cellpadding="5" cellspacing="5" width="100%">\r\n				<tbody>\r\n					<tr>\r\n						<td bgcolor="#FFFFFF" valign="middle" width="31%">&nbsp;</td>\r\n					</tr>\r\n				</tbody>\r\n			</table>\r\n			</td>\r\n		</tr>\r\n	</tbody>\r\n</table>\r\n\r\n<p><big>The UFCW &amp; Employers Arizona Health Plan is pleased to bring to you the Balance for Life Wellness &amp; Health Education Programs. The focus on wellness today is education and prevention. Your Balance for Life Program will design a Personal Action Plan. A Wellness Coach and/or Nurse Educator will work with you and your health care professionals to define personalized, easy to follow goals. It can be fun too!</big></p>\r\n\r\n<p><big>It&#39;s Easy to Access all your Wellness &amp; Health Education Opportunities!<br />\r\n&bull; Empower healthy people with the skills and knowledge to stay healthy!<br />\r\n&bull; Guide and support plan participants who have health needs and questions!<br />\r\n&bull; Provide immediate assistance for those with chronic health issues to keep their health condition symptoms from worsening!</big></p>\r\n\r\n<p><big>Call toll free: 866-273-8618 or <a href="http://www.balanceforlifeaz.com/">sign up online.</a></big></p>\r\n\r\n<table border="0" cellpadding="3" style="color: rgb(0, 0, 0); font-family: Times; font-size: medium; line-height: normal;" width="100%">\r\n	<tbody>\r\n		<tr>\r\n			<td bgcolor="#2D2A6E" valign="top"><span class="style24" style="color: rgb(255, 255, 255);"><strong>MEDICAL and HOSPITAL</strong></span></td>\r\n		</tr>\r\n		<tr>\r\n			<td valign="top">\r\n			<p><big>You have a choice of PPO Coverage or an individualized indemnity program. Other benefits include maternity coverage, emergency care and coverage for major medical. Claims are processed by a professional firm of administrators and paid out of the union&#39;s trust funds.</big></p>\r\n			</td>\r\n		</tr>\r\n		<tr>\r\n			<td bgcolor="#2D2A6E" class="style14" style="color: rgb(255, 255, 255); font-weight: bold;" valign="top">DENTAL and ORTHODONTIC</td>\r\n		</tr>\r\n		<tr>\r\n			<td valign="top">\r\n			<p class="style2"><big>20% discount or no out of pocket expense (depending on your plan coverage, not exceeding the maximum plan benefit and provided you have coverage for the month of services.</big></p>\r\n\r\n			<p class="style2"><big>For Union members without coverage, a 20% discount will be given off of the total visit charge.</big></p>\r\n\r\n			<p class="style2"><big>For a list of providers who discount or waive &quot;out-of-pocket&quot; costs to Union members, contact the Union office.</big></p>\r\n			</td>\r\n		</tr>\r\n		<tr>\r\n			<td bgcolor="#2D2A6E" class="style14" style="color: rgb(255, 255, 255); font-weight: bold;" valign="top">CHIROPRACTIC</td>\r\n		</tr>\r\n		<tr>\r\n			<td class="style2" valign="top">\r\n			<p><big>Members and their families receive high-quality chiropractic (spine-related) either fully paid or at substantially reduced prices.</big></p>\r\n\r\n			<p><big>For a list of Chiropractice providers who discount or waive &quot;out-of-pocket&quot; costs to Union members, contact the Union office.</big></p>\r\n			</td>\r\n		</tr>\r\n		<tr>\r\n			<td bgcolor="#2D2A6E" class="style14" style="color: rgb(255, 255, 255); font-weight: bold;" valign="top">PRESCRIPTION DRUGS</td>\r\n		</tr>\r\n		<tr>\r\n			<td valign="top">\r\n			<p><big><font color="#000000">Paid prescription coverage is our most-used benefit. Thousands of prescriptions are filled each month for a nominal service charge.</font></big></p>\r\n			</td>\r\n		</tr>\r\n	</tbody>\r\n</table>\r\n\r\n<table border="0" cellpadding="3" style="color: rgb(0, 0, 0); font-family: Times; font-size: medium; line-height: normal;" width="100%">\r\n	<tbody>\r\n	</tbody>\r\n</table>\r\n', '', '2015-04-01 17:47:46', '52.1', 7, '', '', '', '', '', NULL, 1),
(622, 'Disneyland and California Adventure', '<p style="color: rgb(0, 0, 0); font-family: Times; font-size: medium; line-height: normal;">&nbsp;</p>\r\n\r\n<p style="color: rgb(0, 0, 0); font-family: Times; font-size: medium; line-height: normal;"><big>Disneyland: Experience the magic of two enchanting theme parks &ndash; Disneyland&reg; Park and Disney&#39;s California Adventure&reg; Park &ndash; only at the Disneyland&reg; Resort in California. Fill your days and nights with the wonder and excitement of two distinct Southern California theme parks.</big></p>\r\n\r\n<p style="color: rgb(0, 0, 0); font-family: Times; font-size: medium; line-height: normal;"><big>California Adventure: Immerse yourself in a magical festival of shows, parades and attractions celebrating California&#39;s storied past and exciting future. From the gold rush to Hollywood&#39;s golden era to the timeless allure of the beach, discover the vast and diverse Golden State.</big></p>\r\n\r\n<p class="style15" style="color: rgb(255, 0, 0); font-family: Times; font-size: medium; line-height: normal;"><big>2-Day - Hopper:<br />\r\nAdult - $215.75 (gate price $225.00 - you save $9.25)<br />\r\nChild (3 - 9 yrs) - $203.40 (gate price $212.00 - you save $8.60)</big></p>\r\n\r\n<p class="style15" style="color: rgb(255, 0, 0); font-family: Times; font-size: medium; line-height: normal;"><big>2-Day - One park per day:<br />\r\nAdult - 175,75 (gate price $185.00 - you save $9.25)<br />\r\nChild (3-9 yrs) - $163.40 (gate price $172.00 - you save $8.60)</big></p>\r\n\r\n<p class="style15" style="color: rgb(255, 0, 0); font-family: Times; font-size: medium; line-height: normal;"><big>Tickets can be purchased at the Union office. (on-line purchase)</big></p>\r\n\r\n<p class="style15" style="color: rgb(255, 0, 0); font-family: Times; font-size: medium; line-height: normal;">&nbsp;</p>\r\n', '', '2015-04-01 18:19:04', '55', 7, '', '', '', '', '', NULL, 1),
(623, 'Sunsplash', '<p style="color: rgb(0, 0, 0); font-family: Times; font-size: medium; line-height: normal;">Water rides and cool attractions, adventure, relaxation, and fun for everyone in the family.</p>\r\n\r\n<p class="style15" style="color: rgb(255, 0, 0); font-family: Times; font-size: medium; line-height: normal;"><big>General Admission: $20.00 (gate price is $28.99)</big></p>\r\n\r\n<p class="style15" style="color: rgb(255, 0, 0); font-family: Times; font-size: medium; line-height: normal;"><a href="https://www.google.com/maps/place/Golfland+Sunsplash/@33.388057,-111.837837,15z/data=!4m2!3m1!1s0x0:0x63f372a7007988ea"><strong style="color: rgb(0, 0, 0); font-family: Times; font-size: medium; line-height: normal;">Sunsplash</strong><br style="color: rgb(0, 0, 0); font-family: Times; font-size: medium; line-height: normal;" />\r\n<em style="color: rgb(0, 0, 0); font-family: Times; font-size: medium; line-height: normal;">155 W. Hampton Ave<br />\r\nMesa, Arizona 85210</em></a></p>\r\n\r\n<p class="style15" style="color: rgb(255, 0, 0); font-family: Times; font-size: medium; line-height: normal;">&nbsp;</p>\r\n', '', '2015-04-01 18:19:24', '55', 7, '', '', '', '', '', NULL, 1),
(624, 'Out of Africa Wildlife Park', '<p>&nbsp;</p>\r\n\r\n<p><span style="color: rgb(0, 0, 0); font-family: Times; font-size: medium; line-height: normal;">Arizona&rsquo;s Best Wildlife Theme Park. See over 400 animals from all over the world!</span></p>\r\n\r\n<p style="color: rgb(0, 0, 0); font-family: Times; font-size: medium; line-height: normal;"><big>Lions, Tigers, Giraffe, Rhinoceros, Black Bear, Camel, Ostrich, Cobras, Zebra, Exotic Birds, Tortoise, Wildebeest, Jaguar, Leopards, Wolves, Hyenas and more!</big></p>\r\n\r\n<p style="color: rgb(0, 0, 0); font-family: Times; font-size: medium; line-height: normal;"><big><strong>Tiger Splash</strong>: You&rsquo;ll &ldquo;oooh and aaah&rdquo; while Bengal and Siberian tigers and other big cats interact in a predator/prey relationship of romping and splashing in a 35-foot by 50-foot pool as they play with their caretakers and various colorful toys. This unique, thrilling, and exciting show is also very educational. Through the live narration, you&rsquo;ll discover how instincts, intellect and feelings interact to form spontaneous, natural behavior.</big></p>\r\n\r\n<p style="color: rgb(0, 0, 0); font-family: Times; font-size: medium; line-height: normal;"><big><strong>Serengeti Safari</strong>: On the 45-minute Serengeti Safari, you will experience the heart of Africa in the heart of Arizona. This is an authentic African photo safari with expert park guides narrating throughout your tour. While riding in a safari vehicle, you can expect a personal encounter with giraffe, zebra, ostrich and more. We provide treats so that you can feed the animals and maybe receive a gentle kiss from a giraffe. On nearby hills, prides of lions or other big cats overlook their domain, you, and the prey animals in the Serengeti. It&rsquo;s like Africa, only closer!</big></p>\r\n\r\n<p class="style15" style="color: rgb(255, 0, 0); font-family: Times; font-size: medium; line-height: normal;"><big>Adult - $26.36 (gate price $29.95+10% tax=$32.95 - you save $6.59)<br />\r\nChild - $13.16 (gate price $14.95+10% tax=$16.45 - you save $3.29)<br />\r\nTickets can be purchased at the Union office</big></p>\r\n\r\n<p class="style15" style="color: rgb(255, 0, 0); font-family: Times; font-size: medium; line-height: normal;"><img alt="" src="http://www.linkedunion.com/wp-content/uploads/2015/04/our-family-2.png" style="opacity: 0.9; line-height: 20.7999992370605px; width: 280px; height: 158px;" /></p>\r\n', '', '2015-04-01 18:10:58', '55', 7, '', '', '', '', '', NULL, 1),
(625, 'sample', '<p>here is a sample of regular text and no images and graphics</p>\r\n', '', '2015-04-01 18:14:53', '55', 7, '', '', '', '', '', NULL, 1),
(626, 'San Diego Zoo', '<p style="color: rgb(0, 0, 0); font-family: Times; font-size: medium; line-height: normal;">The San Diego Zoo is renowned as one of the best zoos in the world.</p>\r\n\r\n<p class="style15" style="color: rgb(255, 0, 0); font-family: Times; font-size: medium; line-height: normal;">Adult - $45.00 (gate price $48.00 (you save $3.00)<br />\r\nChild - $35.00 (gate price $38.00 (you save $3.00)<br />\r\nTickets can be purchased at the Union office. (on-line purchase)</p>\r\n', '', '2015-04-01 18:17:33', '55', 7, '', '', '', '', '', NULL, 1),
(627, 'AAA of Arizona', '<p><span style="color: rgb(255, 0, 0); font-family: Times; font-size: medium; line-height: normal;">$15 Enrollment fee will be waived on all new memberships &amp; members will receive up to 14 months of membership for the price of 12 months. Plus one household membership &quot;free&quot; for the first year. Existing members may add 1 &quot;new&quot; household member free thru renewal date.</span></p>\r\n', '', '2015-04-01 18:22:30', '55', 7, '', '', '', '', '', NULL, 1),
(628, 'Van Chevrolet Buick GMC', '<ul style="color: rgb(0, 0, 0); font-family: Times; font-size: medium; line-height: normal;">\r\n	<li class="style15" style="color: rgb(255, 0, 0);">GM supplier pricing on any Chevrolet Buick GMC - below invoice plus any rebates (Exclusions: Corvette and specialty cars)</li>\r\n	<li class="style15" style="color: rgb(255, 0, 0);">No dealer adds charges</li>\r\n	<li class="style15" style="color: rgb(255, 0, 0);">Free door edge guards</li>\r\n	<li class="style15" style="color: rgb(255, 0, 0);">20% off all parts and accessories</li>\r\n	<li class="style15" style="color: rgb(255, 0, 0);">FREE window tinting</li>\r\n	<li class="style15" style="color: rgb(255, 0, 0);">Two years of FREE scheduled maintenance - oil changes and tire rotations with the purchase of any new car, truck, or SUV</li>\r\n	<li class="style15" style="color: rgb(255, 0, 0);">Service loaners for Union members: scheduled appointments preset with &quot;service advisor union contact&quot; will receive a free service loaner on availability.</li>\r\n</ul>\r\n\r\n<p style="color: rgb(0, 0, 0); font-family: Times; font-size: medium; line-height: normal;">Union members must contact Michael Benson at (480)348-8356 or Bob Mooney at (623) 512-5332 to receive any of the above Union discounts.</p>\r\n', '', '2015-04-01 18:23:24', '55', 7, '', '', '', '', '', NULL, 1),
(629, 'Union Made Checks', '<p style="color: rgb(0, 0, 0); font-family: Times; font-size: medium; line-height: normal;">With these union-made checks, members can show their union pride with every check they write. The competitively priced union-printed checks feature a pro-union message in addition to your union&#39;s logo - plus you can customize with photos of your children or pets.</p>\r\n\r\n<p style="color: rgb(0, 0, 0); font-family: Times; font-size: medium; line-height: normal;">You can also order convenient return-address labels with a similar design.</p>\r\n\r\n<p class="style15" style="color: rgb(255, 0, 0); font-family: Times; font-size: medium; line-height: normal;">Union-made personal checks:<br />\r\n200 one-part checks starting at $9.95 (plus shipping &amp; handling)</p>\r\n\r\n<p class="style15" style="color: rgb(255, 0, 0); font-family: Times; font-size: medium; line-height: normal;">Union-made business checks:<br />\r\nAvailable in single-page laser &amp; 3-to-a-page ledger styles.</p>\r\n\r\n<p class="style15" style="color: rgb(255, 0, 0); font-family: Times; font-size: medium; line-height: normal;">Return-address labels:<br />\r\n240 count = $10.95 (plus shipping &amp; handling)</p>\r\n\r\n<p class="style15" style="color: rgb(255, 0, 0); font-family: Times; font-size: medium; line-height: normal;">Order on-line at&nbsp;<a href="http://www.unionplus.com/benefits/" style="color: rgb(25, 32, 103);" target="_blank">www.unionplus.org</a>&nbsp;or call (888)864-6625.</p>\r\n', '', '2015-04-01 18:23:57', '55', 7, '', '', '', '', '', NULL, 1),
(630, 'Union Plus MasterCard', '<p><span class="style15" style="color: rgb(255, 0, 0); font-family: Times; font-size: medium; line-height: normal;">Competitive interest rates, no annual fee, skip payment options. Apply online at&nbsp;</span><a href="http://www.unionplus.com/benefits/" style="color: rgb(25, 32, 103); font-family: Times; font-size: medium; line-height: normal;" target="_blank">www.unionplus.org</a><span style="color: rgb(0, 0, 0); font-family: Times; font-size: medium; line-height: normal;">&nbsp;</span><span class="style15" style="color: rgb(255, 0, 0); font-family: Times; font-size: medium; line-height: normal;">or call (888)522-4000.</span></p>\r\n', '', '2015-04-01 18:24:44', '55', 7, '', '', '', '', '', NULL, 1),
(631, 'American Income Partners', '<p class="style15" style="color: rgb(255, 0, 0); font-family: Times; font-size: medium; line-height: normal;">Up to 60% savings on:</p>\r\n\r\n<ul class="style15" style="color: rgb(255, 0, 0); font-family: Times; font-size: medium; line-height: normal;">\r\n	<li>Eye Care</li>\r\n	<li>Hearing Aids</li>\r\n	<li>Prescription Drugs</li>\r\n	<li>Chiropractic Care</li>\r\n</ul>\r\n\r\n<p class="style15" style="color: rgb(255, 0, 0); font-family: Times; font-size: medium; line-height: normal;">at no cost to the Union Member.</p>\r\n\r\n<p class="style15" style="color: rgb(255, 0, 0); font-family: Times; font-size: medium; line-height: normal;">Contact your Union Representative for additional information and instructions.</p>\r\n', '', '2015-04-01 18:25:21', '55', 7, '', '', '', '', '', NULL, 1),
(632, 'Employee Assistance Program or EMAP ', '<p style="color: rgb(0, 0, 0); font-family: Times; font-size: medium; line-height: normal;">When you have a problem with:</p>\r\n\r\n<ul style="color: rgb(0, 0, 0); font-family: Times; font-size: medium; line-height: normal;">\r\n	<li>Alcohol</li>\r\n	<li>drugs</li>\r\n	<li>child &amp; adolescent</li>\r\n	<li>family</li>\r\n	<li>gambling</li>\r\n	<li>marriage</li>\r\n	<li>financial/legal</li>\r\n</ul>\r\n\r\n<p style="color: rgb(0, 0, 0); font-family: Times; font-size: medium; line-height: normal;"><span class="style15" style="color: rgb(255, 0, 0);">Get help! Open 24 hours a day, 7 days a week. (800)464-7101</span>.</p>\r\n', '', '2015-04-01 18:26:03', '55', 7, '', '', '', '', '', NULL, 1),
(633, 'UFCW Local 99 Discount Chiropractor Network', '<p style="color: rgb(255, 0, 0); font-family: Times; font-size: medium; line-height: normal;">Provider waives member&#39;s $20.00 co-pay (after deductible is satisfied). Must have current insurance coverage.</p>\r\n\r\n<p class="style2" style="color: rgb(0, 0, 0); font-family: Times; font-size: medium; line-height: normal;"><span style="color: rgb(0, 0, 0); font-family: Times; font-size: medium; line-height: normal;">For a list of providers who discount or waive &quot;out-of-pocket&quot; costs to Union members, click on one of the links below:</span></p>\r\n\r\n<p class="style2" style="color: rgb(0, 0, 0); font-family: Times; font-size: medium; line-height: normal;">&nbsp;</p>\r\n', '', '2015-04-01 18:27:32', '55', 7, '', '', '', '', '', NULL, 1),
(634, 'UFCW Local 99 Discount Dental Network', '<p class="style15" style="color: rgb(255, 0, 0); font-family: Times; font-size: medium; line-height: normal;">20% discount or no out of pocket expense (depending on your plan coverage, not exceeding the maximum plan benefit and provided you have coverage for the month of services.</p>\r\n\r\n<p class="style15" style="color: rgb(255, 0, 0); font-family: Times; font-size: medium; line-height: normal;">For Union members without coverage, a 20% discount will be given off of the total visit charge.</p>\r\n\r\n<p style="color: rgb(0, 0, 0); font-family: Times; font-size: medium; line-height: normal;">For a list of providers who discount or waive &quot;out-of-pocket&quot; costs to Union members, click on one of the links below:</p>\r\n', '', '2015-04-01 18:28:00', '55', 7, '', '', '', '', '', NULL, 1),
(635, 'VSP or Vision Service Plan', '<p style="color: rgb(0, 0, 0); font-family: Times; font-size: medium; line-height: normal;">Discount providers for eye care (as provided under the schedule of benefits in the current insurance plan).</p>\r\n\r\n<p class="style15" style="color: rgb(255, 0, 0); font-family: Times; font-size: medium; line-height: normal;">VSP also offers discounts to members who do not yet have coverage under an insurance plan. Contact the Union office for additional information.</p>\r\n', '', '2015-04-01 18:28:45', '55', 7, '', '', '', '', '', NULL, 1),
(636, '', '<p>&nbsp;</p>\r\n\r\n<p><img alt="" src="http://www.linkedunion.com/wp-content/uploads/2015/04/Screen-Shot-2015-04-01-at-5.01.36-PM.png" style="height: 57px; width: 280px;" />â€‹</p>\r\n\r\n<h2 style="margin: 20px 0px 10px; padding: 18px 0px 10px 20px; outline: none; border-width: 10px 0px 1px; border-top-style: solid; border-bottom-style: dotted; border-top-color: rgb(255, 196, 37); border-bottom-color: rgb(0, 73, 144); font-family: proxima-nova-condensed, proxima-nova, ''Proxima Nova'', HelveticaNeue, ''Helvetica Neue'', Helvetica, sans-serif; font-size: 1.875em; vertical-align: baseline; font-stretch: normal; line-height: 1em; color: rgb(0, 73, 144); min-height: 30px; background-image: url(http://www.ufcw.org/wp-content/themes/ufcw/images/bg_hdr.png); background-attachment: initial; background-size: initial; background-origin: initial; background-clip: initial; background-position: 0% 22px; background-repeat: no-repeat;">Good stewards are the backbone of an effective union.</h2>\r\n\r\n<p style="margin: 0px 0px 10px; padding: 0px; outline: none; border: 0px; font-family: proxima-nova, ''Proxima Nova'', HelveticaNeue, ''Helvetica Neue'', Helvetica, sans-serif; font-size: 16px; vertical-align: baseline; color: rgb(102, 102, 102); line-height: normal;">Good stewards are the backbone of an effective union. We reach out to new members and help educate them on their rights. We serve as a bridge between elected union leadership and workers on the job. We listen to our co-workers and provide a confidential way for members to bring forward their ideas and concerns.</p>\r\n\r\n<h4 style="margin: 0.75em 0px; padding: 0px; outline: none; border: 0px; font-family: proxima-nova-condensed, proxima-nova, ''Proxima Nova'', HelveticaNeue, ''Helvetica Neue'', Helvetica, sans-serif; font-size: 1.25em; vertical-align: baseline; font-stretch: normal; line-height: 1em; color: rgb(102, 102, 102);"><strong style="margin: 0px; padding: 0px; outline: none; border: 0px; font-family: inherit; font-size: 20px; font-style: inherit; vertical-align: baseline;">But most importantly, it is a steward&rsquo;s job to inspire, lead and build a sense of unity and solidarity among the wide range of workers in our union.</strong></h4>\r\n\r\n<p style="margin: 0px 0px 10px; padding: 0px; outline: none; border: 0px; font-family: proxima-nova, ''Proxima Nova'', HelveticaNeue, ''Helvetica Neue'', Helvetica, sans-serif; font-size: 16px; vertical-align: baseline; color: rgb(102, 102, 102); line-height: normal;">All union members have a right to have their steward present with them during meetings that they feel might be disciplinary. In 1975, in NLRB v. J. Weingarten, Inc, the U.S. Supreme Court upheld the rights of employees to have union representation during investigatory interviews. Since that case involved a clerk being investigated by the Weingarten Company, these rights have become known as&nbsp;<a href="http://www.ufcw.org/resources/stewards/weingarten-rights/" style="margin: 0px; padding: 0px; outline: none; border: 0px; font-family: inherit; font-style: inherit; font-weight: inherit; vertical-align: baseline; color: rgb(60, 90, 152); text-decoration: none;" title="Weingarten Rights">&ldquo;Weingarten rights.&rdquo;</a></p>\r\n\r\n<p style="margin: 0px 0px 10px; padding: 0px; outline: none; border: 0px; font-family: proxima-nova, ''Proxima Nova'', HelveticaNeue, ''Helvetica Neue'', Helvetica, sans-serif; font-size: 16px; vertical-align: baseline; color: rgb(102, 102, 102); line-height: normal;">If you are called into a closed meeting with your manager and you start to feel nervous that things may take a disciplinary turn, you have the right to stop the meeting and request the meeting be resumed when your union steward is present. If you&rsquo;ve got questions about your contract, your steward is the best person to ask.</p>\r\n\r\n<p style="margin: 0px 0px 10px; padding: 0px; outline: none; border: 0px; font-family: proxima-nova, ''Proxima Nova'', HelveticaNeue, ''Helvetica Neue'', Helvetica, sans-serif; font-size: 16px; vertical-align: baseline; color: rgb(102, 102, 102); line-height: normal;"><img alt="" class="aligncenter size-full wp-image-13945" height="318" src="http://www.ufcw.org/wp-content/uploads/2012/06/organize.jpg" style="margin: 0px auto 15px; padding: 0px; outline: none; max-width: 100%; height: auto; width: auto; display: block; float: none;" title="organize" width="620" /></p>\r\n\r\n<div class="gf_browser_chrome gform_wrapper" id="gform_wrapper_5" style="margin: 1em 0px; padding: 0px; outline: none; border: 0px; font-family: proxima-nova, ''Proxima Nova'', HelveticaNeue, ''Helvetica Neue'', Helvetica, sans-serif; font-size: 16px; vertical-align: baseline; overflow: inherit; max-width: 98%; color: rgb(102, 102, 102); line-height: normal;">\r\n<form action="http://www.ufcw.org/resources/stewards/" enctype="multipart/form-data" id="gform_5" method="post" style="margin: 0px; padding: 0px; outline: none; border: 0px; font-family: inherit; font-style: inherit; font-weight: inherit; vertical-a', '', '2015-04-01 18:33:03', '53.1', 7, '', '', '', '', '', NULL, 1),
(637, 'Albertsons and Safeway Name Senior Leadership Team for Appointment Upon Completion of Proposed Merger', '<h3 class="style2" style="color: rgb(0, 0, 0); font-family: Times; line-height: normal;"><br />\r\n<em><strong>By Marketwatch<br />\r\nPublished: Sept 19, 2014&nbsp;</strong></em></h3>\r\n\r\n<p class="style2" style="color: rgb(0, 0, 0); font-family: Times; font-size: medium; line-height: normal;"><big>BOISE, Idaho and PLEASANTON, Calif., Sept. 19, 2014 /PRNewswire/ -- AB Acquisition LLC (Albertsons) and Safeway Inc. SWY, -0.15% announced today the new senior leadership team and division leaders for the combined company that will take effect upon the closing of the proposed merger transaction, which is pending customary regulatory approvals.</big></p>\r\n\r\n<p class="style2" style="color: rgb(0, 0, 0); font-family: Times; font-size: medium; line-height: normal;"><big>&quot;We&#39;re drawing on the strong talent within both companies to build an innovative, customer-focused and growth-driven company,&quot; said Safeway President and Chief Executive Officer, Robert Edwards, who will serve as the combined company&#39;s president and CEO. &quot;We are confident in this team&#39;s ability to build a great company that&#39;s positioned to win over the long term by earning the loyalty of grocery shoppers in every market we serve and delivering superior operational and financial results.&quot;</big></p>\r\n\r\n<p class="style2" style="color: rgb(0, 0, 0); font-family: Times; font-size: medium; line-height: normal;"><big>After regulatory approval and closing of the transaction, the new company will have the following leadership team:</big></p>\r\n\r\n<ul style="color: rgb(255, 255, 255); font-family: Times; font-size: medium; line-height: normal;">\r\n	<li class="style2" style="color: rgb(0, 0, 0);"><big>Bob Gordon, Executive Vice President &amp; General Counsel</big></li>\r\n	<li class="style2" style="color: rgb(0, 0, 0);"><big>Shane Sampson, Executive Vice President, Marketing &amp; Merchandising</big></li>\r\n	<li class="style2" style="color: rgb(0, 0, 0);"><big>Andy Scoggin, Executive Vice President, Human Resources, Labor Relations, Public Affairs &amp; Government Affairs</big></li>\r\n	<li class="style2" style="color: rgb(0, 0, 0);"><big>Jerry Tidwell, Executive Vice President, Supply Chain &amp; Manufacturing</big></li>\r\n	<li class="style2" style="color: rgb(0, 0, 0);"><big>Lee Wilson, Executive Vice President &amp; Chief Administrative Officer</big></li>\r\n	<li class="style2" style="color: rgb(0, 0, 0);"><big>Bob Dimond, Executive Vice President &amp; Chief Financial Officer, reporting to Mr. Wilson</big></li>\r\n	<li class="style2" style="color: rgb(0, 0, 0);"><big>Justin Ewing, Executive Vice President, Corporate Development &amp; Real Estate, reporting to Mr. Wilson</big></li>\r\n	<li class="style2" style="color: rgb(0, 0, 0);"><big>Barry Libenson, Interim Executive Vice President &amp; Chief Information Officer, reporting to Mr. Wilson. Mr.</big></li>\r\n	<li class="style2" style="color: rgb(0, 0, 0);"><big>Libenson is expected to be with the new company through March 2015, at which time a successor will be named.</big></li>\r\n	<li class="style2" style="color: rgb(0, 0, 0);"><big>Wayne Denningham, Executive Vice President &amp; Chief Operating Officer, South Region</big></li>\r\n	<li class="style2" style="color: rgb(0, 0, 0);"><big>Justin Dye, Executive Vice President &amp; Chief Operating Officer, East Region</big></li>\r\n	<li class="style2" style="color: rgb(0, 0, 0);"><big>Kelly Griffith, Executive Vice President &amp; Chief Operating Officer, North Region</big></li>\r\n</ul>\r\n\r\n<p class="style2" style="color: rgb(0, 0, 0); font-family: Times; font-size: medium; line-height: normal;"><big>The new company will be comprised of three regions and 14 retail divisions. The company will keep the focus and financial responsibility at the division level, but take full advantage of the expertise, vision and core capabilities of the corporate team. The 14 divisions will be supported by corporate offices in Boise, ID, Pleasanton, CA, and Phoenix, AZ.</big></p>\r\n\r\n<p class="style2" style="color: rgb(0, 0, 0); font-family: Times; font-size: medium; line-height: normal;"><big>The division presidents for the new company, who will report to the chief operating officer for their respective regions, will be:</big></p>\r\n\r\n<ul style="color: rgb(255, 255, 255); font-family: Times; font-size: medium; line-height: normal;">\r\n	<li class="style2" style="color: rgb(0, 0, 0);"><big>Dennis Bassler, Portland Division, North Region</big></li>\r\n	<li class="style2" style="color: rgb(0, 0, 0);"><big>Paul McTavish, Denver Division, North Region</big></li>\r\n	<li class="style2" style="color: rgb(0, 0, 0);"><big>Susan Morris, Intermountain Division, North Region</big></li>\r\n	<li class="style2" style="color: rgb(0, 0, 0);"><big>Tom Schwilke, Northern California Division, North Region</big></li>\r\n	<li class="style2" style="color: rgb(0, 0, 0);"><big>Dan Valenzuela, Seattle Division, North Region</big></li>\r\n	<li class="style2" style="color: rgb(0, 0, 0);"><big>Shane Dorcheus, Sou', '', '2015-04-01 19:47:10', '57', 7, '', '', '', '', '', NULL, 1),
(638, 'Safeway plans to close Glendale store', '<h3 class="style27" style="font-weight: bold; color: rgb(0, 0, 0); font-family: Times; line-height: normal;"><em class="style25">Peter Corbett, The Republic/azcentral.com - May 29, 2014</em></h3>\r\n\r\n<p class="style2" style="color: rgb(0, 0, 0); font-family: Times; font-size: medium; line-height: normal;"><big>Safeway Inc. has announced that it will close one of its Glendale stores as it prepares for a merger later this year with Albertsons.</big></p>\r\n\r\n<p class="style2" style="color: rgb(0, 0, 0); font-family: Times; font-size: medium; line-height: normal;"><big>A closing date has not been determined for the supermarket northeast of 51st and Olive avenues. It opened in 1981.</big></p>\r\n\r\n<p class="style2" style="color: rgb(0, 0, 0); font-family: Times; font-size: medium; line-height: normal;"><big>Safeway spokeswoman Nancy Keane said the company decided to close the store &quot;to strengthen operational efficiencies.&quot;</big></p>\r\n\r\n<p class="style2" style="color: rgb(0, 0, 0); font-family: Times; font-size: medium; line-height: normal;"><big>Elsa Taylor, who has been shopping at the Safeway for 20 years, said employees told her the store was losing money.<br />\r\nShe lamented the closure, saying the staff has always been helpful.</big></p>\r\n\r\n<p class="style2" style="color: rgb(0, 0, 0); font-family: Times; font-size: medium; line-height: normal;"><big>&quot;If you&#39;re looking for sugar, they won&#39;t just tell you what aisle it&#39;s in they will show where it is,&quot; Taylor said.</big></p>\r\n\r\n<p class="style2" style="color: rgb(0, 0, 0); font-family: Times; font-size: medium; line-height: normal;"><big>Safeway is working to transfer the Glendale store employees to other metro Phoenix locations, Keane said. No other Safeway stores in Arizona are scheduled to close, she said.</big></p>\r\n\r\n<p class="style2" style="color: rgb(0, 0, 0); font-family: Times; font-size: medium; line-height: normal;"><big>Safeway has 114 Arizona stores, including 59 in the Valley. Albertsons has 29 Valley stores.</big></p>\r\n\r\n<p class="style2" style="color: rgb(0, 0, 0); font-family: Times; font-size: medium; line-height: normal;"><big>Safeway has two other nearby stores, one at 8021 N. 35th Avenue and another at 5860 W. Thunderbird Road.</big></p>\r\n\r\n<p class="style2" style="color: rgb(0, 0, 0); font-family: Times; font-size: medium; line-height: normal;"><big>In March, an investment group led by Cerberus Capital Management, which owns Albertsons and other supermarket chains, announced it would buy Safeway Inc. in a deal of close to $9 billion. The merger is expected to close in the final three months of this year.</big></p>\r\n\r\n<p class="style2" style="color: rgb(0, 0, 0); font-family: Times; font-size: medium; line-height: normal;"><big>A 2013 report from Scarborough Research showed that Safeway had a 7 percent share of the Valley grocery market and Albertsons had 4 percent.</big></p>\r\n\r\n<p class="style2" style="color: rgb(0, 0, 0); font-family: Times; font-size: medium; line-height: normal;"><big>Fry&#39;s Food Stores and Walmart Supercenter are the market leaders at 14 percent and 10 percent respectively.</big></p>\r\n\r\n<p class="style2" style="color: rgb(0, 0, 0); font-family: Times; font-size: medium; line-height: normal;"><big>Albertsons said in March that it did not plan to close any of its supermarkets or lay off any store-level employees. It did close a Phoenix store in February at Greenway Road and Tatum Boulevard that is across the street from a Safeway store.</big></p>\r\n', '', '2015-04-01 19:48:21', '57', 7, '', '', '', '', '', NULL, 1),
(639, 'Union Meetings in Tucson', '<p>&nbsp;</p>\r\n\r\n<p><img alt="" src="http://www.linkedunion.com/wp-content/uploads/2015/04/Screen-Shot-2015-04-01-at-5.01.36-PM.png" style="width: 280px; height: 57px;" /></p>\r\n\r\n<p>Tucson<br />\r\n7:00 P.M.<br />\r\nUFCW Local 99<br />\r\n877 S. Alvernon Way<br />\r\nSuite 100&nbsp;</p>\r\n\r\n<p><br />\r\nTuesday, March 18, 2014<br />\r\nTuesday, June 17, 2014<br />\r\nTuesday, September 16, 2014<br />\r\nTuesday, December 16, 2014</p>\r\n', '', '2015-04-01 19:54:35', '58', 7, '', '', '', '', '', NULL, 1),
(640, 'Testing.', '<p>Testing Published.</p>\r\n', '', '2015-04-03 05:52:05', '57', 7, '', '', '', '', '', NULL, 1);

-- --------------------------------------------------------

--
-- Table structure for table `plans`
--

CREATE TABLE IF NOT EXISTS `plans` (
  `plan_id` int(10) NOT NULL AUTO_INCREMENT,
  `amount` int(10) NOT NULL COMMENT 'Dollars',
  `months` int(5) NOT NULL,
  PRIMARY KEY (`plan_id`)
) ENGINE=InnoDB  DEFAULT CHARSET=latin1 AUTO_INCREMENT=5 ;

--
-- Dumping data for table `plans`
--

INSERT INTO `plans` (`plan_id`, `amount`, `months`) VALUES
(1, 100, 1),
(2, 200, 2),
(3, 200, 1),
(4, 400, 2);

-- --------------------------------------------------------

--
-- Table structure for table `pushbridge`
--

CREATE TABLE IF NOT EXISTS `pushbridge` (
  `pushID` int(5) NOT NULL,
  `appID` int(5) NOT NULL
) ENGINE=MyISAM DEFAULT CHARSET=latin1;

--
-- Dumping data for table `pushbridge`
--

INSERT INTO `pushbridge` (`pushID`, `appID`) VALUES
(68, 4),
(68, 5),
(69, 4),
(69, 5),
(70, 6),
(71, 6),
(72, 6),
(73, 6),
(73, 4),
(74, 6),
(74, 4),
(75, 6),
(75, 4),
(76, 6),
(76, 4),
(77, 6),
(78, 6),
(78, 4),
(78, 5),
(79, 6),
(79, 4),
(79, 5),
(80, 1),
(81, 7),
(82, 7),
(83, 7),
(84, 7),
(85, 7),
(86, 7),
(87, 7),
(88, 7),
(89, 7),
(90, 7),
(91, 7);

-- --------------------------------------------------------

--
-- Table structure for table `pushmessage`
--

CREATE TABLE IF NOT EXISTS `pushmessage` (
  `pushID` int(3) NOT NULL AUTO_INCREMENT COMMENT 'AutoIncrement.',
  `pushMessage` varchar(200) NOT NULL COMMENT 'NotificationMsg',
  `timeStamp` timestamp NOT NULL DEFAULT CURRENT_TIMESTAMP ON UPDATE CURRENT_TIMESTAMP,
  `authorAppID` int(5) NOT NULL COMMENT 'Author App ID',
  PRIMARY KEY (`pushID`)
) ENGINE=MyISAM  DEFAULT CHARSET=latin1 AUTO_INCREMENT=92 ;

--
-- Dumping data for table `pushmessage`
--

INSERT INTO `pushmessage` (`pushID`, `pushMessage`, `timeStamp`, `authorAppID`) VALUES
(68, 'This is a test notification for ufcw648 and southlabor .', '2015-03-19 12:25:35', 6),
(69, 'Testing Notification.', '2015-03-20 14:45:08', 6),
(70, 'Hello World.', '2015-03-30 12:45:12', 0),
(71, 'Hello World.', '2015-03-30 12:47:28', 0),
(72, 'Hello World.', '2015-03-30 12:47:35', 0),
(73, 'Hello World.', '2015-03-30 12:49:43', 0),
(74, 'Hello World.', '2015-03-30 12:50:21', 0),
(75, 'testing.', '2015-03-30 12:54:04', 0),
(76, 'Hello World.', '2015-03-30 12:56:12', 0),
(77, 'Testing notification to self.', '2015-03-30 12:57:27', 0),
(78, 'This is a test notification from the developer.', '2015-03-30 14:14:12', 0),
(79, 'Test notification from developer on both ios and android phones.', '2015-03-30 14:14:06', 0),
(80, 'Test Notification.', '2015-03-30 13:17:04', 1),
(81, 'hello world.', '2015-04-02 14:40:58', 7),
(82, 'hello world.', '2015-04-02 14:44:09', 7),
(83, 'hello world.', '2015-04-02 14:51:14', 7),
(84, 'hello world.', '2015-04-02 14:54:06', 7),
(85, 'hello world.', '2015-04-02 14:56:14', 7),
(86, 'hello world.', '2015-04-02 14:56:19', 7),
(87, 'hello world.', '2015-04-02 14:56:48', 7),
(88, 'hello world.', '2015-04-02 14:57:10', 7),
(89, 'hello world.', '2015-04-02 14:57:30', 7),
(90, 'test', '2015-04-02 16:34:55', 7),
(91, 'testt', '2015-04-02 16:35:02', 7);

-- --------------------------------------------------------

--
-- Table structure for table `stayconected`
--

CREATE TABLE IF NOT EXISTS `stayconected` (
  `id` int(11) NOT NULL AUTO_INCREMENT,
  `name` varchar(15) DEFAULT NULL,
  `link` varchar(50) DEFAULT NULL,
  `app_id` int(11) DEFAULT NULL,
  `order` int(5) NOT NULL,
  PRIMARY KEY (`id`)
) ENGINE=InnoDB  DEFAULT CHARSET=latin1 AUTO_INCREMENT=45 ;

--
-- Dumping data for table `stayconected`
--

INSERT INTO `stayconected` (`id`, `name`, `link`, `app_id`, `order`) VALUES
(4, 'Instagram', 'http://instagram.com/ufcw5', 1, 1),
(7, 'Twitter', 'twitter@twitter.com', 2, 2),
(8, 'Facebook', 'facebook.com/ufcwunitedlatinos', 2, 3),
(24, 'Flickr', 'https://www.flickr.com/people/ufcw5/', 1, 4),
(32, 'Twitter', 'twitter.com/ufcw648', 4, 5),
(33, 'Facebook', 'facebook.com/ufcw648', 4, 6),
(34, 'Twitter', 'https://twitter.com/ufcw5', 1, 5),
(35, 'Facebook', 'http://www.facebook.com/ufcw5', 1, 6),
(39, 'Facebook', 'http://facebook.com/ufcw480', 6, 1),
(40, 'Twitter', 'http://twitter.com/ufcw480', 6, 2),
(43, 'Facebook', 'facebook.com/ufcw99', 7, 3),
(44, 'Twitter', 'twitter.com/ufcw99', 7, 3);

-- --------------------------------------------------------

--
-- Table structure for table `subcategories`
--

CREATE TABLE IF NOT EXISTS `subcategories` (
  `id` int(11) NOT NULL AUTO_INCREMENT,
  `menu_id` int(50) NOT NULL,
  `submenu_id` varchar(10) NOT NULL,
  `name` varchar(100) NOT NULL,
  PRIMARY KEY (`id`)
) ENGINE=InnoDB  DEFAULT CHARSET=latin1 AUTO_INCREMENT=79 ;

--
-- Dumping data for table `subcategories`
--

INSERT INTO `subcategories` (`id`, `menu_id`, `submenu_id`, `name`) VALUES
(1, 2, '2.1', 'Collective Bargaining'),
(2, 2, '2.2', 'New Members'),
(3, 2, '2.3', 'Organizing'),
(4, 2, '2.4', 'Register To Vote'),
(5, 3, '3.1', 'Health and Welfare'),
(6, 3, '3.2', 'Scholarship Application'),
(7, 2, '2.5', 'Support Union Shops'),
(8, 4, '4.1', 'Stewards'),
(9, 4, '4.2', 'Union Representatives'),
(10, 4, '4.3', 'Office Locations'),
(11, 1, '1.1', 'Who is UFCW'),
(12, 1, '1.2', 'What is a Union'),
(13, 1, '1.3', 'Why Join the Union'),
(14, 1, '1.4', 'Union Advantage'),
(15, 10, '10.1', 'What is the SCBTC?'),
(16, 10, '10.2', 'Affiliates'),
(17, 11, '11.1', 'Endorsements'),
(18, 11, '11.2', 'Volunteer'),
(19, 12, '12.1', 'Upcoming Events'),
(20, 12, '12.2', 'Building Trade Meetings'),
(21, 13, '13.1', 'Meeting Volunteer'),
(22, 18, '18.1', 'Collective Bargaining'),
(23, 18, '18.2', 'New Members'),
(24, 18, '18.3', 'Organizing'),
(25, 18, '18.4', 'Register To Vote'),
(26, 19, '19.1', 'Health and Welfare'),
(27, 19, '19.2', 'Scholarship Application'),
(28, 18, '18.5', 'Support Union Shops'),
(29, 20, '20.1', 'Stewards'),
(30, 20, '20.2', 'Union Representatives'),
(31, 20, '20.3', 'Office Locations'),
(32, 17, '17.1', 'Who is UFCW'),
(33, 17, '17.2', 'What is a Union'),
(34, 17, '17.3', 'Why Join the Union'),
(35, 17, '17.4', 'Union Advantage'),
(37, 32, '32.1', 'Who are the United Latinos of UFCW?'),
(38, 32, '32.2', 'Empowerment'),
(39, 32, '32.3', 'Pride'),
(40, 32, '32.4', 'We Can Help'),
(41, 32, '32.5', 'JOIN US'),
(42, 32, '32.6', 'UFCW UL Leadership'),
(43, 33, '33.1', 'UL Endorsements'),
(44, 33, '33.2', 'Volunteer'),
(45, 36, '36.1', 'Join the United Latinos'),
(46, 36, '36.2', 'United Latino of UFCW'),
(47, 35, '35.1', 'Upcoming Events'),
(48, 11, '11.3', 'Labor Vote'),
(50, 40, '40.1', 'Who is UFCW 480'),
(51, 40, '40.2', 'What is a Union'),
(52, 40, '40.3', 'Why Join the Union'),
(53, 40, '40.4', 'Union Advantage'),
(55, 41, '41.1', 'Collective Bargaining'),
(56, 41, '41.2', 'New Members'),
(57, 41, '41.3', 'Organizing'),
(58, 41, '41.4', 'Register To Vote'),
(59, 41, '41.5', 'Support Union Shops'),
(60, 42, '42.1', 'Health and Welfare'),
(61, 42, '42.2', 'Scholarship Application'),
(62, 43, '43.1', 'Stewards'),
(63, 43, '43.2', 'Union Representatives'),
(64, 43, '43.3', 'Office Locations'),
(65, 50, '50.1', 'Who is UFCW'),
(66, 50, '50.2', 'What is a Union'),
(67, 50, '50.3', 'Why Join the Union'),
(68, 50, '50.4', 'Union Advantage'),
(69, 51, '51.1', 'Collective Bargaining'),
(70, 51, '51.2', 'New Members'),
(71, 51, '51.3', 'Organizing'),
(72, 51, '51.4', 'Register To Vote'),
(73, 51, '51.5', 'Support Union Shops'),
(74, 52, '52.1', 'Health and Welfare'),
(75, 52, '52.2', 'Scholarship Application'),
(76, 53, '53.1', 'Stewards'),
(77, 53, '53.2', 'Union Representatives'),
(78, 53, '53.3', 'Office Locations');

-- --------------------------------------------------------

--
-- Table structure for table `super_admin`
--

CREATE TABLE IF NOT EXISTS `super_admin` (
  `user_id` int(10) NOT NULL AUTO_INCREMENT,
  `name` varchar(50) NOT NULL,
  `password` varchar(50) NOT NULL,
  PRIMARY KEY (`user_id`)
) ENGINE=MyISAM  DEFAULT CHARSET=latin1 AUTO_INCREMENT=2 ;

--
-- Dumping data for table `super_admin`
--

INSERT INTO `super_admin` (`user_id`, `name`, `password`) VALUES
(1, 'admin', 'admin');

-- --------------------------------------------------------

--
-- Table structure for table `user`
--

CREATE TABLE IF NOT EXISTS `user` (
  `user_id` int(2) NOT NULL,
  `app_id` int(11) NOT NULL AUTO_INCREMENT,
  `user_name` varchar(100) DEFAULT NULL,
  `password` varchar(20) DEFAULT NULL,
  `forgot_password` varchar(100) DEFAULT NULL,
  `cookie` varchar(50) DEFAULT NULL,
  `image` varchar(50) DEFAULT 'user.jpg',
  `email` varchar(25) DEFAULT NULL,
  `logo` varchar(100) DEFAULT NULL,
  `cover` varchar(100) DEFAULT NULL,
  `time_cone` varchar(50) DEFAULT NULL,
  PRIMARY KEY (`app_id`)
) ENGINE=InnoDB  DEFAULT CHARSET=latin1 AUTO_INCREMENT=8 ;

--
-- Dumping data for table `user`
--

INSERT INTO `user` (`user_id`, `app_id`, `user_name`, `password`, `forgot_password`, `cookie`, `image`, `email`, `logo`, `cover`, `time_cone`) VALUES
(1, 1, 'ufcw5', 'torpedo1', '8b1a9953c4611296a827abf8c47804d7', '812b4ba287f5ee0bc9d43bbf5bbe87fb', 'steve.png', 'arbishpalla@gmail.com', '9f61408e3afb633e50cdf1b20de6f466.png', 'd1fe173d08e959397adf34b1d77e88d7.png', '2014-11-20 05:17:24'),
(2, 2, 'unitedlatinos', 'UFCWlatinos1', NULL, '2a38a4a9316c49e5a833517c45d31070', 'unitedlatinos-user.png', 'kmartinez@ufcw5.org', '3416a75f4cea9109507cacd8e2f2aefc.png', '3416a75f4cea9109507cacd8e2f2aefc.png', '2014-11-20 05:17:24'),
(3, 3, 'scbtc', 'torpedo1', NULL, NULL, 'steve.png', 'zohairhemani@avialdo.com', 'scbtc.png', 'scbtc-cover.jpg', '2014-11-20 05:17:24'),
(4, 4, 'ufcw648', 'torpedo1', NULL, NULL, 'steve.png', 'zohairhemani@avialdo.com', 'ufcw648_logo.png', 'ufcw648_cover.png', '2014-11-20 05:17:24'),
(5, 6, 'ufcw480', 'torpedo1', NULL, NULL, 'user.jpg', 'zohairhemani@avialdo.com', 'logo_ufcw480.png', 'cover_ufcw480.png', '2014-11-20 05:17:24'),
(6, 7, 'ufcw99', 'torpedo1', NULL, NULL, 'steve.png', 'ufcw99@gmail.com', 'ufcw99_logo.png', 'd1fe173d08e959397adf34b1d77e88d7.png', '2015-04-1 05:17:24');

-- --------------------------------------------------------

--
-- Table structure for table `webservices`
--

CREATE TABLE IF NOT EXISTS `webservices` (
  `id` int(3) NOT NULL,
  `name` varchar(40) NOT NULL,
  PRIMARY KEY (`id`)
) ENGINE=InnoDB DEFAULT CHARSET=latin1;

--
-- Dumping data for table `webservices`
--

INSERT INTO `webservices` (`id`, `name`) VALUES
(1, 'news_category.php'),
(2, 'union_representatives.php'),
(4, 'stay_connected.php'),
(5, 'view.php'),
(7, 'office_location.php');

-- --------------------------------------------------------

--
-- Table structure for table `webservice_category`
--

CREATE TABLE IF NOT EXISTS `webservice_category` (
  `id` int(2) NOT NULL AUTO_INCREMENT,
  `webservice` int(2) NOT NULL,
  `category` varchar(10) NOT NULL,
  PRIMARY KEY (`id`)
) ENGINE=InnoDB  DEFAULT CHARSET=latin1 AUTO_INCREMENT=41 ;

--
-- Dumping data for table `webservice_category`
--

INSERT INTO `webservice_category` (`id`, `webservice`, `category`) VALUES
(1, 5, '1.1'),
(2, 5, '1.2'),
(3, 5, '1.3'),
(4, 5, '1.4'),
(5, 4, '5'),
(6, 7, '4.3'),
(7, 2, '4.2'),
(8, 1, '8'),
(9, 1, '6'),
(10, 1, '7'),
(11, 1, '9'),
(12, 1, '16'),
(13, 1, '15'),
(14, 2, '14'),
(15, 4, '21'),
(16, 2, '20.2'),
(17, 7, '20.3'),
(18, 1, '34'),
(19, 2, '37'),
(20, 1, '23'),
(21, 1, '24'),
(22, 1, '25'),
(23, 1, '26'),
(24, 1, '22'),
(25, 1, '38'),
(26, 4, '44'),
(27, 2, '43.2'),
(28, 7, '43.3'),
(29, 1, '49'),
(30, 1, '46'),
(31, 1, '47'),
(32, 1, '48'),
(33, 4, '54'),
(34, 1, '55'),
(35, 1, '56'),
(36, 1, '57'),
(37, 1, '58'),
(38, 1, '59'),
(39, 2, '53.2'),
(40, 7, '53.3');

/*!40101 SET CHARACTER_SET_CLIENT=@OLD_CHARACTER_SET_CLIENT */;
/*!40101 SET CHARACTER_SET_RESULTS=@OLD_CHARACTER_SET_RESULTS */;
/*!40101 SET COLLATION_CONNECTION=@OLD_COLLATION_CONNECTION */;
