-- phpMyAdmin SQL Dump
-- version 4.0.10.7
-- http://www.phpmyadmin.net
--
-- Host: localhost
-- Generation Time: Apr 01, 2015 at 03:32 PM
-- Server version: 5.5.32-cll-lve
-- PHP Version: 5.4.23

SET SQL_MODE = "NO_AUTO_VALUE_ON_ZERO";
SET time_zone = "+00:00";


/*!40101 SET @OLD_CHARACTER_SET_CLIENT=@@CHARACTER_SET_CLIENT */;
/*!40101 SET @OLD_CHARACTER_SET_RESULTS=@@CHARACTER_SET_RESULTS */;
/*!40101 SET @OLD_COLLATION_CONNECTION=@@COLLATION_CONNECTION */;
/*!40101 SET NAMES utf8 */;

--
-- Database: `ufcwFive`
--

-- --------------------------------------------------------

--
-- Table structure for table `app`
--

CREATE TABLE IF NOT EXISTS `app` (
  `app_id` int(3) NOT NULL,
  `about_us` varchar(5000) NOT NULL,
  `app_name` varchar(30) NOT NULL,
  `applicationID` varchar(40) NOT NULL,
  `clientKey` varchar(40) NOT NULL,
  `restKey` varchar(50) NOT NULL,
  `masterKey` varchar(50) NOT NULL,
  `pushCount` int(3) NOT NULL,
  PRIMARY KEY (`app_id`)
) ENGINE=InnoDB DEFAULT CHARSET=latin1;

--
-- Dumping data for table `app`
--

INSERT INTO `app` (`app_id`, `about_us`, `app_name`, `applicationID`, `clientKey`, `restKey`, `masterKey`, `pushCount`) VALUES
(1, 'United Food and Commercial Workers Local 5 is a 33,000 member labor union based in San Jose, California. The local is a progressive voice in the labor movement and the community with a strong tradition of member advocacy and involvement. It is an affiliate of the United Food and Commercial Workers International union based in Washington DC.\r\n\r\nLocal 5 members work primarily in retail grocery and meat with growing numbers employed in department stores.', 'UFCW 5', 'Lr8VBQHTUyzw4RoFpcyHQnCcHJAQb1PPhBVzDtqK', 'CHhHCo1TO0shdXvmhFywuNbFDVpalWvj9s6FqcM2', 'BfhbRn0mcXST0vxbSmLDgacHejVexmdBtnThCboZ', 'sOmMyLBOBSStGbiGL5EEAptl5G1H5fqQG7Os7NyF', 9),
(2, 'The United Latinos of the United Food and Commercial Workers Union (UFCW) is an organization of men and women who have joined together to promote the issues and pursue interests important to Latino workers.\r\n“Working Toward Latino Empowerment and Building Latino Pride!” We have a simple but powerful purpose of empowering Latino men and women within the UFCW and within our communities. We are also building Latino pride which will help others better understand our cultural differences.', 'UNITED LATINOS', 'w6aXlGWvcnOucmWTO2yfPpUgn7uqhKy6QBKc87bd', 'Wb2OJxkWkX0ryg1BMzkyjndcQqD9AVcLH7foaCv2', 'nn56EVWGtNaQ0HvDc8tvzMDUYxWujClEQoOJpW6i', 'n3MTsDZAdPhewQBVNbMFI6hndo99LhQGIVE59JPV', 3),
(3, 'For decades in Santa Clara and San Benito County, the Building & Construction Trades Council has been the driving force for excellence in the construction industry in the bay area.\r\n\r\nThe twenty-three craft unions affiliated with the council represent over 30,000 highly trained, skilled construction industry workers employed in Silicon Valley.\r\n\r\nThrough the efforts of the Building Trades Council, Silicon Valley has enjoyed the highest level of professionalism and training in step with the increasingly demanding requirements of the region''s high technology companies and developers. \r\n\r\nUnion crafts people are twenty-nine percent more productive than or non-union counterparts.\r\nFor a job done on time, at budget and the best quality, build it union.', 'SCBTC Super Group App', 'orFbBISE4eO088Q8l7fz0mnLfeeWdlCY5rRvgYnN', 'u29Wi6lOewPSvIA3wLoYGs1AJJjDWEfqbqZor90C', 'BRaxAlwaiQm1xKbIASNcgxJuAUF3MxS6xIA1WVzF', 'HpqCyGu2kDzkoJTbDollXntQn4Dj2q119oY5X0ic', 3),
(4, 'NO ABOUT US CONTENT.', 'UFCW648', 'dKW1ohEaNhqHYB3TldVN3n3JKlburbQOROC2l6IP', 'GLBO1Ci41uqXY4OG4s6j6XD6zhuUaO68wT1WFhLB', 'JGWvpqBP6XlJoc4y9B7wflXfzIg1sfAf3j6nV4Xm', 'IzWyOzuHW5FGXW7FrxmJ6iDuVcwJSsN9prww8nm6', 3),
(5, 'SouthBay Labor About Us', 'SouthBay Labor', 'GRXnk62l7nR7QR85eG5rJzy48uNOBt4LsOJ6FI9o', 'PRhdwMNe1YMDAw9BLf9EebxW7XDRkHRqswTywcbk', 'BR3o0xWvrflkQX7kr98A14VVQeiyE8Aix8b7XAI6', 'E9ZAX0QVUsFDphzg6EUtJfiFBlfXKiXTQBZXsJ1E', 3),
(6, 'YOUR UNION\nPREPARING TODAY \nFOR THE NEEDS OF TOMORROW', 'UFCW 480', 'cMTYrV8ByHQfkcY41QJjycAd79tCmiXNmgBFyDUI', 'bfDcObs9bxq0X0MFHCXxJ2M2zrASxemAK4gzlKDu', 'neDRHapbl1D5ifAR7OTnDElOXKSYnCUsZ1iWgymb', 'Ove7YvDqFL5BP7gUhyOj2DoTHRsZjIICa1MXc64e', 5),
(7, 'The United Food and Commercial Workers Union (UFCW) is one of the largest and strongest private sector Unions in North America.  UFCW Members work in dozens of industries:\r\n\r\nretail food stores\r\nfood processing\r\npoultry processing\r\nmeat packing plants\r\ndepartment stores\r\nbanks\r\nchemical and manufacturing plants\r\ndistilleries\r\ntextile plants\r\nhospitals\r\nand many more workplaces.\r\n\r\nThe UFCW is made up of more than 1.4 million people like you, people working together to improve their lives. The union - and its resources - stand with the members.\r\n\r\nThe UFCW is a strong union, with an informed, active and loyal membership and a progressive and responsive leadership.  We are a union whose voice is heard and respected in the labor movement, in Washington, D.C. and Ottawa, in state and provincial capitals, and in international forums overseas: a union that serves its members and that is respected by employers at the collective bargaining table. \r\n\r\nThe UFCW has a national office in Washington, D.C. and more than 900 local unions throughout the United States, Canada, and Puerto Rico.\r\n\r\nUFCW Local 99 is the largest private sector union in the State of Arizona.\r\n\r\nThe following is a list of companies in Arizona which are currently represented by UFCW Local 99 Collective Bargaining Agreements.', 'UFCW 99', 'Y72zyeiu02Lys7tDVKe2FGJtmvcpsErVXqb4tdlY', 'w58pG8MOzkRpMwdmORlOI9TRJz5raKgKqIB9sLVA', 'RD9f2XnJJnnuRQYZXn1GkniU4abzfR3CAOfT9tDN', 'cylrJ834pUOAn5qd7WcuX6G8bIwf9Pq60eIUGHES', 10);

-- --------------------------------------------------------

--
-- Table structure for table `app_relation`
--

CREATE TABLE IF NOT EXISTS `app_relation` (
  `id` int(6) NOT NULL AUTO_INCREMENT,
  `parentID` int(6) NOT NULL,
  `catID` int(6) NOT NULL,
  PRIMARY KEY (`id`)
) ENGINE=MyISAM  DEFAULT CHARSET=latin1 AUTO_INCREMENT=5 ;

--
-- Dumping data for table `app_relation`
--

INSERT INTO `app_relation` (`id`, `parentID`, `catID`) VALUES
(1, 6, 24),
(2, 2, 24),
(3, 6, 39),
(4, 2, 39);

-- --------------------------------------------------------

--
-- Table structure for table `categories`
--

CREATE TABLE IF NOT EXISTS `categories` (
  `id` int(15) NOT NULL AUTO_INCREMENT,
  `name` varchar(100) NOT NULL,
  `app_id` int(5) NOT NULL,
  PRIMARY KEY (`id`)
) ENGINE=InnoDB  DEFAULT CHARSET=latin1 AUTO_INCREMENT=65 ;

--
-- Dumping data for table `categories`
--

INSERT INTO `categories` (`id`, `name`, `app_id`) VALUES
(1, 'About UFCW5', 1),
(2, 'Get Educated', 1),
(3, 'Member Benefits', 1),
(4, 'Member Resources', 1),
(5, 'Stay Connected', 1),
(6, 'Member Discounts', 1),
(7, 'Negotiation Update', 1),
(8, 'Union News', 1),
(9, 'Upcoming Events', 1),
(10, 'About Us', 3),
(11, 'Political Participa', 3),
(12, 'Get Involved', 3),
(13, 'Projects', 3),
(14, 'Contact Us', 3),
(15, 'Shop Union', 1),
(16, 'Shop Union', 3),
(17, 'About UFCW648', 4),
(18, 'Get Educated', 4),
(19, 'Member Benefits', 4),
(20, 'Member Resources', 4),
(21, 'Stay Connected', 4),
(22, 'Member Discounts', 4),
(23, 'Negotiation Update', 4),
(24, 'Union News', 4),
(25, 'Upcoming Events', 4),
(26, 'Shop Union', 4),
(32, 'About Us', 2),
(33, 'Political Participa', 2),
(34, 'Education', 2),
(35, 'Community Involv', 2),
(36, 'Join UL of UFCW', 2),
(37, 'Contact Us', 2),
(38, 'Shop Union', 2),
(39, 'Shop Union', 5),
(40, 'About UFCW480', 6),
(41, 'Get Educated', 6),
(42, 'Member Benefits', 6),
(43, 'Member Resources', 6),
(44, 'Stay Connected', 6),
(45, 'Member Discounts', 6),
(46, 'Negotiation Update', 6),
(47, 'Union News', 6),
(48, 'Upcoming Events', 6),
(49, 'Shop Union', 6),
(50, 'About UFCW99', 7),
(51, 'Get Educated', 7),
(52, 'Member Benefits', 7),
(53, 'Member Resources', 7),
(54, 'Stay Connected', 7),
(55, 'Member Discounts', 7),
(56, 'Negotiation Update', 7),
(57, 'Union News', 7),
(58, 'Upcoming Events', 7),
(59, 'Shop Union', 7);

-- --------------------------------------------------------

--
-- Table structure for table `contact`
--

CREATE TABLE IF NOT EXISTS `contact` (
  `contact_id` int(11) NOT NULL AUTO_INCREMENT,
  `name` varchar(50) DEFAULT NULL,
  `designation` varchar(100) DEFAULT NULL,
  `address` varchar(100) DEFAULT NULL,
  `phone_no1` varchar(20) DEFAULT NULL,
  `phone_no2` varchar(20) DEFAULT NULL,
  `fax_no` varchar(30) DEFAULT NULL,
  `email` varchar(40) DEFAULT NULL,
  `time_cone` varchar(15) DEFAULT NULL,
  `app_id` varchar(20) DEFAULT NULL,
  `order` int(2) NOT NULL,
  PRIMARY KEY (`contact_id`)
) ENGINE=InnoDB  DEFAULT CHARSET=latin1 AUTO_INCREMENT=60 ;

--
-- Dumping data for table `contact`
--

INSERT INTO `contact` (`contact_id`, `name`, `designation`, `address`, `phone_no1`, `phone_no2`, `fax_no`, `email`, `time_cone`, `app_id`, `order`) VALUES
(10, 'Jami Moore', 'Alameda County', '28870 Mission Blvd.\r\nHayward, CA 94544', '(510) 583-8421', '(510) 889-0870', '(510) 889-6415	', 'jmoore@ufcw5.org', '2015-03-05 20:5', '1', 0),
(12, 'John Nunes', 'Alameda County', '28870 Mission Blvd.\r\nHayward, CA 94544', '(510) 583-8410	', '(510) 889-0870', '(510) 889-6415', 'jnunes@ufcw5.org', '2015-02-09 18:2', '1', 0),
(13, 'John Bueno	', 'Alameda County', '28870 Mission Blvd.\r\nHayward, CA 94544', '(510) 889-0870', ' (510) 889-0870', '(510) 889-6415', 'jbueno@ufcw5.org', '2015-02-06 08:3', '1', 0),
(14, 'Maggie Feder', 'Alameda County', '28870 Mission Blvd. \r\nHayward, CA 94544			', '(510) 583-8424', '(510) 889-0870 ', '(510) 889-6415', 'mfeder@ufcw5.org', '2015-02-06 08:3', '1', 0),
(15, 'Marla Donati		', 'Alameda County', '28870 Mission Blvd.\r\nHayward, CA 94544', '(510) 583-8419', ' (510) 889-0870', '(510) 889-6415', 'mdonati@ufcw5.org', '2015-02-06 08:3', '1', 0),
(16, 'Mike Henneberry', 'Alameda County', '28870 Mission Blvd. \r\nHayward, CA 94544\r\n', '(510) 583-8420', ' (510) 889-0870', '(510) 889-6415', 'mhenneberry@ufcw5.org', '2015-02-09 17:3', '1', 0),
(17, 'Angela Jo Willmes', 'Alameda County', '28870 Mission Blvd.\r\nHayward, CA 94544\r\n\r\n	', '(510) 583-8423', ' (510) 889-0870', '(510) 889-6415', 'awillmes@ufcw5.org', '2015-02-09 18:2', '1', 0),
(18, 'Bambi Marien', 'Contra Costa County', '4121 Alhambra Ave. \r\nMartinez, CA 94553\r\n\r\n\r\n\r\n', ' (925) 269-2421', '(925) 228-8800', '(925) 370-7305', 'bmarien@ufcw5.org', '2015-02-06 08:2', '1', 0),
(19, 'Jack	Landes', 'Contra Costa County', '4121 Alhambra Ave. \r\nMartinez, CA 94553', '( 925) 269-2426', '(925) 228-8800', '(925) 370-7305', 'jlandes@ufcw5.org', '2015-02-09 18:2', '1', 0),
(20, 'Oscar Orozco', 'Contra Costa County', '4121 Alhambra Ave. \r\nMartinez, CA 94553\r\n', '( 925) 269-2420', '(925) 228-8800', '(925) 370-7305', 'oorozco@ufcw5.org', '2015-02-06 08:2', '1', 0),
(21, 'Pam Danniel', 'Contra Costa County', ' 4121 Alhambra Ave. \r\nMartinez, CA 94553		', '(925) 269-2442', '(925) 228-8800', '(925) 370-7305', 'pdanniel@ufcw5.org', '2015-02-09 18:2', '1', 0),
(22, 'Pete Derenale', 'Contra Costa County', '4121 Alhambra Ave. \r\nMartinez, CA 94553\r\n	 	', '(925) 269-2445', '(925) 228-8800', '(925) 370-7305', 'pderenale@ufcw5.org', '2015-02-09 18:2', '1', 0),
(23, 'John Frahm', 'Eureka', '840 E St., Suite 8\r\nEureka, CA 95501', '(707) 442-1751 ext.3', '  ', '(707) 442-9572', 'jfrahm@ufcw5.org', '2015-02-09 18:2', '1', 0),
(24, 'John Rossi	', 'Novato / San Francisco', '85 Galli Drive\r\nNovato, CA 94949', '(415) 883-6833 ext.3', '(415) 693-0143', '(415) 883-1043', 'jrossi@ufcw5.org', '2015-02-09 18:3', '1', 0),
(25, 'Lance Wood', 'Novato / San Francisco', '85 Galli Drive\r\nNovato, CA 94949\r\n', '(415) 883-6833 ext.3', '(415) 693-0143', '(415) 883-1043', 'lwood@ufcw5.org', '2015-02-09 17:4', '1', 0),
(26, 'Katie Johnston	', 'San Francisco', '323 Geary Street, Room 709\r\nSan Francisco, CA 94102\r\n', '(415) 693-0143 ext.3', ' ', '(415) 693-9352', 'kjohnston@ufcw5.org', '2015-02-09 17:5', '1', 0),
(27, 'Mike	 Jones		', 'San Francisco', '323 Geary Street, Room 709\r\n', '(415) 693-0143 ext.3', 'San Francisco, CA 94', '(415) 693-9352', 'mjones@ufcw5.org', '2015-02-09 18:3', '1', 0),
(28, 'Mike Frenna', 'South San Francisco', '208 Miller Ave.\r\nSouth San Francisco 94080', '(650) 871-3539', '(650) 871-5730', '(650) 866-3504', 'mfrenna@ufcw5.org', '2015-02-09 18:3', '1', 0),
(29, 'Dustin Tyssen		', 'South San Francisco', '208 Miller Ave.\r\nSouth San Francisco 94080\r\n\r\n\r\n\r\nFax: ', '(650) 871-3541', '(650) 871-5730', '(650) 866-3504', 'dtyssen@ufcw5.org', '2015-02-09 17:5', '1', 0),
(30, 'Juan Escobar		', 'South San Francisco', '208 Miller Ave.\r\nSouth San Francisco 94080\r\n', '(650) 871-3526', '(650) 871-5730', '(650) 866-3504', 'jescobar@ufcw5.org', '2015-02-09 17:5', '1', 0),
(31, 'Carl	Nakano		', 'San Jose', '240 South Market Street, \r\nSan Jose, CA 95113', '(408) 625-5615', '(408) 998-0428', '(408) 971-8355', 'cnakano@ufcw5.org', '2015-02-09 18:0', '1', 0),
(32, 'Elise	Blazek		', 'San Jose', '240 South Market Street\r\nSan Jose, CA 95113', '(408) 625-5620', '(408) 998-0428', '(408) 971-8355', 'eblazek@ufcw5.org', '2015-02-09 18:0', '1', 0),
(33, 'Gladis Gallardo	', 'San Jose', '240 South Market Street\r\nSan Jose, CA 95113', '(408) 625-5645', '(408) 998-0428', '(408) 971-8355', 'ggallardo@ufcw5.org', '2015-02-09 18:1', '1', 0),
(34, 'James Cortez	', 'San Jose', '240 South Market Street\r\nSan Jose, CA 95113', '(408 )625-5635', '(408) 998-0428', '(408) 971-8355', 'jcortez@ufcw5.org', '2015-02-09 18:1', '1', 0),
(35, 'Jon Hughes	', 'San Jose', '240 South Market Street\r\nSan Jose, CA 95113', '(408) 625-5629	', '(408) 998-0428', '(408) 971-8355', 'jhughes@ufcw5.org', '2015-02-09 18:1', '1', 0),
(36, 'Kelly	Martinez		', 'San Jose', '240 South Market Street\r\nSan Jose, CA 95113', '(408) 625-5613', '(408) 998-0428', '(408) 971-8355', 'kmartinez@ufcw5.org', '2015-02-09 18:1', '1', 0),
(37, 'Laurie Mesa		', 'San Jose', '240 South Market Street\r\nSan Jose, CA 95113', '(408) 625-5624', '(408) 998-0428', '(408) 971-8355', 'lmesa@ufcw5.org', '2015-02-09 18:1', '1', 0),
(38, 'Letresa Perkins', 'San Jose', '240 South Market Street\r\nSan Jose, CA 95113', '(408) 625-5607	', '(408) 998-0428', '(408) 971-8355', 'lperkins@ufcw5.org', '2015-02-09 18:1', '1', 0),
(39, 'Phil	Fidandis', 'San Jose', '240 South Market Street\r\nSan Jose, CA 95113', '(408) 625-5647	', '(408) 998-0428', '(408) 971-8355', 'pfidandis@ufcw5.org', '2015-02-09 18:1', '1', 0),
(40, 'Terry Gonzales', 'San Jose', '240 South Market Street\r\nSan Jose, CA 95113', '(408) 625-5621', '(408) 998-0428', '(408) 971-8355', 'tgonzales@ufcw5.org', '2015-02-09 18:2', '1', 0),
(41, 'Todd Tamone', 'San Jose', '240 South Market Street\r\nSan Jose, CA 95113	\r\n', '(408) 625-5611', '(408) 998-0428', '(408) 971-8355', 'ttamone@ufcw5.org', '2015-02-09 18:2', '1', 0),
(42, 'Tony Alexander	', 'San Jose', '240 South Market Street\r\nSan Jose, CA 95113', '(408) 625-5614	', '(408) 998-0428', '(408) 971-8355', 'talexander@ufcw5.org', '2015-02-09 18:2', '1', 0),
(43, 'Pete Maturino', 'President', '1145 North Main Street\r\nSalinas, CA 93906\r\n \r\nPhone: \r\nFax: (831) 757-9115', '408.625.5595', ' ', ' (831) 757-9115', 'pmaturino@ufcw5.org', '2015-03-21 08:2', '2', 0),
(48, 'Santa Clara & San Benito Counties', 'President', 'Building & Construction Trades Council 2102 Almaden Rd., Suite 101 San Jose CA 95125', '(408) 265-7643', NULL, '(408) 265-2080', 'Joseph@scbtc.org', NULL, '3', 0),
(49, 'Tim McLaughlin', 'San Francisco Office', '1980 Mission Street\r\nSan Francisco, CA 94103', '4154617840', '4158617840', '4158618267', 'tmclaughlin@ufcw648.org', '2015-03-17 12:5', '4', 0),
(50, 'Christian Pradia', 'San Francisco Office', '1980 Mission Street\r\nSan Francisco, CA 94103', '4158617840', '4158617840', '4158618267', 'cpradia@ufcw648.org', '2015-03-17 12:4', '4', 0),
(51, 'Darryl Roberts', 'San Francisco Office', '1980 Mission Street\r\nSan Francisco, CA 94103', '4158617840', '4158617840', '4158618267', 'droberts@ufcw648.org', '2015-03-17 12:4', '4', 0),
(52, 'Jean-Marie Lopez ', 'South San Francisco', '1980 Mission Street\r\nSan Francisco, CA 94103', '4158617840', '4158617840', '4158618267', 'jlopez@ufcw648.org', '2015-03-17 12:5', '4', 0),
(53, 'Jennifer Garcia', 'San Francisco Office', '1980 Mission Street\r\nSan Francisco, CA 94103', '4158617840', '4158617840', '4158618267', 'jgarcia@ufcw648.org', '2015-03-17 12:5', '4', 0),
(54, 'Jennifer Garcia', 'San Francisco Office', '1980 Mission Street\r\nSan Francisco, CA 94103', '4158617840', '4158617840', '4158618267', 'jgarcia@ufcw648.org', '2015-03-17 12:5', '4', 0),
(56, 'fsafasf', 'sfafasf', 'asfafa', '346346346', '34634634', '346346', 'afasf@s.com', '2015-03-18 06:2', '6', 1),
(57, 'fsafasf', 'sfafasf', 'asfafa', '346346346', '34634634', '346346', 'afasf@s.com', '2015-03-18 06:2', '6', 2),
(58, 'Dummy', 'Dummy', 'Dummy Address', '03232332', '3253252350', '325325235', 'ufcw99@gmail.com', '2015-04-01 13:2', '', 1),
(59, 'Steve', 'Co founder', 'Dummy Address', '0300508080', '03080808', '0300250080', 'ufcw99@gmail.com', '2015-04-01 13:4', '7', 1);

-- --------------------------------------------------------

--
-- Table structure for table `location`
--

CREATE TABLE IF NOT EXISTS `location` (
  `office_id` bigint(20) NOT NULL AUTO_INCREMENT,
  `office_title` varchar(100) DEFAULT NULL,
  `address` varchar(100) DEFAULT NULL,
  `phone_no` varchar(15) DEFAULT NULL,
  `website` varchar(50) DEFAULT NULL,
  `time_cone` varchar(100) DEFAULT NULL,
  `app_id` varchar(20) DEFAULT NULL,
  `order` int(5) NOT NULL,
  PRIMARY KEY (`office_id`)
) ENGINE=InnoDB  DEFAULT CHARSET=latin1 AUTO_INCREMENT=39 ;

--
-- Dumping data for table `location`
--

INSERT INTO `location` (`office_id`, `office_title`, `address`, `phone_no`, `website`, `time_cone`, `app_id`, `order`) VALUES
(6, 'San Jose Office', '240 South Market Street, San Jose, CA 95113                       ', '(408) 998-0428', 'ufcw5.org', '2015-02-09 20:51:09', '1', 0),
(7, 'Eureka Office', '840 E St., Suite 8, Eureka, CA 95501', '(707) 442-1751', 'ufcw5.org', '2015-02-06 08:04:21', '1', 0),
(8, 'Hayward Office', '28870 Mission Blvd. Hayward, CA 94544\r\n', '(510) 889-0870', 'ufcw5.org', '2015-02-06 08:04:37', '1', 0),
(9, 'Martinez Office', '4121 Alhambra Ave. Martinez, CA 94553\r\n', '(925) 228-8800', 'ufcw5.org', '2015-02-06 08:04:52', '1', 0),
(10, 'Novato Office', '85 Galli Drive, Novato, CA 94949\r\n', '(415) 883-6833', 'ufcw5.org', '2015-02-06 08:05:05', '1', 0),
(11, 'Salinas Office', '1145 North Main Street, Salinas, CA 93906\r\n', '(831) 757-3094', 'ufcw5.org', '2015-02-06 08:05:23', '1', 0),
(13, 'South San Francisco Office', '208 Miller Ave., South San Francisco 94080\r\n', '(650) 871-5730', 'ufcw5.org', '2015-02-06 08:06:01', '1', 0),
(27, 'UFCW United Latinos', '1145 North Main Street\r\nSalinas, CA 93906', '(408) 625-5595', 'www.ufcwunitedlatinos.org', '2015-02-09 21:57:40', '2', 0),
(33, 'Afshan', 'Afshan...', '0300281565', 'alelo.com', '2015-03-18 03:18:19', '6', 1),
(36, 'San Francisco Office', '1980 Mission Street\r\nSan Francisco, CA 94103', '(415) 861-7840', 'ufcw648.org', '2015-03-23 13:22:01', '4', 2),
(37, 'San Francisco Office', '1980 Mission StreetSan Francisco, CA 94103', '(415) 861-7840', 'ufcw699.org', '2015-04-01 13:21:41', '7', 1),
(38, 'BBC', 'BBC Address', '03052352', 'bbc.com', '2015-04-01 13:51:59', '7', 2);

-- --------------------------------------------------------

--
-- Table structure for table `news`
--

CREATE TABLE IF NOT EXISTS `news` (
  `news_id` bigint(20) NOT NULL AUTO_INCREMENT,
  `title` varchar(200) NOT NULL,
  `description` varchar(5000) NOT NULL,
  `file` varchar(100) NOT NULL,
  `time_cone` varchar(30) DEFAULT NULL,
  `category` varchar(20) NOT NULL,
  `app_id` int(11) NOT NULL,
  `facebook` varchar(20) DEFAULT NULL,
  `twitter` varchar(20) DEFAULT NULL,
  `google` varchar(20) DEFAULT NULL,
  `pinterest` varchar(20) DEFAULT NULL,
  `social` varchar(2) DEFAULT NULL,
  `order` int(100) DEFAULT NULL,
  `published` int(2) NOT NULL,
  PRIMARY KEY (`news_id`)
) ENGINE=InnoDB  DEFAULT CHARSET=latin1 AUTO_INCREMENT=621 ;

--
-- Dumping data for table `news`
--

INSERT INTO `news` (`news_id`, `title`, `description`, `file`, `time_cone`, `category`, `app_id`, `facebook`, `twitter`, `google`, `pinterest`, `social`, `order`, `published`) VALUES
(152, '', '<p style="margin: 0px 0px 25px; padding: 0px; border: 0px; font-family: ''Open Sans'', sans-serif; font-size: 14px; font-style: normal; font-variant: normal; font-weight: normal; font-stretch: inherit; line-height: 25.2000007629395px; vertical-align: baseline; color: rgb(132, 137, 140); letter-spacing: normal; orphans: auto; text-align: start; text-indent: 0px; text-transform: none; white-space: normal; widows: 1; word-spacing: 0px; -webkit-text-stroke-width: 0px; background-color: rgb(255, 255, 255);"><a href="http://ufcw5.org/wp-content/uploads/2014/11/12.png" style="font-family: inherit; font-size: inherit; line-height: inherit; color: rgb(46, 157, 247); font-variant: inherit; margin: 0px; padding: 0px; border: 0px; font-style: italic; font-weight: 600; font-stretch: inherit; vertical-align: baseline; text-decoration: none; outline: 0px; -webkit-transition: all 120ms ease-in; transition: all 120ms ease-in;"><img alt="12" class="alignnone wp-image-2440 size-large" height="554" src="http://ufcw5.org/wp-content/uploads/2014/11/12-1024x554.png" style="margin: 5px 20px 20px 0px; padding: 0px; border: 0px; font-family: inherit; font-size: inherit; font-style: inherit; font-variant: inherit; font-weight: inherit; font-stretch: inherit; line-height: inherit; vertical-align: baseline; max-width: 100%; height: auto !important;" width="1024" /></a></p>\r\n\r\n<div id="hdr" style="font-family: inherit; font-style: inherit; font-weight: inherit; line-height: 20.7999992370605px; margin: 0px 0px 10px; padding: 10px; outline: none; border-width: 10px 0px 0px; border-top-style: solid; border-top-color: rgb(0, 37, 87); font-size: 16px; vertical-align: baseline; overflow: hidden; background: rgb(0, 73, 144);">\r\n<header class="wrapper" id="hdr-content" style="margin: 0px auto; padding: 0px; outline: none; max-width: 980px;">\r\n<h1 class="pagetitle" style="line-height: 1em; margin: 0px 12px 0px 0px; padding: 0px; outline: none; border: 0px; font-family: proxima-nova-condensed, proxima-nova, ''Proxima Nova'', HelveticaNeue, ''Helvetica Neue'', Helvetica, sans-serif; font-size: 1.875em; vertical-align: baseline; font-stretch: normal; color: rgb(255, 255, 255); float: left;">Who We Are</h1>\r\n</header>\r\n</div>\r\n\r\n<div class="post" style="font-family: inherit; font-style: inherit; font-weight: inherit; line-height: 20.7999992370605px; margin: 0px; padding: 0px; outline: none; border: 0px; font-size: 16px; vertical-align: baseline;">\r\n<div class="entry" style="margin: 0px 0px 1.5em; padding: 0px 0px 1.5em; outline: none; border: 0px; font-family: inherit; font-style: inherit; vertical-align: baseline;">\r\n<h2 style="line-height: 1em; margin: 20px 0px 10px; padding: 18px 0px 10px 20px; outline: none; border-width: 10px 0px 1px; border-top-style: solid; border-bottom-style: dotted; border-top-color: rgb(255, 196, 37); border-bottom-color: rgb(0, 73, 144); font-family: proxima-nova-condensed, proxima-nova, ''Proxima Nova'', HelveticaNeue, ''Helvetica Neue'', Helvetica, sans-serif; font-size: 1.875em; vertical-align: baseline; font-stretch: normal; color: rgb(0, 73, 144); min-height: 30px; background-image: url(http://www.ufcw.org/wp-content/themes/ufcw/images/bg_hdr.png); background-attachment: initial; background-size: initial; background-origin: initial; background-clip: initial; background-position: 0% 22px; background-repeat: no-repeat;">UFCW Local 5</h2>\r\n\r\n<p style="margin: 0px 0px 25px; padding: 0px; border: 0px; font-family: ''Open Sans'', sans-serif; font-size: 14px; font-stretch: inherit; line-height: 25.2000007629395px; vertical-align: baseline; color: rgb(132, 137, 140);">United Food and Commercial Workers Local 5 is a 30,000 member labor union based in Hayward, California. The local is a progressive voice in the labor movement and the community with a strong tradition of member advocacy and involvement. It is an affiliate of the United Food and Commercial Workers International union based in Washington DC.</p>\r\n\r\n<p style="margin: 0px 0px 25px; padding: 0px; border: 0px; font-family: ''Open Sans'', sans-serif; font-size: 14px; font-stretch: inherit; line-height: 25.2000007629395px; vertical-align: baseline; color: rgb(132, 137, 140);">Local 5 members work primarily in retail grocery and meat and in department stores,&nbsp;retail drug stores, candy stores, jewelry stores, agriculture and food processing, wholesale meat, seafood processing, financial services, education and the cannabis industry among others.</p>\r\n\r\n<p style="margin: 0px 0px 25px; padding: 0px; border: 0px; font-family: ''Open Sans'', sans-serif; font-size: 14px; font-stretch: inherit; line-height: 25.2000007629395px; vertical-align: baseline; color: rgb(132, 137, 140);"><strong>Wherever Local 5 members work they have a strong voice on the job.</strong></p>\r\n</div>\r\n</div>\r\n', 'b6d767d2f8ed5d21a44b0e5886680cb9.png', '2015-04-01 13:56:27', '1.1', 1, '', '', '', '', '', 1, 1),
(154, '', '<p><span style="color: rgb(55, 65, 71); font-family: Tahoma, arial, verdana, sans-serif; font-size: 14px; font-style: normal; font-variant: normal; font-weight: normal; letter-spacing: normal; line-height: 24.8888893127441px; orphans: auto; text-align: left; text-indent: 0px; text-transform: none; white-space: normal; widows: 1; word-spacing: 0px; -webkit-text-stroke-width: 0px; display: inline !important; float: none; background-color: rgb(255, 255, 255);"><img alt="" src="http://ufcw5.org/wp-content/uploads/2015/03/IMG_03411.jpg" style="width: 267px; height: 200px;" /></span></p>\r\n\r\n<div id="hdr" style="font-family: inherit; font-style: inherit; font-weight: inherit; line-height: 20.7999992370605px; margin: 0px 0px 10px; padding: 10px; outline: none; border-width: 10px 0px 0px; border-top-style: solid; border-top-color: rgb(0, 37, 87); font-size: 16px; vertical-align: baseline; overflow: hidden; background: rgb(0, 73, 144);">\r\n<header class="wrapper" id="hdr-content" style="margin: 0px auto; padding: 0px; outline: none; max-width: 980px;">\r\n<h1 class="pagetitle" style="line-height: 1em; margin: 0px 12px 0px 0px; padding: 0px; outline: none; border: 0px; font-family: proxima-nova-condensed, proxima-nova, ''Proxima Nova'', HelveticaNeue, ''Helvetica Neue'', Helvetica, sans-serif; font-size: 1.875em; vertical-align: baseline; font-stretch: normal; color: rgb(255, 255, 255); float: left;">What is a Union?</h1>\r\n</header>\r\n</div>\r\n\r\n<div class="post" style="font-family: inherit; font-style: inherit; font-weight: inherit; line-height: 20.7999992370605px; margin: 0px; padding: 0px; outline: none; border: 0px; font-size: 16px; vertical-align: baseline;">\r\n<div class="entry" style="margin: 0px 0px 1.5em; padding: 0px 0px 1.5em; outline: none; border: 0px; font-family: inherit; font-style: inherit; vertical-align: baseline;">\r\n<h3 style="line-height: 1em; margin: 20px 0px 10px; padding: 18px 0px 10px 20px; outline: none; border-width: 10px 0px 1px; border-top-style: solid; border-bottom-style: dotted; border-top-color: rgb(255, 196, 37); border-bottom-color: rgb(0, 73, 144); font-family: proxima-nova-condensed, proxima-nova, ''Proxima Nova'', HelveticaNeue, ''Helvetica Neue'', Helvetica, sans-serif; font-size: 1.875em; vertical-align: baseline; font-stretch: normal; color: rgb(0, 73, 144); min-height: 30px; background-image: url(http://www.ufcw.org/wp-content/themes/ufcw/images/bg_hdr.png); background-attachment: initial; background-size: initial; background-origin: initial; background-clip: initial; background-position: 0% 22px; background-repeat: no-repeat;">Unions are about a simple proposition: By joining together, working women and men gain strength in numbers so they can have a voice at work about what they care about.</h5>\r\n\r\n<div><span style="color: rgb(55, 65, 71); font-family: Tahoma, arial, verdana, sans-serif; font-size: 14px; line-height: 24.8888893127441px;">They negotiate a contract with their employer for things like a fair and safe workplace, better wages, a secure retirement and family-friendly policies such as paid sick leave and scheduling hours. They have a voice in how their jobs get done, creating a more stable, productive workforce that provides better services and products. Always adapting to the challenges of our nation&rsquo;s evolving workforce, unions are meeting the needs of workers in today&rsquo;s flexible and nontraditional work environments. Because no matter what type of job workers are in, by building power in unions, they can speak out for fairness for all working people in their communities and create better standards and a strong middle class across the country.</span></div>\r\n</div>\r\n</div>\r\n', '28dd2c7955ce926456240b2ff0100bde.png', '2015-03-24 15:04:05', '1.2', 1, '', '', '', '', '', 2, 1),
(156, '', '<p><img alt="" src="http://ufcw5.org/wp-content/uploads/2014/11/4.png" style="width: 280px; height: 152px;" /></p>\r\n\r\n<h2 style="margin: 20px 0px 10px; padding: 18px 0px 10px 20px; outline: none; border-width: 10px 0px 1px; border-top-style: solid; border-bottom-style: dotted; border-top-color: rgb(255, 196, 37); border-bottom-color: rgb(0, 73, 144); font-family: proxima-nova-condensed, proxima-nova, ''Proxima Nova'', HelveticaNeue, ''Helvetica Neue'', Helvetica, sans-serif; font-size: 1.875em; vertical-align: baseline; font-stretch: normal; line-height: 1em; color: rgb(0, 73, 144); min-height: 30px; background-image: url(http://www.ufcw.org/wp-content/themes/ufcw/images/bg_hdr.png); background-attachment: initial; background-size: initial; background-origin: initial; background-clip: initial; background-position: 0% 22px; background-repeat: no-repeat;">Become a Member of UFCW Local 5</h2>\r\n\r\n<p style="margin: 0px 0px 10px; padding: 0px; outline: none; border: 0px; font-family: proxima-nova, ''Proxima Nova'', HelveticaNeue, ''Helvetica Neue'', Helvetica, sans-serif; font-size: 16px; vertical-align: baseline; color: rgb(102, 102, 102); line-height: normal;">&nbsp;</p>\r\n\r\n<p>In the United Food and Commercial Workers, you are the union.&nbsp; You come&nbsp;together to talk with your coworkers; you nominate and elect union officers; you determine the working conditions and concerns that will be bargained in a contract; you will be part of a larger movement to improve the lives of working men and women in the workplace and in their communities.</p>\r\n\r\n<p>The more workers join together for the good of all, the more management listens to what they have to say.</p>\r\n\r\n<div id="gform_wrapper_4">\r\n<form action="http://www.ufcw.org/resources/become-a-member/" enctype="multipart/form-data" id="gform_4" method="post">\r\n<div>\r\n<h3>Become a Member</h3>\r\nIf you are interested in learning more about how you and your coworkers can join with us and find your voice, drop us a line and tell us why you want to get involved.</div>\r\n</form>\r\n</div>\r\n\r\n<div class="gf_browser_ie gf_browser_ie9 gform_wrapper" id="gform_wrapper_4" style="margin: 1em 0px; padding: 0px; outline: none; border: 0px; font-family: inherit; font-size: 16px; font-style: inherit; font-weight: inherit; vertical-align: baseline; overflow: inherit; max-width: 98%;">\r\n<form action="http://www.ufcw.org/resources/become-a-member/" enctype="multipart/form-data" id="gform_4" method="post" style="margin: 0px; padding: 0px; outline: none; border: 0px; font-family: inherit; font-style: inherit; font-weight: inherit; vertical-align: baseline;">\r\n<div class="gform_body" style="margin: 0px; padding: 0px; outline: none; border: 0px; font-family: proxima-nova, ''Proxima Nova'', HelveticaNeue, ''Helvetica Neue'', Helvetica, sans-serif; vertical-align: baseline; color: rgb(102, 102, 102); line-height: normal;">\r\n<ul class="gform_fields top_label form_sublabel_below description_below" id="gform_fields_4" style="margin: 0px; padding-right: 0px; padding-left: 0px; outline: none; border: 0px; font-family: inherit; font-style: inherit; font-weight: inherit; vertical-align: baseline; list-style: none; overflow: visible;">\r\n</ul>\r\n</div>\r\n</form>\r\n</div>\r\n\r\n<div class="gf_browser_ie gf_browser_ie9 gform_wrapper" id="gform_wrapper_4" style="margin: 1em 0px; padding: 0px; outline: none; border: 0px; font-family: inherit; font-size: 16px; font-style: inherit; font-weight: inherit; vertical-align: baseline; overflow: inherit; max-width: 98%;">\r\n<form action="http://www.ufcw.org/resources/become-a-member/" enctype="multipart/form-data" id="gform_4" method="post" style="margin: 0px; padding: 0px; outline: none; border: 0px; font-family: inherit; font-style: inherit; font-weight: inherit; vertical-align: baseline;">\r\n<div>&nbsp;</div>\r\n\r\n<div class="gform_body" style="margin: 0px; padding: 0px; outline: none; border: 0px; font-family: proxima-nova, ''Proxima Nova'', HelveticaNeue, ''Helvetica Neue'', Helvetica, sans-serif; vertical-align: baseline; color: rgb(102, 102, 102); line-height: normal;">\r\n<ul class="gform_fields top_label form_sublabel_below description_below" id="gform_fields_4" style="margin: 0px; padding-right: 0px; padding-left: 0px; outline: none; border: 0px; font-family: inherit; font-style: inherit; font-weight: inherit; vertical-align: baseline; list-style: none; overflow: visible;">\r\n</ul>\r\n</div>\r\n</form>\r\n</div>\r\n', 'd2ddea18f00665ce8623e36bd4e3c7c5.png', '2015-03-24 15:05:10', '1.3', 1, '', '', '', '', '', 4, 1),
(157, '', '<p><img alt="" src="http://ufcw5.org/wp-content/uploads/2014/12/enews.png" style="width: 280px; height: 134px;" /></p>\r\n\r\n<div id="hdr" style="font-family: inherit; font-style: inherit; font-weight: inherit; line-height: 20.7999992370605px; margin: 0px 0px 10px; padding: 10px; outline: none; border-width: 10px 0px 0px; border-top-style: solid; border-top-color: rgb(0, 37, 87); font-size: 16px; vertical-align: baseline; overflow: hidden; background: rgb(0, 73, 144);">\r\n<header class="wrapper" id="hdr-content" style="margin: 0px auto; padding: 0px; outline: none; max-width: 980px;">\r\n<h1 class="pagetitle" style="line-height: 1em; margin: 0px 12px 0px 0px; padding: 0px; outline: none; border: 0px; font-family: proxima-nova-condensed, proxima-nova, ''Proxima Nova'', HelveticaNeue, ''Helvetica Neue'', Helvetica, sans-serif; font-size: 1.875em; vertical-align: baseline; font-stretch: normal; color: rgb(255, 255, 255); float: left;">The Union Advantage</h1>\r\n</header>\r\n</div>\r\n\r\n<div class="post" style="font-family: inherit; font-style: inherit; font-weight: inherit; line-height: 20.7999992370605px; margin: 0px; padding: 0px; outline: none; border: 0px; font-size: 16px; vertical-align: baseline;">\r\n<div class="entry" style="margin: 0px 0px 1.5em; padding: 0px 0px 1.5em; outline: none; border: 0px; font-family: inherit; font-style: inherit; vertical-align: baseline;">\r\n<h2 style="margin: 20px 0px 10px; padding: 18px 0px 10px 20px; outline: none; border-width: 10px 0px 1px; border-top-style: solid; border-bottom-style: dotted; border-top-color: rgb(255, 196, 37); border-bottom-color: rgb(0, 73, 144); font-family: proxima-nova-condensed, proxima-nova, ''Proxima Nova'', HelveticaNeue, ''Helvetica Neue'', Helvetica, sans-serif; font-size: 1.875em; vertical-align: baseline; font-stretch: normal; line-height: 1em; color: rgb(0, 73, 144); min-height: 30px; background-image: url(http://www.ufcw.org/wp-content/themes/ufcw/images/bg_hdr.png); background-attachment: initial; background-size: initial; background-origin: initial; background-clip: initial; background-position: 0% 22px; background-repeat: no-repeat;"><a href="http://www.ufcw.org/about/opportunities/scholarship/" style="margin: 0px; padding: 0px; outline: none; border: 0px; font-family: inherit; font-size: 30px; font-style: inherit; font-weight: inherit; vertical-align: baseline; color: rgb(60, 90, 152); text-decoration: none;" title="Education and Scholarship">Education,&nbsp;Scholarship</a>, Discounts and More</h2>\r\n\r\n<p style="margin: 0px 0px 10px; padding: 0px; outline: none; border: 0px; font-family: proxima-nova, ''Proxima Nova'', HelveticaNeue, ''Helvetica Neue'', Helvetica, sans-serif; font-size: 16px; vertical-align: baseline; color: rgb(102, 102, 102); line-height: normal;">Did you know as a union member, you are eligible for a number of scholarships and education-related opportunities? Check out a few of the opportunities on our&nbsp;<a href="http://ufcw5.org/?page_id=2320" style="margin: 0px; padding: 0px; outline: none; border: 0px; font-family: inherit; font-style: inherit; font-weight: inherit; vertical-align: baseline; color: rgb(60, 90, 152); text-decoration: none;" title="Education and Scholarship">Scholarship&nbsp;</a>page.</p>\r\n\r\n<p style="font-size: 16px; margin: 0px 0px 10px; padding: 0px; outline: none; border: 0px; font-family: proxima-nova, ''Proxima Nova'', HelveticaNeue, ''Helvetica Neue'', Helvetica, sans-serif; vertical-align: baseline; color: rgb(102, 102, 102); line-height: normal;">There are also great discounts available to UFCW members through the Union Plus program. From lowering your phone bill to saving on moving expenses, Union Plus offers some great ways for members to stretch their paychecks just a bit further.</p>\r\n\r\n<ul style="margin: 0px 0px 1.625em 2.5em; padding-right: 0px; padding-left: 0px; outline: none; border: 0px; font-family: proxima-nova, ''Proxima Nova'', HelveticaNeue, ''Helvetica Neue'', Helvetica, sans-serif; font-size: 16px; vertical-align: baseline; color: rgb(102, 102, 102); line-height: normal;">\r\n	<li style="margin: 0px; padding: 0px; outline: none; border: 0px; font-family: inherit; font-style: inherit; font-weight: inherit; vertical-align: baseline;"><a href="http://www.ufcw.org/about/opportunities/union-plus-discounts/" style="margin: 0px; padding: 0px; outline: none; border: 0px; font-family: inherit; font-style: inherit; font-weight: inherit; vertical-align: baseline; color: rgb(60, 90, 152); text-decoration: none;" title="Union Plus Discounts">Union Plus</a></li>\r\n</ul>\r\n</div>\r\n</div>\r\n', 'c20ad4d76fe97759aa27a0c99bff6710.png', '2015-03-24 15:05:25', '1.4', 1, '', '', '', '', '', 3, 1),
(158, 'Member Discounts', '<p>This section will highlight many of the union employers that offer discounted services for our members. From movie tickets to discounted mobile phone services, we plan on sharing with our members ways to take advantage of the many benefits available to local 5 members.</p>\r\n\r\n<p>If you are a union business and would like to share benefits and services from your business with local 5 members, please email us at ufcwsj@gmail.com for more information.</p>\r\n', '98f13708210194c475687be6106a3b84.png', '2015-03-16 16:48:31', '6', 1, '', '', '', '', '', 4, 1),
(270, 'Discount on Dental and Orthodontics', '<table border="0" cellpadding="3" style="color: rgb(0, 0, 0); font-family: Times; font-size: medium; font-style: normal; font-variant: normal; font-weight: normal; letter-spacing: normal; line-height: normal; orphans: auto; text-align: start; text-indent: 0px; text-transform: none; white-space: normal; widows: 1; word-spacing: 0px; -webkit-text-stroke-width: 0px; background-color: rgb(255, 255, 255);" width="100%">\r\n	<tbody>\r\n		<tr>\r\n			<td bgcolor="#2D2A6E" class="style14" style="color: rgb(255, 255, 255); font-weight: bold;" valign="top">DENTAL and ORTHODONTIC</td>\r\n		</tr>\r\n		<tr>\r\n			<td valign="top">\r\n			<p class="style2" style="color: rgb(0, 0, 0);">20% discount or no out of pocket expense (depending on your plan coverage, not exceeding the maximum plan benefit and provided you have coverage for the month of services.</p>\r\n\r\n			<p class="style2" style="color: rgb(0, 0, 0);">For Union members without coverage, a 20% discount will be given off of the total visit charge.</p>\r\n\r\n			<p class="style2" style="color: rgb(0, 0, 0);">For a list of providers who discount or waive &quot;out-of-pocket&quot; costs to Union members, contact the Union office.</p>\r\n			</td>\r\n		</tr>\r\n	</tbody>\r\n</table>\r\n', 'd1fe173d08e959397adf34b1d77e88d7.png', '2015-03-18 13:30:31', '6', 2, '', '', '', '', '', 1, 1),
(288, 'UFCW Bargaining Update Jan 9', 'Hi Local 5! Here are the negotiation updates for Safeway, Nob Hill and Rite Aid.  You can download the flyers by clicking on highlighted links.  If you have any questions, be sure to contact your representative.\r\n\r\n \r\n\r\nSafeway:  SFWY Nego Update 1\r\n\r\nNob Hill: NOHL Nego Update 1\r\n\r\nRite Aid: RiteAid Nego Update 1', '7647966b7343c29048673252e490f736.png', '2015-01-23 20:19:21', '8', 1, NULL, NULL, NULL, NULL, NULL, 5, 1),
(289, 'Negotiations Updates for Safeway and Lucky-SaveMart', 'UFCW Local 5 Safeway Negotiations Update\r\n\r\nLocal 5 and the company met last week to begin negotiations. The meeting was held primarily to discuss logistics for the coming talks, get an update on the Cerberus takeover and find out who will be representing Safeway at the bargaining table.\r\n\r\nLocal 5 will be bargaining individually in this set of talks and intends on negotiating an agreement that reflects to desire of the membership and is appropriate to the economic reality where Local 5 members live and work.\r\n\r\nSafeway has indicated they will be contacting Local 5 with future dates for bargaining, you will be advised when the dates are secured.\r\n\r\nPlease keep up to date with your rep, on the website & Facebook.\r\n\r\n \r\n\r\n \r\n\r\nUFCW Local 5 Lucky-Save Mart Negotiations Update\r\n\r\nAs everyone knows LSM implemented their so-called last best and final offer in November. Since then Local 5 has been pursuing unfair labor practice charges at the National Labor Relations Board (NLRB) to reverse this illegal action. A key component of the union’s argument is that Local 5 and the company were not at impasse when they put their offer into effect and therefore the implementation of an offer no one wanted was improper and needs to be reversed.\r\n\r\nLast week, as if to make the union’s case that the union and company were not at impasse, the company contacted Local 5 to bargain over a retirement incentive. A prerequisite for any discussions with the company is the reversal of the illegal implementation of the last, best & final. The union is pursuing charges against the company at the NLRB because we were not at impasse. The employer did not bargain in good faith. The union will not engage in negotiations with the company until the illegal implementation is reversed. We continue to seek redress through the NLRB.\r\n\r\nPlease keep up to date with your union rep, on the website & Facebook.\r\n\r\n ', 'a1d0c6e83f027327d8461063f4ac58a6.png', '2015-02-09 04:12:44', '8', 1, 'llknl', 'knlk', 'nlkn', '', '', 6, 1),
(290, 'Negotiations Updates for Safeway and Lucky-SaveMart', '<p>UFCW Local 5 Safeway Negotiations Update Local 5 and the company met last week to begin negotiations. The meeting was held primarily to discuss logistics for the coming talks, get an update on the Cerberus takeover and find out who will be representing Safeway at the bargaining table. Local 5 will be bargaining individually in this set of talks and intends on negotiating an agreement that reflects to desire of the membership and is appropriate to the economic reality where Local 5 members live and work. Safeway has indicated they will be contacting Local 5 with future dates for bargaining, you will be advised when the dates are secured. Please keep up to date with your rep, on the website &amp; Facebook. UFCW Local 5 Lucky-Save Mart Negotiations Update As everyone knows LSM implemented their so-called last best and final offer in November. Since then Local 5 has been pursuing unfair labor practice charges at the National Labor Relations Board (NLRB) to reverse this illegal action. A key component of the unions argument is that Local 5 and the company were not at impasse when they put their offer into effect and therefore the implementation of an offer no one wanted was improper and needs to be reversed. Last week, as if to make the unions case that the union and company were not at impasse, the company contacted Local 5 to bargain over a retirement incentive. A prerequisite for any discussions with the company is the reversal of the illegal implementation of the last, best &amp; final. The union is pursuing charges against the company at the NLRB because we were not at impasse. The employer did not bargain in good faith. The union will not engage in negotiations with the company until the illegal implementation is reversed. We continue to seek redress through the NLRB. Please keep up to date with your union rep, on the website &amp; Facebook.</p>\r\n', '02e74f10e0327ad868d138f2b4fdd6f0.png', '2015-03-22 21:06:34', '7', 1, '', '', '', '', 'on', 1, 1),
(291, 'UFCW Local 5 Health and Welfare', 'Benefits Department\r\nThis vital department keeps members informed about their medical and pension benefits. Any member who has any questions about benefits can have them answered here.\r\n\r\nPersonnel are available in all Local 5 offices to answer your questions.\r\n\r\nBenefits Director, Alyse Davidson\r\n\r\nadavidson@ufcw5.org\r\n\r\nFor information regarding your benefits visit the UFCW Trust Fund Online at ufcwtrust.com\r\n', '98dce83da57b0395e163467c9dae521b.png', '2015-02-12 08:10:29', '3', 1, '', '', '', '', 'on', 1, 1),
(292, 'UFCW Local 5 Scholarship Application', 'Local 5 Scholarship Winners Announced\r\n\r\nThe scholarship winners for the UFCW Local 5 and the Labor Foundation for Working Families have been announced.\r\n\r\nForty (40) members and/or dependents were awarded a scholarship of $1,000.00. With over 70 scholarship applications received, the selection process was highly competitive. We are proud so many members and their dependents are pursuing higher education. Congratulations to all the scholarship winners! UFCW 5 members and their dependents can apply for the scholarship again next year.\r\n\r\nSee a list of the 2014 winners at ufcw5.org/member-scholarship-application', '6ea9ab1baa0efb9e19094440c317e21b.png', '2015-02-12 08:10:45', '3', 1, '', '', '', '', 'on', 2, 1),
(293, 'UFCW Local 5 Membership Forms', 'Trust Fund Forms can be found on the Trust Fund website at https://www.ufcwtrust.com/forms.aspx', 'fc490ca45c00b1249bbe3554a4fdf6fb.png', '2015-02-12 08:10:57', '3', 1, '', '', '', '', 'on', 3, 1),
(294, 'Information for New Members ', 'INITIATION FEE CREDIT PROGRAM FOR NEW HIRES\r\nUFCW 5 has implemented a program that is designed to help new members reduce their initiation fee by one-third (1/3). A new member will be eligible for this reduction in their initiation fees by getting involved with our Union. In order to qualify, the new member must do the following:\r\n\r\n1. Attend the new member orientation meeting.\r\n\r\n2. Participate in three (3) additional Local 5 actions; such as membership meetings, attend an office hosted virtual town hall meeting, rallies and other Union sponsored event.\r\n\r\nIf a new member participates in the three (3) events over the course of an eighteen (18) month period following the new member orientation meeting, they will be given a credit of one-third (1/3) of the initiation fees.\r\n\r\nYou should always check our website for upcoming meetings and events. If you have any questions regarding this program, please contact your Union Representative.\r\n\r\nYou must RSVP for the meetings you would like to attend, by calling Cindy Mendoza at 408-625-5643 or by email at cmendoza@ufcw5.org.\r\n\r\nThank you,\r\n\r\nRon Lind, President\r\n\r\nHave questions about your contract? Want to find out when membership meetings are?  Contact your union rep by registering at ufcw5.org and logging into your personal membership page.\r\n\r\nGet Political\r\nWant to learn how you can support pro-worker politicians and policies, and fight back against corporate greed and big business in our political system? Want to help level the playing field for working families? Contact Tony Alexander, UFCW Local 5&#8242; political director and get involved in a movement to rebuild our middle class and restore the American Dream.\r\n\r\nGet Involved\r\nThe best thing about being a UFCW member is the power to stick together with your co-workers and make your voices heard. But there are all kinds of other opportunities available to you as a union member, too, that can help you advance your career, get better training, or save a little money.\r\n\r\nEducation and Scholarships- Once again the Foundation for Working Families and UFCW5 has finished the process of awarding scholarships for 2013.  Recipients have been notified and this years winners have been post on this website.\r\n\r\nDiscounts and Benefits – Save money on travel, car insurance, hotels, activities, mortgages, and other things with Union Plus for members and their families.\r\n\r\nJoin With Us\r\nWant to learn more about what a union is and why strength in numbers is always on plus on the job? Want to find out how you and your co-workers can become part of a movement to improve jobs for workers across the country? Contact our organizing department today.', 'b53b3a3d6ab90ce0268229151c9bde11.png', '2015-02-12 08:11:07', '3', 1, '', '', '', '', 'on', 4, 1),
(297, 'Safeway Update Jan 28', 'UFCW Local 5 Safeway Negotiations Update\r\n\r\nLocal 5 and the company met last week to begin negotiations. The meeting was held primarily to discuss logistics for the coming talks, get an update on the Cerberus takeover and find out who will be representing Safeway at the bargaining table.\r\n\r\nLocal 5 will be bargaining individually in this set of talks and intends on negotiating an agreement that reflects to desire of the membership and is appropriate to the economic reality where Local 5 members live and work.\r\n\r\nSafeway has indicated they will be contacting Local 5 with future dates for bargaining, you will be advised when the dates are secured.\r\n\r\nPlease keep up to date with your rep, on the website & Facebook.', 'a3f390d88e4c41f2747bfa2f1b5f87db.png', '2015-02-12 08:09:56', '7', 1, '', '', '', '', 'on', 2, 1),
(298, 'Lucky-Save Mart Negotiations Update Jan. 28', 'UFCW Local 5 Lucky-Save Mart Negotiations Update\r\n\r\nAs everyone knows LSM implemented their so-called last best and final offer in November. Since then Local 5 has been pursuing unfair labor practice charges at the National Labor Relations Board (NLRB) to reverse this illegal action. A key component of the unions argument is that Local 5 and the company were not at impasse when they put their offer into effect and therefore the implementation of an offer no one wanted was improper and needs to be reversed.\r\n\r\nLast week, as if to make the unions case that the union and company were not at impasse, the company contacted Local 5 to bargain over a retirement incentive. A prerequisite for any discussions with the company is the reversal of the illegal implementation of the last, best & final. The union is pursuing charges against the company at the NLRB because we were not at impasse. The employer did not bargain in good faith. The union will not engage in negotiations with the company until the illegal implementation is reversed. We continue to seek redress through the NLRB.\r\n\r\nPlease keep up to date with your union rep, on the website & Facebook.', '26657d5ff9020d2abefe558796b99584.png', '2015-02-12 08:10:06', '7', 1, '', '', '', '', 'on', 3, 1),
(402, 'Membership Meeting', 'Membership Meetings are held the 2nd Tuesday of each quarter.  The next upcoming meeting will be:\r\n\r\nTuesday, April 14, 2015 at 7pm.', '7cbbc409ec990f19c78c75bd1e06f215.png', '2015-02-12 08:11:21', '9', 1, '', '', '', '', 'on', 1, 1),
(420, 'About Us', 'The United Latinos of the United Food and Commercial Workers Union (UFCW) is an organization of men and women who have joined together to promote the issues and pursue interests important to Latino workers.<br />\r\n“Working Toward Latino Empowerment and Building Latino Pride!” We have a simple but powerful purpose of empowering Latino men and women within the UFCW and within our communities. We are also building Latino pride which will help others better understand our cultural differences. Our diversity will help make our organization and our society stronger. The United Latinos will help teach others that through UFCW membership, there is a better way of life that includes wages, health benefits, pensions, job security and dignity.\r\n ', 'f899139df5e1059396431415e770c6dd.png', '2015-02-09 22:06:33', '3', 2, '', '', '', '', 'on', 0, 1),
(421, 'Pride', 'There is significant value in our diversity when it is seen as an asset. We know that it is natural to fear the unknown so we propose to educate those around us about our various Latino cultures. We have much to offer and are proud to share what we are and what we know, especially when it helps reach and empower Latinos. The ultimate goal of United Latinos is to be an asset and a resource to the UFCW, its Locals and to the Labor Movement. By working together we will help make the UFCW the very best.', 'c51ce410c124a10e0db5e4b97fc2af39.png', '2015-02-09 22:07:32', '3', 2, '', '', '', '', 'on', 0, 1),
(422, 'Empowerment', 'Our goal is to empower Latino men, women and children through:\r\nPolitical Participation\r\nEducation\r\nCommunity Involvement\r\nSolidarity of Union Membership<br />\r\nThe Latino population is growing fast. It is predicted that in 50 years one in every four Americans will be Latino. More Latinos vote in elections today. The Latino vote is a powerful and exciting phenomenon in American politics. As Latinos are empowered we will have our place in main stream America and share in the American Dream. When we empower Latino workers we empower our great union and we empower our community. Through outreach programs, the United Latinos builds partnerships with community groups also working to improve the rights and lives of Latino men and women.\r\n', '6ea9ab1baa0efb9e19094440c317e21b.png', '2015-02-09 22:08:15', '3', 2, '', '', '', '', 'on', 0, 1),
(423, 'Join the United Latinos', 'To join The United Latinos of UFCW you can download and complete a membership application in English (click here) or in Spanish (click here). Return it with your annual dues payment to the address listed on the application. Local Unions,  providers and friends of the UFCW can also participate by becoming a Sponsor of United Latinos by making an annual contribution. These moneys enable us to work toward our goals of Latino Empowerment and Building Latino Pride.<br />\r\nWe look forward to your membership and support!\r\n', '70efdf2ec9b086079795c442636b55fb.png', '2015-02-09 22:09:23', '3', 2, '', '', '', '', 'on', 0, 1),
(464, 'City Council Votes Unanimously to Send Worker Ordinance Referral to Staff to Return for Vote', 'City Council Votes Unanimously to Send Worker Ordinance Referral to Staff to Return for Vote\r\n<br />\r\nUpdate:  On February 3rd, the Alameda City Council voted 5-0 to send Jim Oddiess Grocery Worker Retention Ordinance referral to staff to return for a vote. The ordinance will require employers purchasing stores to keep existing workers on staff for a minimum of 90 days. Great job so far by the council & staff.\r\nThe union will let everyone know when the next meeting will be.', 'ea5d2f1c4608232e07d3aa3d998e5135.png', '2015-02-10 23:32:18', '8', 1, '', '', '', '', 'on', 7, 1),
(465, 'UFCW Scholarship Programs 2015', '<p>A message from Labor Foundation for Working Families: Now is the time for members and their dependents to apply for the UFCW Local 5 and Labor Foundation for Working Families 2015 scholarship program. Scholarships are available for members or their dependents that are seeking higher education. In order to qualify for a scholarship applicants must submit a short essay (500 words or less) describing what impact the labor movement has had on their life and their most recent official transcript. Members applying for themselves or for family members must be in good standing with UFCW Local 5. Submissions must be received in the Hayward office no later than March 31, 2015. *Local 5 staff &amp; families are not eligible to participate in this program.&nbsp;</p>\r\n\r\n<p>Education is the most powerful weapon which you can use to change the world.&nbsp;The UFCW is about workers coming together to build better lives for themselves. It is about creating opportunity. That is why each year the UFCW awards several scholarships of up to $1,000 each to UFCW members or their unmarried dependents under the age of 20. Apply at <a href="http://www.ufcw.org/scholarship">www.ufcw.org/scholarship</a>. Applications must be received by March 15, 2015. To download application go to <a href="http://ufcw5.org/?page_id=2320">ufcw5.org</a> and <a href="http://ufcw.org">ufcw.org</a>.</p>\r\n', 'd9d4f495e875a2e075a1a4a6e1b9770f.png', '2015-03-23 08:26:27', '9', 1, '', '', '', '', '', 8, 1),
(466, 'UFCW Celebrates Black History Month', 'UFCW Celebrates Black History Month: Bayard Rustin An Overlooked Champion of Civil and Labor Rights\r\n\r\nBlack History Month is a time to remember and celebrate the rich history of African Americans and the achievements of the civil rights movement.\r\n\r\nBlack History Month dates back to 1926, when historian Carter G. Woodson and other prominent African Americans dedicated the second week in February as Negro History Week to coincide with the birthdays of Abraham Lincoln and Frederick Douglass.  In 1976, the celebration was officially recognized and expanded and every U.S. president since then has celebrated Black History Month during the month of February.\r\nOne of the greatest moments of the Civil Rights era was the March on Washington in 1963 one of the largest non violent protests to ever occur in America. The March on Washington brought thousands of people of all races together, in the name of equal rights for everyone whether they were black or white, rich or poor, Muslim or Christian. Dr. Marin Luther King, Jr. made one of his most inspiring and famous speeches at the march, which culminated on the National mall.\r\n\r\nBut history has often overlooked the man who was the driving force behind this monumental event a man namedBayard Rustin. Rustin was the one who organized the march, bringing methods used by Gandhi as well as the Quaker religion to Washington to ensure peace, but also impact. It was Rustin who helped shape Dr. King into the iconic symbol of peace he is remembered as.\r\n\r\nAs a young adult, Rustin worked with many kinds of people who influenced his activism, including ministers and labor organizers. During World War II, Rustin fought against racial discrimination in war-related hiring, and was later jailed for two years after refusing to enter the draft.\r\n\r\nContinue Reading at http://www.ufcw.org/2015/02/09/ufcw-celebrates-black-history-month-bayard-rustin-an-overlooked-champion-of-civil-and-labor-rights/', 'a1d0c6e83f027327d8461063f4ac58a6.png', '2015-02-10 23:36:37', '8', 1, '', '', '', '', 'on', 9, 1),
(526, '', '<p style="margin: 0px 0px 10px; padding: 0px; outline: none; border: 0px; font-family: proxima-nova, ''Proxima Nova'', HelveticaNeue, ''Helvetica Neue'', Helvetica, sans-serif; font-size: 16px; font-style: normal; font-weight: normal; vertical-align: baseline; color: rgb(102, 102, 102); font-variant: normal; letter-spacing: normal; line-height: normal; orphans: auto; text-align: start; text-indent: 0px; text-transform: none; white-space: normal; widows: 1; word-spacing: 0px; -webkit-text-stroke-width: 0px; background-color: rgb(255, 255, 255);"><img alt="" src="http://ufcw5.org/wp-content/uploads/2015/03/Screen-Shot-2015-03-16-at-2.23.16-PM.png" style="width: 280px; height: 146px;" /></p>\r\n\r\n<h2 style="margin: 20px 0px 10px; padding: 18px 0px 10px 20px; outline: none; border-width: 10px 0px 1px; border-top-style: solid; border-bottom-style: dotted; border-top-color: rgb(255, 196, 37); border-bottom-color: rgb(0, 73, 144); font-family: proxima-nova-condensed, proxima-nova, ''Proxima Nova'', HelveticaNeue, ''Helvetica Neue'', Helvetica, sans-serif; font-size: 1.875em; vertical-align: baseline; font-stretch: normal; line-height: 1em; color: rgb(0, 73, 144); min-height: 30px; background-image: url(http://www.ufcw.org/wp-content/themes/ufcw/images/bg_hdr.png); background-attachment: initial; background-size: initial; background-origin: initial; background-clip: initial; background-position: 0% 22px; background-repeat: no-repeat;">Good stewards are the backbone of an effective union.</h2>\r\n\r\n<p style="margin: 0px 0px 10px; padding: 0px; outline: none; border: 0px; font-family: proxima-nova, ''Proxima Nova'', HelveticaNeue, ''Helvetica Neue'', Helvetica, sans-serif; font-size: 16px; vertical-align: baseline; color: rgb(102, 102, 102); line-height: normal;">Good stewards are the backbone of an effective union. We reach out to new members and help educate them on their rights. We serve as a bridge between elected union leadership and workers on the job. We listen to our co-workers and provide a confidential way for members to bring forward their ideas and concerns.</p>\r\n\r\n<h4 style="margin: 0.75em 0px; padding: 0px; outline: none; border: 0px; font-family: proxima-nova-condensed, proxima-nova, ''Proxima Nova'', HelveticaNeue, ''Helvetica Neue'', Helvetica, sans-serif; font-size: 1.25em; vertical-align: baseline; font-stretch: normal; line-height: 1em; color: rgb(102, 102, 102);"><strong style="margin: 0px; padding: 0px; outline: none; border: 0px; font-family: inherit; font-size: 20px; font-style: inherit; vertical-align: baseline;">But most importantly, it is a steward&rsquo;s job to inspire, lead and build a sense of unity and solidarity among the wide range of workers in our union.</strong></h4>\r\n\r\n<p style="margin: 0px 0px 10px; padding: 0px; outline: none; border: 0px; font-family: proxima-nova, ''Proxima Nova'', HelveticaNeue, ''Helvetica Neue'', Helvetica, sans-serif; font-size: 16px; vertical-align: baseline; color: rgb(102, 102, 102); line-height: normal;">All union members have a right to have their steward present with them during meetings that they feel might be disciplinary. In 1975, in NLRB v. J. Weingarten, Inc, the U.S. Supreme Court upheld the rights of employees to have union representation during investigatory interviews. Since that case involved a clerk being investigated by the Weingarten Company, these rights have become known as&nbsp;<a href="http://www.ufcw.org/resources/stewards/weingarten-rights/" style="margin: 0px; padding: 0px; outline: none; border: 0px; font-family: inherit; font-style: inherit; font-weight: inherit; vertical-align: baseline; color: rgb(60, 90, 152); text-decoration: none;" title="Weingarten Rights">&ldquo;Weingarten rights.&rdquo;</a></p>\r\n\r\n<p style="margin: 0px 0px 10px; padding: 0px; outline: none; border: 0px; font-family: proxima-nova, ''Proxima Nova'', HelveticaNeue, ''Helvetica Neue'', Helvetica, sans-serif; font-size: 16px; vertical-align: baseline; color: rgb(102, 102, 102); line-height: normal;">If you are called into a closed meeting with your manager and you start to feel nervous that things may take a disciplinary turn, you have the right to stop the meeting and request the meeting be resumed when your union steward is present. If you&rsquo;ve got questions about your contract, your steward is the best person to ask.</p>\r\n\r\n<p style="margin: 0px 0px 10px; padding: 0px; outline: none; border: 0px; font-family: proxima-nova, ''Proxima Nova'', HelveticaNeue, ''Helvetica Neue'', Helvetica, sans-serif; font-size: 16px; vertical-align: baseline; color: rgb(102, 102, 102); line-height: normal;"><img alt="" class="aligncenter size-full wp-image-13945" height="318" src="http://www.ufcw.org/wp-content/uploads/2012/06/organize.jpg" style="margin: 0px auto 15px; padding: 0px; outline: none; max-width: 100%; height: auto; width: auto; display: block; float: none;" title="organize" width="620" /></p>\r\n', 'b53b3a3d6ab90ce0268229151c9bde11.png', '2015-03-24 15:07:14', '4.1', 1, '', '', '', '', '', 1, 1),
(527, '', '<p><a href="http://ufcwtrust.com"><img alt="" src="http://ufcw5.org/wp-content/uploads/2015/01/UFCW-Trust.png" style="width: 300px; height: 87px;" /></a></p>\r\n\r\n<div id="hdr" style="font-family: inherit; font-style: inherit; font-weight: inherit; line-height: 20.7999992370605px; margin: 0px 0px 10px; padding: 10px; outline: none; border-width: 10px 0px 0px; border-top-style: solid; border-top-color: rgb(0, 37, 87); font-size: 16px; vertical-align: baseline; overflow: hidden; background: rgb(0, 73, 144);">\r\n<header class="wrapper" id="hdr-content" style="margin: 0px auto; padding: 0px; outline: none; max-width: 980px;">\r\n<h1 class="pagetitle" style="line-height: 1em; margin: 0px 12px 0px 0px; padding: 0px; outline: none; border: 0px; font-family: proxima-nova-condensed, proxima-nova, ''Proxima Nova'', HelveticaNeue, ''Helvetica Neue'', Helvetica, sans-serif; font-size: 1.875em; vertical-align: baseline; font-stretch: normal; color: rgb(255, 255, 255); float: left;">Health and Welfare</h1>\r\n</header>\r\n</div>\r\n\r\n<p>There are different eligibility requirements depending on which benefit program you fall under. Your eligible dependents may also be covered as they meet the Fund requirements for eligibility. The Trust Funds provides Health &amp; Welfare benefits including medical, prescription drug, dental, vision, chiropractic, mental health, pension, death benefits &amp; cobra continuation of benefits.</p>\r\n\r\n<p><br />\r\nHealth Benefits or Pension information are only available in person or by telephone. For more information, please visit ANY Local 5 office, contact your union by phone at <a href="tel:(408) 998.0428">(408) 998.0428</a> or visit <a href="http://ufcwtrust.com">ufcwtrust.com </a></p>\r\n', '6f4922f45568161a8cdf4ad2299f6d23.png', '2015-03-24 15:06:56', '3.1', 1, '', '', '', '', '', 1, 1),
(528, '', '<div id="hdr" style="margin: 0px 0px 10px; padding: 10px; outline: none; border-width: 10px 0px 0px; border-top-style: solid; border-top-color: rgb(0, 37, 87); font-family: proxima-nova, ''Proxima Nova'', HelveticaNeue, ''Helvetica Neue'', Helvetica, sans-serif; font-size: 16px; vertical-align: baseline; overflow: hidden; color: rgb(102, 102, 102); line-height: normal; background: rgb(0, 73, 144);">\r\n<header class="wrapper" id="hdr-content" style="margin: 0px auto; padding: 0px; outline: none; max-width: 980px;">\r\n<h1 class="pagetitle" style="margin: 0px 12px 0px 0px; padding: 0px; outline: none; border: 0px; font-family: proxima-nova-condensed, proxima-nova, ''Proxima Nova'', HelveticaNeue, ''Helvetica Neue'', Helvetica, sans-serif; font-size: 1.875em; vertical-align: baseline; font-stretch: normal; line-height: 1em; color: rgb(255, 255, 255); float: left;">2015 UFCW Local 5 Scholarship</h1>\r\n</header>\r\n</div>\r\n\r\n<div class="post" style="margin: 0px; padding: 0px; outline: none; border: 0px; font-family: proxima-nova, ''Proxima Nova'', HelveticaNeue, ''Helvetica Neue'', Helvetica, sans-serif; font-size: 16px; vertical-align: baseline; color: rgb(102, 102, 102); line-height: normal;">\r\n<div class="entry" style="margin: 0px 0px 1.5em; padding: 0px 0px 1.5em; outline: none; border: 0px; font-family: inherit; font-style: inherit; vertical-align: baseline;">\r\n<h3 style="margin: 15px 0px 10px; padding: 0px; outline: none; border: 0px; font-family: inherit; font-size: 1.125em; font-style: inherit; font-weight: 600; vertical-align: baseline; line-height: 1em; text-align: center;">2015 UFCW Scholarship Program Procedures</h3>\r\n\r\n<h1 style="margin: 20px 0px 10px; padding: 18px 0px 10px 20px; outline: none; border-width: 10px 0px 1px; border-top-style: solid; border-bottom-style: dotted; border-top-color: rgb(255, 196, 37); border-bottom-color: rgb(0, 73, 144); font-family: proxima-nova-condensed, proxima-nova, ''Proxima Nova'', HelveticaNeue, ''Helvetica Neue'', Helvetica, sans-serif; font-size: 1.875em; vertical-align: baseline; font-stretch: normal; line-height: 1em; color: rgb(0, 73, 144); min-height: 30px; text-align: center; background: url(http://www.ufcw.org/wp-content/themes/ufcw/images/bg_hdr.png) 0% 22px no-repeat;">&ldquo;Education is the most powerful weapon which you can use to change the world.&rdquo;</h1>\r\n\r\n<p style="margin: 0px 0px 10px; padding: 0px; outline: none; border: 0px; font-family: inherit; font-style: inherit; vertical-align: baseline;">The UFCW is about workers coming together to build better lives for themselves.&nbsp; It is about creating opportunity.&nbsp; That is why each year the UFCW awards several scholarships of up to $1,000 each to UFCW members or their unmarried dependents under the age of 20.</p>\r\n\r\n<h3 style="margin: 15px 0px 10px; padding: 0px; outline: none; border: 0px; font-family: inherit; font-size: 1.125em; font-style: inherit; font-weight: 600; vertical-align: baseline; line-height: 1em; text-align: center;"><a href="http://ufcw5.org/?page_id=2320" style="margin: 0px; padding: 0px; outline: none; border: 0px; font-family: inherit; font-style: inherit; font-weight: inherit; vertical-align: baseline; color: rgb(60, 90, 152); text-decoration: none;" target="_blank">Click here to learn how you can apply online.</a></h3>\r\n</div>\r\n</div>\r\n', '43ec517d68b6edd3015b3edc9a11367b.png', '2015-03-24 15:07:05', '3.2', 1, '', '', '', '', '', 1, 1);
INSERT INTO `news` (`news_id`, `title`, `description`, `file`, `time_cone`, `category`, `app_id`, `facebook`, `twitter`, `google`, `pinterest`, `social`, `order`, `published`) VALUES
(529, '', '<div class="content-view-embed">\r\n<div class="class-image">\r\n<div class="attribute-image">\r\n<p><img alt="" src="http://ufcw5.org/wp-content/uploads/2015/01/2.jpg" style="width: 280px; height: 150px;" /></p>\r\n\r\n<div id="hdr" style="margin: 0px 0px 10px; padding: 10px; outline: none; border-width: 10px 0px 0px; border-top-style: solid; border-top-color: rgb(0, 37, 87); font-family: proxima-nova, ''Proxima Nova'', HelveticaNeue, ''Helvetica Neue'', Helvetica, sans-serif; font-size: 16px; vertical-align: baseline; overflow: hidden; color: rgb(102, 102, 102); line-height: normal; background: rgb(0, 73, 144);">\r\n<header class="wrapper" id="hdr-content" style="margin: 0px auto; padding: 0px; outline: none; max-width: 980px;">\r\n<h1 class="pagetitle" style="margin: 0px 12px 0px 0px; padding: 0px; outline: none; border: 0px; font-family: proxima-nova-condensed, proxima-nova, ''Proxima Nova'', HelveticaNeue, ''Helvetica Neue'', Helvetica, sans-serif; font-size: 1.875em; vertical-align: baseline; font-stretch: normal; line-height: 1em; color: rgb(255, 255, 255); float: left;">Collective Bargaining</h1>\r\n</header>\r\n</div>\r\n\r\n<div class="post" style="margin: 0px; padding: 0px; outline: none; border: 0px; font-family: proxima-nova, ''Proxima Nova'', HelveticaNeue, ''Helvetica Neue'', Helvetica, sans-serif; font-size: 16px; vertical-align: baseline; color: rgb(102, 102, 102); line-height: normal;">\r\n<div class="entry" style="margin: 0px 0px 1.5em; padding: 0px 0px 1.5em; outline: none; border: 0px; font-family: inherit; font-style: inherit; vertical-align: baseline;"><span style="color: rgb(51, 51, 51); font-family: sans-serif, Arial, Verdana, ''Trebuchet MS''; font-size: 13px; line-height: 1.6em;">Collective bargaining is the process in which working people, through their unions, negotiate contracts with their employers to determine their terms of employment, including pay, benefits, hours, leave, job health and safety policies, ways to balance work and family and more. Collective bargaining is a way to solve workplace problems.</span></div>\r\n\r\n<div class="entry" style="margin: 0px 0px 1.5em; padding: 0px 0px 1.5em; outline: none; border: 0px; font-family: inherit; font-style: inherit; vertical-align: baseline;"><span style="color: rgb(51, 51, 51); font-family: sans-serif, Arial, Verdana, ''Trebuchet MS''; font-size: 13px; line-height: 1.6em;">After the rights of public employees to collectively bargain for a middle-class life came under attack in 2010, working people in all kinds of jobs as well as students, community supporters, faith leaders and others united to defend this basic right.</span></div>\r\n</div>\r\n\r\n<p>The United States has long lagged behind other industrialized nations in collective bargaining coverage for public and private sector workers. Yet the right to collectively bargain is essential so that working men and women have the strength to improve their living standards, provide for their families and build a strong middle class.</p>\r\n\r\n<p><img alt="" src="http://www.aflcio.org/var/ezflow_site/storage/images/media/aflcio/images/collective-bargaining-coverage-graph/6392-1-eng-US/Collective-Bargaining-Coverage-graph_mainstory1.jpg" style="width: 280px; height: 219px;" /></p>\r\n\r\n<div class="content-view-embed">\r\n<div class="class-image">\r\n<div class="attribute-image">&nbsp;</div>\r\n</div>\r\n</div>\r\n</div>\r\n</div>\r\n</div>\r\n\r\n<div class="sidebarTwo">\r\n<div class="attribute-more_info" id="moreInfo">\r\n<div class="attribute-more_info">\r\n<div class="clear">&nbsp;</div>\r\n</div>\r\n</div>\r\n</div>\r\n', '68d30a9594728bc39aa24be94b319d21.png', '2015-03-24 15:05:36', '2.1', 1, '', '', '', '', '', 1, 1),
(530, '', '<div id="hdr" style="margin: 0px 0px 10px; padding: 10px; outline: none; border-width: 10px 0px 0px; border-top-style: solid; border-top-color: rgb(0, 37, 87); font-family: proxima-nova, ''Proxima Nova'', HelveticaNeue, ''Helvetica Neue'', Helvetica, sans-serif; font-size: 16px; vertical-align: baseline; overflow: hidden; color: rgb(102, 102, 102); line-height: normal; background: rgb(0, 73, 144);">\r\n<header class="wrapper" id="hdr-content" style="margin: 0px auto; padding: 0px; outline: none; max-width: 980px;">\r\n<h1 class="pagetitle" style="margin: 0px 12px 0px 0px; padding: 0px; outline: none; border: 0px; font-family: proxima-nova-condensed, proxima-nova, ''Proxima Nova'', HelveticaNeue, ''Helvetica Neue'', Helvetica, sans-serif; font-size: 1.875em; vertical-align: baseline; font-stretch: normal; line-height: 1em; color: rgb(255, 255, 255); float: left;">New Members</h1>\r\n</header>\r\n</div>\r\n\r\n<p><img alt="" src="http://www.ufcw.org/wp-content/uploads/2012/05/voteufcw.jpg" style="width: 280px; height: 116px;" /></p>\r\n\r\n<p>As a new employee in the bargaining unit, you are represented by United Food and Commercial Workers Union Local 5. If you are like many employees, this is the first time you have been represented by a Union and you should have questions as to what this means to you.<br />\r\nUnion representation means that UFCW Union Local 5, with your active participation, negotiates and administers a legally binding contract on your behalf.<br />\r\n<br />\r\nThis contract is also known as a Collective Bargaining Agreement. It sets forth your wages, benefits, hours, and nearly all of your working conditions. Because all employees negotiate together through the Union, Union members receive higher wages and better benefits than non-Union workers in similar jobs. Strength in numbers makes this possible.<br />\r\n<br />\r\nLocal 5 is part of the United Food and Commercial Workers International Union. There are more than 900 affiliated UFCW Locals representing 1.4 million workers in both similar and varied vocations across America and Canada.<br />\r\n<br />\r\nA Union Representative, assigned by the president, administers your contract. Representatives visit locations on a regular basis and have designated days in the office.<br />\r\n<br />\r\nMany of you also have a Union &#39;&#39;steward&#39;&#39; at your place of work. A steward, selected by your Union Representative, is a fellow employee who is both an activist of the Union and a conduit of general information between members and the Union.<br />\r\n<br />\r\nLocal 5 conducts general membership meetings on a quarterly basis. These meetings are important and, as a member, you are encouraged to attend and participate in the events of your Union.<br />\r\n<br />\r\nWithout a legally binding contract the law allows employers greater latitude with regard to determining and applying job standards. These conditions all too often leave the individual with little to no recourse when faced with problems. Your Union contract provides a legally binding agreement that is enforceable.</p>\r\n', '68d30a9594728bc39aa24be94b319d21.png', '2015-03-24 15:05:45', '2.2', 1, '', '', '', '', '', 1, 1),
(531, '', '<p><img alt="" src="http://ufcw5.org/wp-content/uploads/2014/11/Newsletter3-13-027.jpg" style="width: 280px;" /></p>\r\n\r\n<div id="hdr" style="font-family: inherit; font-style: inherit; font-weight: inherit; line-height: 20.7999992370605px; margin: 0px 0px 10px; padding: 10px; outline: none; border-width: 10px 0px 0px; border-top-style: solid; border-top-color: rgb(0, 37, 87); font-size: 16px; vertical-align: baseline; overflow: hidden; background: rgb(0, 73, 144);">\r\n<header class="wrapper" id="hdr-content" style="margin: 0px auto; padding: 0px; outline: none; max-width: 980px;">\r\n<h1 class="pagetitle" style="line-height: 1em; margin: 0px 12px 0px 0px; padding: 0px; outline: none; border: 0px; font-family: proxima-nova-condensed, proxima-nova, ''Proxima Nova'', HelveticaNeue, ''Helvetica Neue'', Helvetica, sans-serif; font-size: 1.875em; vertical-align: baseline; font-stretch: normal; color: rgb(255, 255, 255); float: left;">Organizing</h1>\r\n</header>\r\n</div>\r\n\r\n<div class="post" style="font-family: inherit; font-style: inherit; font-weight: inherit; line-height: 20.7999992370605px; margin: 0px; padding: 0px; outline: none; border: 0px; font-size: 16px; vertical-align: baseline;">\r\n<div class="entry" style="margin: 0px 0px 1.5em; padding: 0px 0px 1.5em; outline: none; border: 0px; font-family: inherit; font-style: inherit; vertical-align: baseline;">\r\n<h2 style="line-height: 1em; margin: 20px 0px 10px; padding: 18px 0px 10px 20px; outline: none; border-width: 10px 0px 1px; border-top-style: solid; border-bottom-style: dotted; border-top-color: rgb(255, 196, 37); border-bottom-color: rgb(0, 73, 144); font-family: proxima-nova-condensed, proxima-nova, ''Proxima Nova'', HelveticaNeue, ''Helvetica Neue'', Helvetica, sans-serif; font-size: 1.875em; vertical-align: baseline; font-stretch: normal; color: rgb(0, 73, 144); min-height: 30px; background-image: url(http://www.ufcw.org/wp-content/themes/ufcw/images/bg_hdr.png); background-attachment: initial; background-size: initial; background-origin: initial; background-clip: initial; background-position: 0% 22px; background-repeat: no-repeat;">Internal and External with Local 5</h2>\r\n\r\n<p>In the Labor Movement, we have two kinds of organizing:<strong><em> internal and external</em></strong>. &nbsp;Both are critically important.</p>\r\n\r\n<p><br />\r\nInternal organizing is about cultivating&nbsp;Solidarity&nbsp;among the current membership.This is crucial to negotiating strong contracts with the employers.&nbsp;It involves encouraging our members to stand strong together and participate as active volunteers.&nbsp;It starts with simple steps like showing our support for UFCW 8 at work and sharing our enthusiasm with our co-workers and management.&nbsp;In this way, the company will appreciate how its work force will refuse to be intimidated by unreasonable demands when bargaining time comes around.</p>\r\n\r\n<p>External organizing involves helping non-Union workers understand how joining a Union will improve their lives through better wages, benefits and working conditions.</p>\r\n\r\n<p>When more workers <span style="font-size: 16px; line-height: 20.7999992370605px;">join together to achieve better wages, better benefits, respect on the job, and a stronger voice in workplace decisions can be accomplished. With the help of a union, workers negotiate a contract with their employer to ensure these things.</span></p>\r\n</div>\r\n</div>\r\n', 'b53b3a3d6ab90ce0268229151c9bde11.png', '2015-03-24 15:05:54', '2.3', 1, '', '', '', '', '', 1, 1),
(532, '', '<h3><img alt="" src="http://ufcw5.org/wp-content/uploads/2015/03/vote.jpg" style="width: 280px; height: 117px;" /></h3>\r\n\r\n<h2 style="margin: 20px 0px 10px; padding: 18px 0px 10px 20px; outline: none; border-width: 10px 0px 1px; border-top-style: solid; border-bottom-style: dotted; border-top-color: rgb(255, 196, 37); border-bottom-color: rgb(0, 73, 144); font-family: proxima-nova-condensed, proxima-nova, ''Proxima Nova'', HelveticaNeue, ''Helvetica Neue'', Helvetica, sans-serif; font-size: 1.875em; vertical-align: baseline; font-stretch: normal; line-height: 1em; color: rgb(0, 73, 144); min-height: 30px; background-image: url(http://www.ufcwaction.org/wp-content/themes/ufcw/images/bg_hdr.png); background-attachment: initial; background-size: initial; background-origin: initial; background-clip: initial; background-position: 0% 22px; background-repeat: no-repeat;">Protect Your Right to Vote. Be Heard. It&rsquo;s Your Right.</h2>\r\n\r\n<p style="margin: 0px 0px 10px; padding: 0px; outline: none; border: 0px; font-family: proxima-nova, ''Proxima Nova'', HelveticaNeue, ''Helvetica Neue'', Helvetica, sans-serif; font-size: 16px; vertical-align: baseline; color: rgb(102, 102, 102); line-height: normal;">Are You Ready to Vote?</p>\r\n\r\n<p style="margin: 0px 0px 10px; padding: 0px; outline: none; border: 0px; font-family: proxima-nova, ''Proxima Nova'', HelveticaNeue, ''Helvetica Neue'', Helvetica, sans-serif; font-size: 16px; vertical-align: baseline; color: rgb(102, 102, 102); line-height: normal;">&ndash;Check Your Voter Registration Status</p>\r\n\r\n<p style="margin: 0px 0px 10px; padding: 0px; outline: none; border: 0px; font-family: proxima-nova, ''Proxima Nova'', HelveticaNeue, ''Helvetica Neue'', Helvetica, sans-serif; font-size: 16px; vertical-align: baseline; color: rgb(102, 102, 102); line-height: normal;">&ndash;Locate Your Polling Place</p>\r\n\r\n<p style="margin: 0px 0px 10px; padding: 0px; outline: none; border: 0px; font-family: proxima-nova, ''Proxima Nova'', HelveticaNeue, ''Helvetica Neue'', Helvetica, sans-serif; font-size: 16px; vertical-align: baseline; color: rgb(102, 102, 102); line-height: normal;">&ndash;Check to See if You Need ID to Vote</p>\r\n\r\n<p style="margin: 0px 0px 10px; padding: 0px; outline: none; border: 0px; font-family: proxima-nova, ''Proxima Nova'', HelveticaNeue, ''Helvetica Neue'', Helvetica, sans-serif; font-size: 16px; vertical-align: baseline; color: rgb(102, 102, 102); line-height: normal;">&ndash;Considering Voting Early or Absentee?</p>\r\n\r\n<p style="margin: 0px 0px 10px; padding: 0px; outline: none; border: 0px; font-family: proxima-nova, ''Proxima Nova'', HelveticaNeue, ''Helvetica Neue'', Helvetica, sans-serif; font-size: 16px; vertical-align: baseline; color: rgb(102, 102, 102); line-height: normal;"><a href="http://www.canivote.org/" style="margin: 0px; padding: 0px; outline: none; border: 0px; font-family: inherit; font-style: inherit; font-weight: inherit; vertical-align: baseline; color: rgb(60, 90, 152); text-decoration: none;" target="_blank">www.canivote.org</a><strong style="margin: 0px; padding: 0px; outline: none; border: 0px; font-family: inherit; font-style: inherit; vertical-align: baseline;">&nbsp;or call 866-OUR-VOTE (866-687-8683)</strong></p>\r\n\r\n<p>&nbsp;</p>\r\n', '66f041e16a60928b05a7e228a89c3799.png', '2015-03-24 15:06:03', '2.4', 1, '', '', '', '', '', 1, 1),
(533, '', '<h2><em>Shop Union and Patronize Union Workplaces.&nbsp;</em></h2>\r\n\r\n<p><img alt="" src="http://ufcw648.org/wp-content/uploads/2014/03/Screen-Shot-2014-03-20-at-5.47.08-PM.png" style="width: 280px; height: 100px;" /></p>\r\n\r\n<div id="hdr" style="font-family: inherit; font-style: inherit; font-weight: inherit; line-height: 20.7999992370605px; margin: 0px 0px 10px; padding: 10px; outline: none; border-width: 10px 0px 0px; border-top-style: solid; border-top-color: rgb(0, 37, 87); font-size: 16px; vertical-align: baseline; overflow: hidden; background: rgb(0, 73, 144);">\r\n<header class="wrapper" id="hdr-content" style="margin: 0px auto; padding: 0px; outline: none; max-width: 980px;">\r\n<h1 class="pagetitle" style="line-height: 1em; margin: 0px 12px 0px 0px; padding: 0px; outline: none; border: 0px; font-family: proxima-nova-condensed, proxima-nova, ''Proxima Nova'', HelveticaNeue, ''Helvetica Neue'', Helvetica, sans-serif; font-size: 1.875em; vertical-align: baseline; font-stretch: normal; color: rgb(255, 255, 255); float: left;">Shop Union</h1>\r\n</header>\r\n</div>\r\n\r\n<div class="post" style="font-family: inherit; font-style: inherit; font-weight: inherit; line-height: 20.7999992370605px; margin: 0px; padding: 0px; outline: none; border: 0px; font-size: 16px; vertical-align: baseline;">\r\n<div class="entry" style="margin: 0px 0px 1.5em; padding: 0px 0px 1.5em; outline: none; border: 0px; font-family: inherit; font-style: inherit; vertical-align: baseline;">\r\n<h2 style="line-height: 1em; margin: 20px 0px 10px; padding: 18px 0px 10px 20px; outline: none; border-width: 10px 0px 1px; border-top-style: solid; border-bottom-style: dotted; border-top-color: rgb(255, 196, 37); border-bottom-color: rgb(0, 73, 144); font-family: proxima-nova-condensed, proxima-nova, ''Proxima Nova'', HelveticaNeue, ''Helvetica Neue'', Helvetica, sans-serif; font-size: 1.875em; vertical-align: baseline; font-stretch: normal; color: rgb(0, 73, 144); min-height: 30px; background-image: url(http://www.ufcw.org/wp-content/themes/ufcw/images/bg_hdr.png); background-attachment: initial; background-size: initial; background-origin: initial; background-clip: initial; background-position: 0% 22px; background-repeat: no-repeat;">Work Union. Shop Union. Stronger Communities</h2>\r\n</div>\r\n</div>\r\n\r\n<p>When you choose to patronize a union workplace, you are making a choice to support your community and a better quality of life for the people who live there. By having a voice in the workplace, union members can improve working conditions for ourselves and the people we serve every day. Grocery and Meat Retail Health Care Printing Other Industries Why Patronizing Union Matters Union members, on average get paid more in wages, get better health benefits, vacation, sick leave and retirement plan than non-union members. And union members have a contract with their employer that helps protects them from favoritism and unjust treatment on the job.</p>\r\n\r\n<p>As a customer or patient, where you choose to spend your money and get your health care sends a message. Thank you for choosing a union workplace when shopping. It makes a difference. Promote your union workplace or business Do you want to promote your union shop in the San Francisco area? Please contact Local 5 by email at <a href="mailto:ufcwsj@gmail.com">ufcwsj@gmail.com</a>. We are happy to list all union businesses on our website for free. For paid listings or advertising promotions, email for details. Work Union, Shop Union, Live Union!</p>\r\n', '', '2015-03-24 15:06:13', '2.5', 1, '', '', '', '', '', 0, 1),
(534, 'What is SCBTC ?', 'For decades in Santa Clara and San Benito County, the Building & Construction Trades Council has been the driving force for excellence in the construction industry in the bay area.\r\n\r\nThe twenty-three craft unions affiliated with the council represent over 30,000 highly trained, skilled construction industry workers employed in Silicon Valley.\r\n\r\nThrough the efforts of the Building Trades Council, Silicon Valley has enjoyed the highest level of professionalism and training in step with the increasingly demanding requirements of the region''s high technology companies and developers. \r\n\r\nUnion crafts people are twenty-nine percent more productive than or non-union counterparts.\r\nFor a job done on time, at budget and the best quality, build it union.', '', '2015-02-17 08:13:45', '10.1', 3, NULL, NULL, NULL, NULL, NULL, NULL, 1),
(535, 'Affiliates', '<ol>\r\n	<li>\r\n	<h2 style="font-style:italic;"><strong>Affiliated Local Unions Asbestos Workers 16</strong></h2>\r\n	</li>\r\n	<li><samp><strong>Boilermakers </strong>549 Bricklayers &amp; Allied Craftworkers 3</samp></li>\r\n	<li><cite>Northern California Carpenters Regional Council Carpenters 405</cite></li>\r\n	<li><cite>Carpet &amp; Linoleum 12</cite></li>\r\n	<li>Cement Masons 400</li>\r\n	<li>District Council 16</li>\r\n	<li>Drywall / Lathers 9144</li>\r\n	<li>Electricians 332</li>\r\n	<li>Elevator Constructors&nbsp;8</li>\r\n	<li>Glaziers 1621 Iron Workers 377</li>\r\n	<li>Laborers 270 Operator Engineers</li>\r\n	<li>3 Painters 507 Plasterers 300 Plumbers &amp; Steam Fitters 393</li>\r\n	<li>Roofers &amp; Waterproofers 95 Millmen 262 Millwrights</li>\r\n	<li>102 Sheet Metal Workers 104 Sign, Display</li>\r\n	<li>510 Sprinkler Fitters</li>\r\n	<li><strong>483 Teamsters 287</strong></li>\r\n</ol>\r\n', '', '2015-03-13 09:58:19', '10.2', 3, '', '', '', '', '', 0, 1),
(536, 'Endorsements', '<b>a.	By National, State and Local Counties</b>\r\n<br><ul><li>National\r\n</li><li>State&nbsp;	</li><li>Counties&nbsp;	</li></ul><ol><li>Alameda\r\n</li><li>Contra Costa\r\n</li><li>Marin\r\n</li><li>Napa\r\n</li><li>San Francisco\r\n</li><li>San Mateo\r\n</li><li>Santa Clara\r\n</li><li>Solano\r\n</li><li>Sonoma</li></ol>', '', '2015-03-12 06:01:14', '11.1', 3, '', '', '', '', '', 0, 1),
(537, 'Volunteer', '<h3><b>Get Involved</b></h3><ol><li> Upcoming Events</li><li>&nbsp;Building Trade Meetings</li></ol><br>', '', '2015-03-12 06:04:28', '11.2', 3, '', '', '', '', '', 0, 1),
(538, 'Upcoming Events', 'This is the article for Upcoming Events.', '', NULL, '12.1', 3, NULL, NULL, NULL, NULL, NULL, NULL, 1),
(539, 'Building Trade Meetings', 'This is the article for Building Trade Meetings.', '', NULL, '12.2', 3, NULL, NULL, NULL, NULL, NULL, NULL, 1),
(540, 'lmlkm', 'mlkmklmlkklmk', '', '2015-03-04 05:58:57', 'news', 1, '', '', '', '', '', NULL, 1),
(541, 'a', 'a', '', '2015-03-05 21:41:03', '', 1, '', '', '', '', '', NULL, 1),
(542, 'a', 'a', '', '2015-03-05 21:41:27', '', 1, '', '', '', '', '', NULL, 1),
(543, '', 'This is my first <u>news </u><b>article.</b><br>&nbsp;Hello World<br><br>', '', '2015-03-06 02:13:22', '', 1, '', '', '', '', '', NULL, 1),
(544, 'News Titleee Testing.', 'This is my first <u>news </u><b>article.</b><br><blockquote></blockquote><ul><li>&nbsp;Hello World</li><li>&nbsp;Lorem Ipsum</li></ul><img alt="" src="http://"><img alt="" src="http://2.bp.blogspot.com/-ZVxEkrY04Fs/U15D5uCL-xI/AAAAAAAAOdQ/pJ-Wc99LmPY/s1600/logo_col_874x288.png"><br>', '', '2015-03-06 02:14:36', '', 1, '', '', '', '', '', NULL, 1),
(545, '', '', '', '2015-03-06 02:16:39', '', 1, '', '', '', '', '', NULL, 1),
(546, 'Shop Union Article', 'Article goes here.', '', '2015-03-05 16:17:50', '', 1, '', '', '', '', '', NULL, 0),
(547, 'Shop Union Article', 'Article goes here.', '', '2015-03-05 16:18:02', '', 1, '', '', '', '', '', NULL, 0),
(548, 'Shop Union Article', 'Article goes here', '', '2015-03-05 16:21:36', '', 1, '', '', '', '', '', NULL, 0),
(549, 'Shop Union', '<p style="color: rgb(0, 0, 0); font-family: Arial, Helvetica, sans-serif; font-size: 12.8000001907349px; font-style: normal; font-variant: normal; font-weight: normal; letter-spacing: normal; line-height: 19.2000007629395px; orphans: auto; text-align: start; text-indent: 0px; text-transform: none; white-space: normal; widows: 1; word-spacing: 0px; -webkit-text-stroke-width: 0px; background-color: rgb(255, 255, 255);"><img alt="" src="http://ufcw648.org/wp-content/uploads/2014/03/9774249_1.jpg" style="width: 300px; height: 252px; float: left;" />Without doubt one great advantage of being a union member is better than average wages and benefits. And without doubt, when workers earn good wages the entire community benefits. Good income means there is more money to spend throughout the community and workers with good incomes are not dependent on government subsidies or public health services.<br />\r\n<br />\r\nBecause union workers on average earn anywhere from 20% to 40% more in hourly wages than non-union, and have superior health and welfare benefits, their spending power is stronger. And in a community a where residents have good incomes better businesses and services are attracted to the community. Therefore, shopping at union stores not only benefits the employee but the local community as a whole.</p>\r\n\r\n<p>In addition, union workers at these markets have excellent pensions, and when they retire and remain in community they are able to continue their life styles. Union workers generally enjoy respect and dignity on the job, job security and safer work environments. A portion of consumer dollars go back into the community rather than solely into the pockets of corporate executives.</p>\r\n\r\n<p style="color: rgb(0, 0, 0); font-family: Arial, Helvetica, sans-serif; font-size: 12.8000001907349px; font-style: normal; font-variant: normal; font-weight: normal; letter-spacing: normal; line-height: 19.2000007629395px; orphans: auto; text-align: start; text-indent: 0px; text-transform: none; white-space: normal; widows: 1; word-spacing: 0px; -webkit-text-stroke-width: 0px; background-color: rgb(255, 255, 255);">Keep your community strong by shopping at these and other union shops.</p>\r\n\r\n<p style="color: rgb(0, 0, 0); font-family: Arial, Helvetica, sans-serif; font-size: 12.8000001907349px; font-style: normal; font-variant: normal; font-weight: normal; letter-spacing: normal; line-height: 19.2000007629395px; orphans: auto; text-align: start; text-indent: 0px; text-transform: none; white-space: normal; widows: 1; word-spacing: 0px; -webkit-text-stroke-width: 0px; background-color: rgb(255, 255, 255);"><img alt="" src="http://ufcw648.org/wp-content/uploads/2014/03/Screen-Shot-2014-03-20-at-5.47.08-PM.png" style="float: left; width: 375px; height: 120px;" /></p>\r\n\r\n<table style="border-collapse: collapse; width: 689px; color: rgb(0, 0, 0); font-family: Arial, Helvetica, sans-serif; font-size: 12.8000001907349px; font-style: normal; font-variant: normal; font-weight: normal; letter-spacing: normal; line-height: 19.2000007629395px; orphans: auto; text-align: start; text-indent: 0px; text-transform: none; white-space: normal; widows: 1; word-spacing: 0px; -webkit-text-stroke-width: 0px; background-color: rgb(255, 255, 255);">\r\n	<tbody style="border-top-width: 1px; border-top-style: solid; border-top-color: rgb(204, 204, 204);">\r\n		<tr>\r\n			<td style="border: 1px solid rgb(187, 187, 187); padding: 0px 6px;">\r\n			<p><strong>Stay out of non-union stores!</strong></p>\r\n			</td>\r\n		</tr>\r\n	</tbody>\r\n</table>\r\n', '', '2015-03-16 16:46:18', '15', 1, '', '', '', '', '', 0, 0),
(550, 'Shop Union Article For SCBTC', 'Article will go here.', '', '2015-03-06 10:08:59', '16', 3, '', '', '', '', '', NULL, 0),
(551, '2nd article', 'article goes here.', '', '2015-03-06 10:09:21', '16', 3, '', '', '', '', '', NULL, 0),
(552, 'Who is UFCW 648', '<div class="post" style="font-family: inherit; font-style: inherit; font-weight: inherit; line-height: 20.7999992370605px; margin: 0px; padding: 0px; outline: none; border: 0px; font-size: 16px; vertical-align: baseline;">\r\n<div class="entry" style="margin: 0px 0px 1.5em; padding: 0px 0px 1.5em; outline: none; border: 0px; font-family: inherit; font-style: inherit; vertical-align: baseline;">\r\n<h2 style="line-height: 1em; margin: 20px 0px 10px; padding: 18px 0px 10px 20px; outline: none; border-width: 10px 0px 1px; border-top-style: solid; border-bottom-style: dotted; border-top-color: rgb(255, 196, 37); border-bottom-color: rgb(0, 73, 144); font-family: proxima-nova-condensed, proxima-nova, ''Proxima Nova'', HelveticaNeue, ''Helvetica Neue'', Helvetica, sans-serif; font-size: 1.875em; vertical-align: baseline; font-stretch: normal; color: rgb(0, 73, 144); min-height: 30px; background-image: url(http://www.ufcw.org/wp-content/themes/ufcw/images/bg_hdr.png); background-attachment: initial; background-size: initial; background-origin: initial; background-clip: initial; background-position: 0% 22px; background-repeat: no-repeat;">UFCW Local 648</h2>\r\n</div>\r\n</div>\r\n\r\n<p style="margin: 5px 0px; padding: 0px; border: 0px; font-size: 14px; vertical-align: baseline; color: rgb(119, 119, 119); font-family: ''Open Sans'', Helvetica, Arial, sans-serif; line-height: 24.8888893127441px; text-align: justify;">We are workers helping other workers to improve wages, benefits, working conditions, and have a true, independent voice in the workplace. UFCW Local 648 has over 4000 members covering San Francisco and parts of Daly City and Pacifica. Established in 1907, UFCW Local 648 is a progressive organization, constantly striving to represent the members&rsquo; interests to the fullest extent at the workplace and in the community. UFCW Local 648 has bargained contracts over the years that have ensured its members have health insurance, pensions, good wages and job security. The officers and staff of the local are very involved in political and community activities, making the union&rsquo;s impact felt and our voices heard.</p>\r\n\r\n<p style="margin: 5px 0px; padding: 0px; border: 0px; font-size: 14px; vertical-align: baseline; color: rgb(119, 119, 119); font-family: ''Open Sans'', Helvetica, Arial, sans-serif; line-height: 24.8888893127441px;">&nbsp;</p>\r\n\r\n<p style="margin: 5px 0px; padding: 0px; border: 0px; font-size: 14px; vertical-align: baseline; color: rgb(119, 119, 119); font-family: ''Open Sans'', Helvetica, Arial, sans-serif; line-height: 24.8888893127441px; text-align: justify;"><img alt="" src="http://ufcw648.org/wp-content/uploads/2014/03/Screen-Shot-2014-03-13-at-10.08.51-AM.png" style="height: 300px; width: 280px;" /></p>\r\n\r\n<p style="margin: 5px 0px; padding: 0px; border: 0px; font-size: 14px; vertical-align: baseline; color: rgb(119, 119, 119); font-family: ''Open Sans'', Helvetica, Arial, sans-serif; line-height: 24.8888893127441px; text-align: justify;">UFCW Local 648 is one of hundreds of local unions, spread from coast to coast, which belong to the United Food and Commercial Workers International Union. Representing 1.3 million members from both the private and public sectors, the UFCW is one of the largest unions in the United States.San Francisco is a one of a kind city that has its own unique history, geography and demographics, (according to the 2010 Census, over 45% of the population speaks another language in their home). San Francisco is a destination for tourists from all over the country and world. It is a desirable place to visit, live and do business in but it is challenging climate for our members to work and survive in San Francisco with its high cost of living.</p>\r\n\r\n<p style="margin: 5px 0px; padding: 0px; border: 0px; font-size: 14px; vertical-align: baseline; color: rgb(119, 119, 119); font-family: ''Open Sans'', Helvetica, Arial, sans-serif; line-height: 24.8888893127441px;">&nbsp;</p>\r\n\r\n<p style="margin: 5px 0px; padding: 0px; border: 0px; font-size: 14px; vertical-align: baseline; color: rgb(119, 119, 119); font-family: ''Open Sans'', Helvetica, Arial, sans-serif; line-height: 24.8888893127441px; text-align: justify;"><span style="color: rgb(119, 119, 119); font-family: ''Open Sans'', Helvetica, Arial, sans-serif; font-size: 14px; line-height: 24.8888893127441px; text-align: justify;">As we move forward into the next century of our union history, Local 648 plans to continue organizing and building our very unique union in very unique ways. We stand with and for our members now as we have in the past. We want and encourage involvement from our members, current and retired, as we attack the future. This is San Francisco. This City was built by labor. This is our City. This is our Union. This is UFCW Local 648. We represent you!</span></p>\r\n', '', '2015-03-23 12:41:44', '17.1', 4, '', '', '', '', '', 0, 0),
(553, 'What is a Union? ', '<p><img alt="" src="http://ufcw648.org/wp-content/uploads/2014/04/DSC0223.jpg" style="width: 280px; height: 186px;" /></p>\r\n\r\n<div id="hdr" style="font-family: inherit; font-style: inherit; font-weight: inherit; line-height: 20.7999992370605px; margin: 0px 0px 10px; padding: 10px; outline: none; border-width: 10px 0px 0px; border-top-style: solid; border-top-color: rgb(0, 37, 87); font-size: 16px; vertical-align: baseline; overflow: hidden; background: rgb(0, 73, 144);">\r\n<header class="wrapper" id="hdr-content" style="margin: 0px auto; padding: 0px; outline: none; max-width: 980px;">\r\n<h1 class="pagetitle" style="line-height: 1em; margin: 0px 12px 0px 0px; padding: 0px; outline: none; border: 0px; font-family: proxima-nova-condensed, proxima-nova, ''Proxima Nova'', HelveticaNeue, ''Helvetica Neue'', Helvetica, sans-serif; font-size: 1.875em; vertical-align: baseline; font-stretch: normal; color: rgb(255, 255, 255); float: left;">What is a Union?</h1>\r\n</header>\r\n</div>\r\n\r\n<div class="post" style="font-family: inherit; font-style: inherit; font-weight: inherit; line-height: 20.7999992370605px; margin: 0px; padding: 0px; outline: none; border: 0px; font-size: 16px; vertical-align: baseline;">\r\n<div class="entry" style="margin: 0px 0px 1.5em; padding: 0px 0px 1.5em; outline: none; border: 0px; font-family: inherit; font-style: inherit; vertical-align: baseline;">\r\n<h4 style="line-height: 1em; margin: 20px 0px 10px; padding: 18px 0px 10px 20px; outline: none; border-width: 10px 0px 1px; border-top-style: solid; border-bottom-style: dotted; border-top-color: rgb(255, 196, 37); border-bottom-color: rgb(0, 73, 144); font-family: proxima-nova-condensed, proxima-nova, ''Proxima Nova'', HelveticaNeue, ''Helvetica Neue'', Helvetica, sans-serif; font-size: 1.875em; vertical-align: baseline; font-stretch: normal; color: rgb(0, 73, 144); min-height: 30px; background-image: url(http://www.ufcw.org/wp-content/themes/ufcw/images/bg_hdr.png); background-attachment: initial; background-size: initial; background-origin: initial; background-clip: initial; background-position: 0% 22px; background-repeat: no-repeat;">By joining together, working women and men gain strength in numbers in a Union so they can have a voice at work about what they care about.</h4>\r\n\r\n<div><span style="color: rgb(55, 65, 71); font-family: Tahoma, arial, verdana, sans-serif; font-size: 14px; line-height: 24.8888893127441px;">Unions&nbsp;negotiate a contract with their employer for things like a fair and safe workplace, better wages, a secure retirement and family-friendly policies such as paid sick leave and scheduling hours. They have a voice in how their jobs get done, creating a more stable, productive workforce that provides better services and products. Always adapting to the challenges of our nation&rsquo;s evolving workforce, unions are meeting the needs of workers in today&rsquo;s flexible and nontraditional work environments. Because no matter what type of job workers are in, by building power in unions, they can speak out for fairness for all working people in their communities and create better standards and a strong middle class across the country.</span></div>\r\n</div>\r\n</div>\r\n', '', '2015-03-23 12:45:45', '17.2', 4, '', '', '', '', '', 0, 0),
(554, 'Why Join The Union ?', '<p><img alt="" src="http://ufcw648.org/wp-content/uploads/2014/04/DSC0122.jpg" style="width: 280px; height: 186px;" /></p>\r\n\r\n<h2 style="margin: 20px 0px 10px; padding: 18px 0px 10px 20px; outline: none; border-width: 10px 0px 1px; border-top-style: solid; border-bottom-style: dotted; border-top-color: rgb(255, 196, 37); border-bottom-color: rgb(0, 73, 144); font-family: proxima-nova-condensed, proxima-nova, ''Proxima Nova'', HelveticaNeue, ''Helvetica Neue'', Helvetica, sans-serif; font-size: 1.875em; vertical-align: baseline; font-stretch: normal; line-height: 1em; color: rgb(0, 73, 144); min-height: 30px; background-image: url(http://www.ufcw.org/wp-content/themes/ufcw/images/bg_hdr.png); background-attachment: initial; background-size: initial; background-origin: initial; background-clip: initial; background-position: 0% 22px; background-repeat: no-repeat;">Become a Member of UFCW Local 648</h2>\r\n\r\n<p style="margin: 0px 0px 10px; padding: 0px; outline: none; border: 0px; font-family: proxima-nova, ''Proxima Nova'', HelveticaNeue, ''Helvetica Neue'', Helvetica, sans-serif; font-size: 16px; vertical-align: baseline; color: rgb(102, 102, 102); line-height: normal;">&nbsp;</p>\r\n\r\n<p>In the United Food and Commercial Workers, you are the union.&nbsp; You come&nbsp;together to talk with your coworkers; you nominate and elect union officers; you determine the working conditions and concerns that will be bargained in a contract; you will be part of a larger movement to improve the lives of working men and women in the workplace and in their communities.</p>\r\n\r\n<p>The more workers join together for the good of all, the more management listens to what they have to say.</p>\r\n\r\n<div id="gform_wrapper_4">\r\n<form action="http://www.ufcw.org/resources/become-a-member/" enctype="multipart/form-data" id="gform_4" method="post">\r\n<h3>Become a Member</h3>\r\nIf you are interested in learning more about how you and your coworkers can join with us and find your voice, drop us a line or send us an email at <a href="mailto:dlarson@ufcw648.org?subject=Organize%20my%20workplace">dlarson@ufcw648.org</a> and we will help you to organize your workplace.</form>\r\n</div>\r\n', '', '2015-03-23 12:48:33', '17.3', 4, '', '', '', '', '', NULL, 0),
(555, 'Union Advantage', '<p><img alt="" src="http://ufcw648.org/wp-content/uploads/2014/03/International-Scholarship-2015_Page_1.jpg" style="width: 280px; height: 172px;" /></p>\r\n\r\n<p>&nbsp;</p>\r\n\r\n<div id="hdr" style="font-family: inherit; font-style: inherit; font-weight: inherit; line-height: 20.7999992370605px; margin: 0px 0px 10px; padding: 10px; outline: none; border-width: 10px 0px 0px; border-top-style: solid; border-top-color: rgb(0, 37, 87); font-size: 16px; vertical-align: baseline; overflow: hidden; background: rgb(0, 73, 144);">\r\n<header class="wrapper" id="hdr-content" style="margin: 0px auto; padding: 0px; outline: none; max-width: 980px;">\r\n<h1 class="pagetitle" style="line-height: 1em; margin: 0px 12px 0px 0px; padding: 0px; outline: none; border: 0px; font-family: proxima-nova-condensed, proxima-nova, ''Proxima Nova'', HelveticaNeue, ''Helvetica Neue'', Helvetica, sans-serif; font-size: 1.875em; vertical-align: baseline; font-stretch: normal; color: rgb(255, 255, 255); float: left;">The Union Advantage</h1>\r\n</header>\r\n</div>\r\n\r\n<div class="post" style="font-family: inherit; font-style: inherit; font-weight: inherit; line-height: 20.7999992370605px; margin: 0px; padding: 0px; outline: none; border: 0px; font-size: 16px; vertical-align: baseline;">\r\n<div class="entry" style="margin: 0px 0px 1.5em; padding: 0px 0px 1.5em; outline: none; border: 0px; font-family: inherit; font-style: inherit; vertical-align: baseline;">\r\n<h4 style="margin: 20px 0px 10px; padding: 18px 0px 10px 20px; outline: none; border-width: 10px 0px 1px; border-top-style: solid; border-bottom-style: dotted; border-top-color: rgb(255, 196, 37); border-bottom-color: rgb(0, 73, 144); font-family: proxima-nova-condensed, proxima-nova, ''Proxima Nova'', HelveticaNeue, ''Helvetica Neue'', Helvetica, sans-serif; font-size: 1.875em; vertical-align: baseline; font-stretch: normal; line-height: 1em; color: rgb(0, 73, 144); min-height: 30px; background-image: url(http://www.ufcw.org/wp-content/themes/ufcw/images/bg_hdr.png); background-attachment: initial; background-size: initial; background-origin: initial; background-clip: initial; background-position: 0% 22px; background-repeat: no-repeat;"><a href="http://www.ufcw.org/about/opportunities/scholarship/" style="margin: 0px; padding: 0px; outline: none; border: 0px; font-family: inherit; font-style: inherit; font-weight: inherit; vertical-align: baseline; color: rgb(60, 90, 152); text-decoration: none;" title="Education and Scholarship">Education,&nbsp;Scholarship</a>, Discounts and More</h4>\r\n\r\n<p style="margin: 0px 0px 10px; padding: 0px; outline: none; border: 0px; font-family: proxima-nova, ''Proxima Nova'', HelveticaNeue, ''Helvetica Neue'', Helvetica, sans-serif; vertical-align: baseline; color: rgb(102, 102, 102); line-height: normal;">Did you know as a union member, you are eligible for a number of scholarships and education-related opportunities? Check out a few of the opportunities on our&nbsp;<a href="http://ufcw648.org/ufcw-scholarships/" style="margin: 0px; padding: 0px; outline: none; border: 0px; font-family: inherit; font-style: inherit; font-weight: inherit; vertical-align: baseline; color: rgb(60, 90, 152); text-decoration: none;" title="Education and Scholarship">Scholarship&nbsp;</a>page.</p>\r\n\r\n<p style="margin: 0px 0px 10px; padding: 0px; outline: none; border: 0px; font-family: proxima-nova, ''Proxima Nova'', HelveticaNeue, ''Helvetica Neue'', Helvetica, sans-serif; vertical-align: baseline; color: rgb(102, 102, 102); line-height: normal;">There are also great discounts available to UFCW members through the Union Plus program. From lowering your phone bill to saving on moving expenses, Union Plus offers some great ways for members to stretch their paychecks just a bit further.</p>\r\n\r\n<ul style="margin: 0px 0px 1.625em 2.5em; padding-right: 0px; padding-left: 0px; outline: none; border: 0px; font-family: proxima-nova, ''Proxima Nova'', HelveticaNeue, ''Helvetica Neue'', Helvetica, sans-serif; vertical-align: baseline; color: rgb(102, 102, 102); line-height: normal;">\r\n	<li style="margin: 0px; padding: 0px; outline: none; border: 0px; font-family: inherit; font-style: inherit; font-weight: inherit; vertical-align: baseline;"><a href="http://www.ufcw.org/about/opportunities/union-plus-discounts/" style="margin: 0px; padding: 0px; outline: none; border: 0px; font-family: inherit; font-style: inherit; font-weight: inherit; vertical-align: baseline; color: rgb(60, 90, 152); text-decoration: none;" title="Union Plus Discounts">Union Plus</a></li>\r\n</ul>\r\n</div>\r\n</div>\r\n', '', '2015-03-23 12:55:56', '17.4', 4, '', '', '', '', '', 0, 0),
(556, 'Safeway Update', '<h1 style="margin: 0px; padding: 10px 0px; border: 0px; font-size: 30px; vertical-align: baseline; clear: both; color: rgb(51, 51, 50); line-height: 1.6; font-family: ''Open Sans'', Helvetica, Arial, sans-serif;">Your current contract is on extension.</h1>\r\n\r\n<ul style="margin: 0px 0px 0px 20px; padding-right: 0px; padding-left: 0px; border: 0px; font-size: 14px; vertical-align: baseline; color: rgb(119, 119, 119); font-family: ''Open Sans'', Helvetica, Arial, sans-serif; line-height: 24.8888893127441px;">\r\n	<li style="margin: 0px; padding: 0px; border: 0px; vertical-align: baseline;">\r\n	<h4 style="margin: 0px; padding: 10px 0px; border: 0px; font-size: 19px; vertical-align: baseline; clear: both; color: rgb(51, 51, 50); line-height: 1.6;">Negotiation meetings scheduled for February 11, 24 &amp; 25, 2015</h4>\r\n	</li>\r\n	<li style="margin: 0px; padding: 0px; border: 0px; vertical-align: baseline;">\r\n	<h4 style="margin: 0px; padding: 10px 0px; border: 0px; font-size: 19px; vertical-align: baseline; clear: both; color: rgb(51, 51, 50); line-height: 1.6;">December 4, 2014 update: Local 648 has met twice with Safeway regarding your contract. We hope to have a resolution to these talks very soon.</h4>\r\n	</li>\r\n</ul>\r\n', '', '2015-03-23 13:25:59', '23', 4, '', '', '', '', '', NULL, 0),
(557, 'Membership Meeting', '<p style="margin: 5px 0px; padding: 0px; border: 0px; font-size: 14px; vertical-align: baseline; color: rgb(119, 119, 119); font-family: ''Open Sans'', Helvetica, Arial, sans-serif; line-height: 24.8888893127441px;">Local 648 conducts general membership meetings on a monthly basis. These meetings are important and, as a member,&nbsp;<img alt="Membership Meeting" class="alignright  wp-image-382" height="139" src="http://ufcw648.org/wp-content/uploads/2014/03/DSC0129-300x199.jpg" style="margin: 5px 0px 15px 15px; padding: 0px; border: 0px; vertical-align: bottom; max-width: 100%; height: auto; float: right;" width="210" />you are encouraged to attend and participate in the events of your Union.</p>\r\n\r\n<p style="margin: 5px 0px; padding: 0px; border: 0px; font-size: 14px; vertical-align: baseline; color: rgb(119, 119, 119); font-family: ''Open Sans'', Helvetica, Arial, sans-serif; line-height: 24.8888893127441px;">The General Membership meeting is held on the 1<span style="margin: 0px; padding: 0px; border: 0px; font-size: 10.5px; vertical-align: baseline; line-height: 0; position: relative; top: -0.5em;">st</span>&nbsp;Thursday of the every month at 7pm at the union hall located at:&nbsp;&nbsp;<span style="margin: 0px; padding: 0px; border: 0px; vertical-align: baseline; color: rgb(51, 102, 255);"><a href="https://www.google.com/maps/preview?q=1980+Mission+Street+San+Francisco,+CA+94103-3489&amp;ie=UTF-8&amp;hq=&amp;hnear=0x808f7e23a2acc9af:0xa74f34a73823a1f5,1980+Mission+St,+San+Francisco,+CA+94103&amp;gl=us&amp;ei=gRMhU82tEcXuoASj84I4&amp;ved=0CCcQ8gEwAA" style="margin: 0px; padding: 0px; border: 0px; vertical-align: baseline; color: rgb(56, 56, 56); text-decoration: none;"><span style="margin: 0px; padding: 0px; border: 0px; vertical-align: baseline; color: rgb(51, 102, 255);">1980 Mission Street in San Francisco</span></a>.&nbsp;</span>The purpose of these meetings is to keep members informed of current events affecting the membership. Your participation is encouraged.</p>\r\n\r\n<p style="margin: 5px 0px; padding: 0px; border: 0px; font-size: 14px; vertical-align: baseline; color: rgb(119, 119, 119); font-family: ''Open Sans'', Helvetica, Arial, sans-serif; line-height: 24.8888893127441px;">You have the opportunity to ask your Union President and Representatives any questions you may have. We also welcome any suggestions that will help keep our Union strong. You have an equal voice and can vote in deciding what Local 648 does and how it does it. You can do this by attending the Union meetings.</p>\r\n', '', '2015-03-23 13:26:47', '24', 4, '', '', '', '', '', NULL, 0),
(558, 'Membership Meeting', '<p style="margin: 5px 0px; padding: 0px; border: 0px; font-size: 14px; vertical-align: baseline; color: rgb(119, 119, 119); font-family: ''Open Sans'', Helvetica, Arial, sans-serif; line-height: 24.8888893127441px;">Local 648 conducts general membership meetings on a monthly basis. These meetings are important and, as a member,&nbsp;<img alt="Membership Meeting" class="alignright  wp-image-382" height="139" src="http://ufcw648.org/wp-content/uploads/2014/03/DSC0129-300x199.jpg" style="margin: 5px 0px 15px 15px; padding: 0px; border: 0px; vertical-align: bottom; max-width: 100%; height: auto; float: right;" width="210" />you are encouraged to attend and participate in the events of your Union.</p>\r\n\r\n<p style="margin: 5px 0px; padding: 0px; border: 0px; font-size: 14px; vertical-align: baseline; color: rgb(119, 119, 119); font-family: ''Open Sans'', Helvetica, Arial, sans-serif; line-height: 24.8888893127441px;">The General Membership meeting is held on the 1<span style="margin: 0px; padding: 0px; border: 0px; font-size: 10.5px; vertical-align: baseline; line-height: 0; position: relative; top: -0.5em;">st</span>&nbsp;Thursday of the every month at 7pm at the union hall located at:&nbsp;&nbsp;<span style="margin: 0px; padding: 0px; border: 0px; vertical-align: baseline; color: rgb(51, 102, 255);"><a href="https://www.google.com/maps/preview?q=1980+Mission+Street+San+Francisco,+CA+94103-3489&amp;ie=UTF-8&amp;hq=&amp;hnear=0x808f7e23a2acc9af:0xa74f34a73823a1f5,1980+Mission+St,+San+Francisco,+CA+94103&amp;gl=us&amp;ei=gRMhU82tEcXuoASj84I4&amp;ved=0CCcQ8gEwAA" style="margin: 0px; padding: 0px; border: 0px; vertical-align: baseline; color: rgb(56, 56, 56); text-decoration: none;"><span style="margin: 0px; padding: 0px; border: 0px; vertical-align: baseline; color: rgb(51, 102, 255);">1980 Mission Street in San Francisco</span></a>.&nbsp;</span>The purpose of these meetings is to keep members informed of current events affecting the membership. Your participation is encouraged.</p>\r\n\r\n<p style="margin: 5px 0px; padding: 0px; border: 0px; font-size: 14px; vertical-align: baseline; color: rgb(119, 119, 119); font-family: ''Open Sans'', Helvetica, Arial, sans-serif; line-height: 24.8888893127441px;">You have the opportunity to ask your Union President and Representatives any questions you may have. We also welcome any suggestions that will help keep our Union strong. You have an equal voice and can vote in deciding what Local 648 does and how it does it. You can do this by attending the Union meetings.</p>\r\n', '', '2015-03-23 13:27:03', '25', 4, '', '', '', '', '', NULL, 0);
INSERT INTO `news` (`news_id`, `title`, `description`, `file`, `time_cone`, `category`, `app_id`, `facebook`, `twitter`, `google`, `pinterest`, `social`, `order`, `published`) VALUES
(559, 'Shop Union', '<h3 style="margin: 0px; padding: 10px 0px; border: 0px; font-size: 22px; vertical-align: baseline; clear: both; color: rgb(51, 51, 50); line-height: 1.6; font-family: ''Open Sans'', Helvetica, Arial, sans-serif;">Shop these UFCW Local 648 Businesses</h3>\r\n\r\n<p style="margin: 5px 0px; padding: 0px; border: 0px; font-size: 14px; vertical-align: baseline; color: rgb(119, 119, 119); font-family: ''Open Sans'', Helvetica, Arial, sans-serif; line-height: 24.8888893127441px;"><img alt="shop union" class="alignnone size-full wp-image-776" src="http://ufcw648.org/wp-content/uploads/2014/03/shop-union.png" style="margin: 5px 15px 15px 0px; padding: 0px; border: 0px; vertical-align: bottom; max-width: 100%; height: 90px; display: block; width: 280px;" /></p>\r\n\r\n<h2 style="margin: 0px; padding: 10px 0px; border: 0px; font-size: 25px; vertical-align: baseline; clear: both; color: rgb(51, 51, 50); line-height: 1.6; font-family: ''Open Sans'', Helvetica, Arial, sans-serif;"><em style="margin: 0px; padding: 0px; border: 0px; vertical-align: baseline;"><span style="margin: 0px; padding: 0px; border: 0px; vertical-align: baseline; color: rgb(51, 102, 255);">Promote your union workplace or business</span></em></h2>\r\n\r\n<p style="margin: 5px 0px; padding: 0px; border: 0px; font-size: 14px; vertical-align: baseline; color: rgb(119, 119, 119); font-family: ''Open Sans'', Helvetica, Arial, sans-serif; line-height: 24.8888893127441px;">Do you want to promote your union shop in the San Francisco area? Please contact Local 648 by email at&nbsp;<span style="margin: 0px; padding: 0px; border: 0px; vertical-align: baseline; color: rgb(51, 102, 255);"><a href="mailto:ufcwsf648@gmail.com" style="margin: 0px; padding: 0px; border: 0px; vertical-align: baseline; color: rgb(56, 56, 56); text-decoration: none;"><span style="margin: 0px; padding: 0px; border: 0px; vertical-align: baseline; color: rgb(51, 102, 255);">ufcwsf648@gmail.com</span></a></span>. &nbsp;We are happy to list all union businesses on our website for free. For paid listings or advertising promotions, email for details.</p>\r\n\r\n<h3 style="margin: 0px; padding: 10px 0px; border: 0px; font-size: 22px; vertical-align: baseline; clear: both; color: rgb(51, 51, 50); line-height: 1.6; font-family: ''Open Sans'', Helvetica, Arial, sans-serif; text-align: center;"><span style="margin: 0px; padding: 0px; border: 0px; vertical-align: baseline; color: rgb(51, 102, 255);">Work Union, Shop Union, Live Union!</span></h3>\r\n\r\n<div>&nbsp;</div>\r\n', '', '2015-03-23 13:27:54', '26', 4, '', '', '', '', '', NULL, 0),
(561, 'DISCOUNTS AVAILABLE TO UFCW 648 MEMBERS', '<p align="center" style="margin: 5px 0px; padding: 0px; border: 0px; font-size: 14px; vertical-align: baseline; color: rgb(119, 119, 119); font-family: ''Open Sans'', Helvetica, Arial, sans-serif; line-height: 24.8888893127441px;">&nbsp;</p>\r\n\r\n<p style="margin: 5px 0px; padding: 0px; border: 0px; font-size: 14px; vertical-align: baseline; color: rgb(119, 119, 119); font-family: ''Open Sans'', Helvetica, Arial, sans-serif; line-height: 24.8888893127441px;"><b style="margin: 0px; padding: 0px; border: 0px; vertical-align: baseline;"><span style="margin: 0px; padding: 0px; border: 0px; vertical-align: baseline; text-decoration: underline;">CALIFORNIA ACADEMY OF SCIENCES</span></b></p>\r\n\r\n<p style="margin: 5px 0px; padding: 0px; border: 0px; font-size: 14px; vertical-align: baseline; color: rgb(119, 119, 119); font-family: ''Open Sans'', Helvetica, Arial, sans-serif; line-height: 24.8888893127441px;">Adults (Ages 18-64) $24.00 ($6 savings)</p>\r\n\r\n<p style="margin: 5px 0px; padding: 0px; border: 0px; font-size: 14px; vertical-align: baseline; color: rgb(119, 119, 119); font-family: ''Open Sans'', Helvetica, Arial, sans-serif; line-height: 24.8888893127441px;">Children (Ages 4-11) $16.00 ($4 savings)</p>\r\n\r\n<p style="margin: 5px 0px; padding: 0px; border: 0px; font-size: 14px; vertical-align: baseline; color: rgb(119, 119, 119); font-family: ''Open Sans'', Helvetica, Arial, sans-serif; line-height: 24.8888893127441px;">Youth/Seniors (Ages 12-17 &amp; 65+) $20.00 ($5 savings)</p>\r\n\r\n<p style="margin: 5px 0px; padding: 0px; border: 0px; font-size: 14px; vertical-align: baseline; color: rgb(119, 119, 119); font-family: ''Open Sans'', Helvetica, Arial, sans-serif; line-height: 24.8888893127441px;">Night Life (Must be 21 years &amp; older) $10.00 ($2 savings)</p>\r\n\r\n<p style="margin: 5px 0px; padding: 0px; border: 0px; font-size: 14px; vertical-align: baseline; color: rgb(119, 119, 119); font-family: ''Open Sans'', Helvetica, Arial, sans-serif; line-height: 24.8888893127441px;"><span style="margin: 0px; padding: 0px; border: 0px; vertical-align: baseline; color: rgb(51, 102, 255);"><a href="http://www.calacademy.org/etickets" style="margin: 0px; padding: 0px; border: 0px; vertical-align: baseline; color: rgb(56, 56, 56); text-decoration: none;"><span style="margin: 0px; padding: 0px; border: 0px; vertical-align: baseline; color: rgb(51, 102, 255);">www.calacademy.org/etickets</span></a></span></p>\r\n\r\n<p style="margin: 5px 0px; padding: 0px; border: 0px; font-size: 14px; vertical-align: baseline; color: rgb(119, 119, 119); font-family: ''Open Sans'', Helvetica, Arial, sans-serif; line-height: 24.8888893127441px;">Sales code:&nbsp; UFCW648</p>\r\n\r\n<p style="margin: 5px 0px; padding: 0px; border: 0px; font-size: 14px; vertical-align: baseline; color: rgb(119, 119, 119); font-family: ''Open Sans'', Helvetica, Arial, sans-serif; line-height: 24.8888893127441px;">&nbsp;</p>\r\n\r\n<p style="margin: 5px 0px; padding: 0px; border: 0px; font-size: 14px; vertical-align: baseline; color: rgb(119, 119, 119); font-family: ''Open Sans'', Helvetica, Arial, sans-serif; line-height: 24.8888893127441px;"><b style="margin: 0px; padding: 0px; border: 0px; vertical-align: baseline;"><i style="margin: 0px; padding: 0px; border: 0px; vertical-align: baseline;">PICK THE FOLLOWING TICKETS AT THE UFCW UNION OFFICE 1980 MISSION ST, SAN FRANCISCO, CA:</i></b></p>\r\n\r\n<p style="margin: 5px 0px; padding: 0px; border: 0px; font-size: 14px; vertical-align: baseline; color: rgb(119, 119, 119); font-family: ''Open Sans'', Helvetica, Arial, sans-serif; line-height: 24.8888893127441px;"><b style="margin: 0px; padding: 0px; border: 0px; vertical-align: baseline;"><i style="margin: 0px; padding: 0px; border: 0px; vertical-align: baseline;">Check or Cash Only &ndash; Prices subject to change</i></b></p>\r\n\r\n<p style="margin: 5px 0px; padding: 0px; border: 0px; font-size: 14px; vertical-align: baseline; color: rgb(119, 119, 119); font-family: ''Open Sans'', Helvetica, Arial, sans-serif; line-height: 24.8888893127441px;">&nbsp;</p>\r\n\r\n<p style="margin: 5px 0px; padding: 0px; border: 0px; font-size: 14px; vertical-align: baseline; color: rgb(119, 119, 119); font-family: ''Open Sans'', Helvetica, Arial, sans-serif; line-height: 24.8888893127441px;"><b style="margin: 0px; padding: 0px; border: 0px; vertical-align: baseline;"><span style="margin: 0px; padding: 0px; border: 0px; vertical-align: baseline; text-decoration: underline;">CALIFORNIA GREAT AMERICA</span></b></p>\r\n\r\n<p style="margin: 5px 0px; padding: 0px; border: 0px; font-size: 14px; vertical-align: baseline; color: rgb(119, 119, 119); font-family: ''Open Sans'', Helvetica, Arial, sans-serif; line-height: 24.8888893127441px;">Good Any Day $35.00 ($28 savings on adult admission/$8 savings on child admission)</p>\r\n\r\n<p style="margin: 5px 0px; padding: 0px; border: 0px; font-size: 14px; vertical-align: baseline; color: rgb(119, 119, 119); font-family: ''Open Sans'', Helvetica, Arial, sans-serif; line-height: 24.8888893127441px;">&nbsp;</p>\r', '', '2015-03-23 13:25:01', '22', 4, '', '', '', '', '', NULL, 0),
(562, 'UFCW 648 Shop Steward', '<p style="margin: 0px 0px 10px; padding: 0px; outline: none; border: 0px; font-family: proxima-nova, ''Proxima Nova'', HelveticaNeue, ''Helvetica Neue'', Helvetica, sans-serif; font-size: 16px; vertical-align: baseline; color: rgb(102, 102, 102); line-height: normal;"><img alt="" src="http://ufcw5.org/wp-content/uploads/2015/03/Screen-Shot-2015-03-16-at-2.23.16-PM.png" style="width: 280px; height: 146px;" /></p>\r\n\r\n<h2 style="margin: 20px 0px 10px; padding: 18px 0px 10px 20px; outline: none; border-width: 10px 0px 1px; border-top-style: solid; border-bottom-style: dotted; border-top-color: rgb(255, 196, 37); border-bottom-color: rgb(0, 73, 144); font-family: proxima-nova-condensed, proxima-nova, ''Proxima Nova'', HelveticaNeue, ''Helvetica Neue'', Helvetica, sans-serif; font-size: 1.875em; vertical-align: baseline; font-stretch: normal; line-height: 1em; color: rgb(0, 73, 144); min-height: 30px; background-image: url(http://www.ufcw.org/wp-content/themes/ufcw/images/bg_hdr.png); background-attachment: initial; background-size: initial; background-origin: initial; background-clip: initial; background-position: 0% 22px; background-repeat: no-repeat;">Good stewards are the backbone of an effective union.</h2>\r\n\r\n<p style="margin: 0px 0px 10px; padding: 0px; outline: none; border: 0px; font-family: proxima-nova, ''Proxima Nova'', HelveticaNeue, ''Helvetica Neue'', Helvetica, sans-serif; font-size: 16px; vertical-align: baseline; color: rgb(102, 102, 102); line-height: normal;">Good stewards are the backbone of an effective union. We reach out to new members and help educate them on their rights. We serve as a bridge between elected union leadership and workers on the job. We listen to our co-workers and provide a confidential way for members to bring forward their ideas and concerns.</p>\r\n\r\n<h4 style="margin: 0.75em 0px; padding: 0px; outline: none; border: 0px; font-family: proxima-nova-condensed, proxima-nova, ''Proxima Nova'', HelveticaNeue, ''Helvetica Neue'', Helvetica, sans-serif; font-size: 1.25em; vertical-align: baseline; font-stretch: normal; line-height: 1em; color: rgb(102, 102, 102);"><strong style="margin: 0px; padding: 0px; outline: none; border: 0px; font-family: inherit; font-size: 20px; font-style: inherit; vertical-align: baseline;">But most importantly, it is a steward&rsquo;s job to inspire, lead and build a sense of unity and solidarity among the wide range of workers in our union.</strong></h4>\r\n\r\n<p style="margin: 0px 0px 10px; padding: 0px; outline: none; border: 0px; font-family: proxima-nova, ''Proxima Nova'', HelveticaNeue, ''Helvetica Neue'', Helvetica, sans-serif; font-size: 16px; vertical-align: baseline; color: rgb(102, 102, 102); line-height: normal;">All union members have a right to have their steward present with them during meetings that they feel might be disciplinary. In 1975, in NLRB v. J. Weingarten, Inc, the U.S. Supreme Court upheld the rights of employees to have union representation during investigatory interviews. Since that case involved a clerk being investigated by the Weingarten Company, these rights have become known as&nbsp;<a href="http://www.ufcw.org/resources/stewards/weingarten-rights/" style="margin: 0px; padding: 0px; outline: none; border: 0px; font-family: inherit; font-style: inherit; font-weight: inherit; vertical-align: baseline; color: rgb(60, 90, 152); text-decoration: none;" title="Weingarten Rights">&ldquo;Weingarten rights.&rdquo;</a></p>\r\n\r\n<p style="margin: 0px 0px 10px; padding: 0px; outline: none; border: 0px; font-family: proxima-nova, ''Proxima Nova'', HelveticaNeue, ''Helvetica Neue'', Helvetica, sans-serif; font-size: 16px; vertical-align: baseline; color: rgb(102, 102, 102); line-height: normal;">If you are called into a closed meeting with your manager and you start to feel nervous that things may take a disciplinary turn, you have the right to stop the meeting and request the meeting be resumed when your union steward is present. If you&rsquo;ve got questions about your contract, your steward is the best person to ask.</p>\r\n\r\n<p style="margin: 0px 0px 10px; padding: 0px; outline: none; border: 0px; font-family: proxima-nova, ''Proxima Nova'', HelveticaNeue, ''Helvetica Neue'', Helvetica, sans-serif; font-size: 16px; vertical-align: baseline; color: rgb(102, 102, 102); line-height: normal;"><img alt="" class="aligncenter size-full wp-image-13945" height="318" src="http://www.ufcw.org/wp-content/uploads/2012/06/organize.jpg" style="margin: 0px auto 15px; padding: 0px; outline: none; max-width: 100%; height: auto; width: auto; display: block; float: none;" title="organize" width="620" />â€‹</p>\r\n', '', '2015-03-23 13:20:36', '20.1', 4, '', '', '', '', '', 0, 0),
(563, 'uib', 'buibuibui', '', '2015-03-11 07:40:41', '11.3', 3, '', '', '', '', '', NULL, 0),
(564, 'Meeting Volunteer', '<h3><b>&nbsp;Contact Us</b></h3>&nbsp;Santa Clara &amp; San Benito Counties<br>&nbsp;Building &amp; Construction Trades Council<br>&nbsp;2102 Almaden Rd., Suite <b>101</b>&nbsp;&nbsp;&nbsp;&nbsp;&nbsp;&nbsp;&nbsp; <br>&nbsp;San Jose <b>CA 95125</b><br>&nbsp;Phone: <a href="http://(408) 265-7643" rel="nofollow" target="_blank">(408) 265-7643</a><br>&nbsp;Fax: <a href="http://(408) 265-2080" rel="nofollow" target="_blank">(408) 265-2080</a><br>&nbsp;Web: <a href="http://scbtc.org" rel="nofollow" target="_blank">scbtc.org</a><br>&nbsp;Email: <a href="http://Joseph@scbtc.org" rel="nofollow" target="_blank">Joseph@scbtc.org</a><br>', '', '2015-03-12 06:12:55', '13.1', 3, '', '', '', '', '', 0, 0),
(565, 'Collective Bargaining', '<div class="content-view-embed">\r\n<div class="class-image">\r\n<div class="attribute-image">\r\n<p><img alt="" src="http://ufcw648.org/wp-content/uploads/2014/04/DSC0213.jpg" style="width: 280px; height: 186px;" /></p>\r\n\r\n<p>&nbsp;</p>\r\n\r\n<div id="hdr" style="margin: 0px 0px 10px; padding: 10px; outline: none; border-width: 10px 0px 0px; border-top-style: solid; border-top-color: rgb(0, 37, 87); font-family: proxima-nova, ''Proxima Nova'', HelveticaNeue, ''Helvetica Neue'', Helvetica, sans-serif; font-size: 16px; vertical-align: baseline; overflow: hidden; color: rgb(102, 102, 102); line-height: normal; background: rgb(0, 73, 144);">\r\n<header class="wrapper" id="hdr-content" style="margin: 0px auto; padding: 0px; outline: none; max-width: 980px;">\r\n<h1 class="pagetitle" style="margin: 0px 12px 0px 0px; padding: 0px; outline: none; border: 0px; font-family: proxima-nova-condensed, proxima-nova, ''Proxima Nova'', HelveticaNeue, ''Helvetica Neue'', Helvetica, sans-serif; font-size: 1.875em; vertical-align: baseline; font-stretch: normal; line-height: 1em; color: rgb(255, 255, 255); float: left;">Collective Bargaining at Local 648</h1>\r\n</header>\r\n</div>\r\n\r\n<div class="post" style="margin: 0px; padding: 0px; outline: none; border: 0px; font-family: proxima-nova, ''Proxima Nova'', HelveticaNeue, ''Helvetica Neue'', Helvetica, sans-serif; font-size: 16px; vertical-align: baseline; color: rgb(102, 102, 102); line-height: normal;">\r\n<div class="entry" style="margin: 0px 0px 1.5em; padding: 0px 0px 1.5em; outline: none; border: 0px; font-family: inherit; font-style: inherit; vertical-align: baseline;"><span style="color: rgb(51, 51, 51); font-family: sans-serif, Arial, Verdana, ''Trebuchet MS''; font-size: 13px; line-height: 1.6em;">Collective bargaining is the process in which working people, through their unions, negotiate contracts with their employers to determine their terms of employment, including pay, benefits, hours, leave, job health and safety policies, ways to balance work and family and more. Collective bargaining is a way to solve workplace problems.</span></div>\r\n</div>\r\n\r\n<p>After the rights of public employees to collectively bargain for a middle-class life came under attack in 2010, working people in all kinds of jobs as well as students, community supporters, faith leaders and others united to defend this basic right.</p>\r\n\r\n<p>The United States has long lagged behind other industrialized nations in collective bargaining coverage for public- and private-sector workers. Yet the right to collectively bargain is essential so that working men and women have the strength to improve their living standards, provide for their families and build a strong middle class.</p>\r\n\r\n<p><img alt="" src="http://www.aflcio.org/var/ezflow_site/storage/images/media/aflcio/images/collective-bargaining-coverage-graph/6392-1-eng-US/Collective-Bargaining-Coverage-graph_mainstory1.jpg" style="width: 468px; height: 366px;" /></p>\r\n\r\n<div class="content-view-embed">\r\n<div class="class-image">\r\n<div class="attribute-image">&nbsp;</div>\r\n</div>\r\n</div>\r\n</div>\r\n</div>\r\n</div>\r\n\r\n<div class="sidebarTwo">\r\n<div class="attribute-more_info" id="moreInfo">\r\n<div class="attribute-more_info">\r\n<div class="clear">&nbsp;</div>\r\n</div>\r\n</div>\r\n</div>\r\n', '', '2015-03-23 12:57:57', '18.1', 4, '', '', '', '', '', 0, 0),
(566, 'New Members', '<div id="hdr" style="margin: 0px 0px 10px; padding: 10px; outline: none; border-width: 10px 0px 0px; border-top-style: solid; border-top-color: rgb(0, 37, 87); font-family: proxima-nova, ''Proxima Nova'', HelveticaNeue, ''Helvetica Neue'', Helvetica, sans-serif; font-size: 16px; vertical-align: baseline; overflow: hidden; color: rgb(102, 102, 102); line-height: normal; background: rgb(0, 73, 144);">\r\n<header class="wrapper" id="hdr-content" style="margin: 0px auto; padding: 0px; outline: none; max-width: 980px;">\r\n<h1 class="pagetitle" style="margin: 0px 12px 0px 0px; padding: 0px; outline: none; border: 0px; font-family: proxima-nova-condensed, proxima-nova, ''Proxima Nova'', HelveticaNeue, ''Helvetica Neue'', Helvetica, sans-serif; font-size: 1.875em; vertical-align: baseline; font-stretch: normal; line-height: 1em; color: rgb(255, 255, 255); float: left;">New Members of Local 648</h1>\r\n</header>\r\n</div>\r\n\r\n<p><img alt="" src="http://www.ufcw.org/wp-content/uploads/2012/05/voteufcw.jpg" style="width: 280px; height: 116px;" /></p>\r\n\r\n<h4 style="margin: 0px; padding: 10px 0px; border: 0px; font-size: 19px; vertical-align: baseline; clear: both; color: rgb(51, 51, 50); line-height: 1.6; font-family: ''Open Sans'', Helvetica, Arial, sans-serif;">Congratulations on your new job!<img alt="Members" class="alignright  wp-image-768" height="180" src="http://ufcw648.org/wp-content/uploads/2014/04/DSCN6263-300x225.jpg" style="margin: 5px 0px 15px 15px; padding: 0px; border: 0px; vertical-align: bottom; max-width: 100%; height: auto; float: right;" width="240" />&nbsp;As a Union member, you have more benefits and rights under a union contract than if you worked in a non-union store. Union workers enjoy much stronger legal protections on the job as well as better wages and benefits. &nbsp;The information here is an overview of some of those benefits and the structure of our Union.</h4>\r\n\r\n<p style="margin: 5px 0px; padding: 0px; border: 0px; font-size: 14px; vertical-align: baseline; color: rgb(119, 119, 119); font-family: ''Open Sans'', Helvetica, Arial, sans-serif; line-height: 24.8888893127441px;">&nbsp;</p>\r\n\r\n<h4 style="margin: 0px; padding: 10px 0px; border: 0px; font-size: 19px; vertical-align: baseline; clear: both; color: rgb(51, 51, 50); line-height: 1.6; font-family: ''Open Sans'', Helvetica, Arial, sans-serif;"><span style="margin: 0px; padding: 0px; border: 0px; vertical-align: baseline; color: rgb(0, 0, 255);"><a href="http://ufcw648.org/wp-content/uploads/2014/04/New_Member_Packet.pdf" style="margin: 0px; padding: 0px; border: 0px; vertical-align: baseline; color: rgb(56, 56, 56); text-decoration: none;"><span style="margin: 0px; padding: 0px; border: 0px; vertical-align: baseline; color: rgb(0, 0, 255);">Click here</span></a></span>&nbsp;for the New Member Packet.</h4>\r\n', '', '2015-03-23 12:59:46', '18.2', 4, '', '', '', '', '', 0, 0),
(567, 'Organizing ', '<h2 style="margin: 0px; padding: 10px 0px; border: 0px; font-size: 25px; vertical-align: baseline; clear: both; color: rgb(51, 51, 50); line-height: 1.6; font-family: ''Open Sans'', Helvetica, Arial, sans-serif;"><strong style="margin: 0px; padding: 0px; border: 0px; vertical-align: baseline;">Why Join a Union?</strong></h2>\r\n\r\n<p style="margin: 5px 0px; padding: 0px; border: 0px; font-size: 14px; vertical-align: baseline; color: rgb(119, 119, 119); font-family: ''Open Sans'', Helvetica, Arial, sans-serif; line-height: 24.8888893127441px;"><a href="http://ufcw648.org/wp-content/uploads/2014/03/graph.jpg" style="margin: 0px; padding: 0px; border: 0px; vertical-align: baseline; color: rgb(56, 56, 56); text-decoration: none;"><img alt="graph" class="alignleft wp-image-530" height="212" src="http://ufcw648.org/wp-content/uploads/2014/03/graph-300x212.jpg" style="margin: 0px 15px 15px 0px; padding: 0px; border: 0px; vertical-align: bottom; max-width: 100%; height: auto; float: left;" width="300" /></a></p>\r\n\r\n<p style="margin: 5px 0px; padding: 0px; border: 0px; font-size: 14px; vertical-align: baseline; color: rgb(119, 119, 119); font-family: ''Open Sans'', Helvetica, Arial, sans-serif; line-height: 24.8888893127441px; text-align: justify;">Without a union, management controls all of the money and power for themselves&mdash;and they want to keep it that way! When workers join UFCW Local 648, they win democracy at work and have a voice in the decisions that affect them. By staying strong and united, they can win a voice for better pay, affordable healthcare, retirement security and job protections.</p>\r\n\r\n<p style="margin: 5px 0px; padding: 0px; border: 0px; font-size: 14px; vertical-align: baseline; color: rgb(119, 119, 119); font-family: ''Open Sans'', Helvetica, Arial, sans-serif; line-height: 24.8888893127441px;">You may ask any questions anonymously. Our goal as a Union is to provide a voice and improve working standards for all workers. All calls and emails are kept completely confidential. If you have any questions, please contact Jennifer Garcia at 415-861-7840 or email:&nbsp;<span style="margin: 0px; padding: 0px; border: 0px; vertical-align: baseline; color: rgb(51, 102, 255);"><a href="mailto:contactlocal648@gmail.com" style="margin: 0px; padding: 0px; border: 0px; vertical-align: baseline; color: rgb(56, 56, 56); text-decoration: none;"><span style="margin: 0px; padding: 0px; border: 0px; vertical-align: baseline; color: rgb(51, 102, 255);">contactlocal648@gmail.com</span></a></span></p>\r\n\r\n<p style="margin: 5px 0px; padding: 0px; border: 0px; font-size: 14px; vertical-align: baseline; color: rgb(119, 119, 119); font-family: ''Open Sans'', Helvetica, Arial, sans-serif; line-height: 24.8888893127441px;">&nbsp;</p>\r\n', '', '2015-03-23 13:01:48', '18.3', 4, '', '', '', '', '', 0, 0),
(568, 'Register to Vote', '<h3><img alt="" src="http://ufcw5.org/wp-content/uploads/2015/03/vote.jpg" style="width: 280px; height: 117px;" /></h3>\r\n\r\n<h2 style="margin: 20px 0px 10px; padding: 18px 0px 10px 20px; outline: none; border-width: 10px 0px 1px; border-top-style: solid; border-bottom-style: dotted; border-top-color: rgb(255, 196, 37); border-bottom-color: rgb(0, 73, 144); font-family: proxima-nova-condensed, proxima-nova, ''Proxima Nova'', HelveticaNeue, ''Helvetica Neue'', Helvetica, sans-serif; font-size: 1.875em; vertical-align: baseline; font-stretch: normal; line-height: 1em; color: rgb(0, 73, 144); min-height: 30px; background-image: url(http://www.ufcwaction.org/wp-content/themes/ufcw/images/bg_hdr.png); background-attachment: initial; background-size: initial; background-origin: initial; background-clip: initial; background-position: 0% 22px; background-repeat: no-repeat;">Protect Your Right to Vote. Be Heard. It&rsquo;s Your Right.</h2>\r\n\r\n<p style="margin: 5px 0px; padding: 0px; border: 0px; font-size: 14px; vertical-align: baseline; color: rgb(119, 119, 119); font-family: ''Open Sans'', Helvetica, Arial, sans-serif; line-height: 24.8888893127441px;">Voting is one way that all U.S. citizens over 18 can speak up. Register to vote thru your Union. Keep up on what is going on politically. Cast your vote for those who support your stand on important issues. By supporting those who support the working people, you gain a voice within the local, state and federal government.</p>\r\n\r\n<div style="margin: 0px; padding: 0px; border: 0px; font-size: 14px; vertical-align: baseline; color: rgb(119, 119, 119); font-family: ''Open Sans'', Helvetica, Arial, sans-serif; line-height: 24.8888893127441px;">\r\n<p style="margin: 5px 0px; padding: 0px; border: 0px; vertical-align: baseline;">The strength of our democracy depends on the willingness of our citizens to help choose the people who will lead us, and to make our voices heard on issues of importance to the future of our state and nation. Whether you have never voted in the United States before or are an experienced voter who has moved to California from another state, the information on this website is designed to make voting a rewarding experience for you. Here, you will find the tools and information you need to register to vote, sign up to vote by mail, locate your polling place, prepare to vote there for the first time.</p>\r\n</div>\r\n', '', '2015-03-23 13:03:55', '18.4', 4, '', '', '', '', '', 0, 0),
(569, 'Support Union Shops', '<div id="hdr" style="font-family: inherit; font-style: inherit; font-weight: inherit; line-height: 20.7999992370605px; margin: 0px 0px 10px; padding: 10px; outline: none; border-width: 10px 0px 0px; border-top-style: solid; border-top-color: rgb(0, 37, 87); font-size: 16px; vertical-align: baseline; overflow: hidden; background: rgb(0, 73, 144);">\r\n<header class="wrapper" id="hdr-content" style="margin: 0px auto; padding: 0px; outline: none; max-width: 980px;">\r\n<h1 class="pagetitle" style="line-height: 1em; margin: 0px 12px 0px 0px; padding: 0px; outline: none; border: 0px; font-family: proxima-nova-condensed, proxima-nova, ''Proxima Nova'', HelveticaNeue, ''Helvetica Neue'', Helvetica, sans-serif; font-size: 1.875em; vertical-align: baseline; font-stretch: normal; color: rgb(255, 255, 255); float: left;">Shop Union</h1>\r\n</header>\r\n</div>\r\n\r\n<div class="post" style="font-family: inherit; font-style: inherit; font-weight: inherit; line-height: 20.7999992370605px; margin: 0px; padding: 0px; outline: none; border: 0px; font-size: 16px; vertical-align: baseline;">\r\n<div class="entry" style="margin: 0px 0px 1.5em; padding: 0px 0px 1.5em; outline: none; border: 0px; font-family: inherit; font-style: inherit; vertical-align: baseline;">\r\n<h2 style="line-height: 1em; margin: 20px 0px 10px; padding: 18px 0px 10px 20px; outline: none; border-width: 10px 0px 1px; border-top-style: solid; border-bottom-style: dotted; border-top-color: rgb(255, 196, 37); border-bottom-color: rgb(0, 73, 144); font-family: proxima-nova-condensed, proxima-nova, ''Proxima Nova'', HelveticaNeue, ''Helvetica Neue'', Helvetica, sans-serif; font-size: 1.875em; vertical-align: baseline; font-stretch: normal; color: rgb(0, 73, 144); min-height: 30px; background-image: url(http://www.ufcw.org/wp-content/themes/ufcw/images/bg_hdr.png); background-attachment: initial; background-size: initial; background-origin: initial; background-clip: initial; background-position: 0% 22px; background-repeat: no-repeat;">Work Union. Shop Union. Stronger Communities</h2>\r\n</div>\r\n</div>\r\n\r\n<p style="margin: 5px 0px; padding: 0px; border: 0px; font-size: 14px; vertical-align: baseline; color: rgb(119, 119, 119); font-family: ''Open Sans'', Helvetica, Arial, sans-serif; line-height: 24.8888893127441px;"><a href="http://ufcw648.org/shop-union/">The following is a list of UFCW 648 Union workplaces</a>. When you choose to patronize a union workplace, you are making&nbsp;<a href="http://ufcw648.org/wp-content/uploads/2014/03/9774249_1.jpg" style="margin: 0px; padding: 0px; border: 0px; vertical-align: baseline; color: rgb(56, 56, 56); text-decoration: none;"><img alt="9774249_1" class="alignright  wp-image-149" height="202" src="http://ufcw648.org/wp-content/uploads/2014/03/9774249_1-300x252.jpg" style="margin: 5px 0px 15px 15px; padding: 0px; border: 0px; vertical-align: bottom; max-width: 100%; height: auto; float: right;" width="240" /></a>a&nbsp;choice to support your community and a better quality of life for the people who live there. By having a voice in the workplace, union members can improve working conditions for ourselves and the people we serve every day.</p>\r\n\r\n<p style="margin: 5px 0px; padding: 0px; border: 0px; font-size: 14px; vertical-align: baseline; color: rgb(119, 119, 119); font-family: ''Open Sans'', Helvetica, Arial, sans-serif; line-height: 24.8888893127441px;"><strong style="margin: 0px; padding: 0px; border: 0px; vertical-align: baseline;">Grocery and Meat</strong><br />\r\n<strong style="margin: 0px; padding: 0px; border: 0px; vertical-align: baseline;">Retail</strong><br />\r\n<strong style="margin: 0px; padding: 0px; border: 0px; vertical-align: baseline;">Health Care</strong><br />\r\n<strong style="margin: 0px; padding: 0px; border: 0px; vertical-align: baseline;">Other Industries</strong></p>\r\n\r\n<h3 style="margin: 0px; padding: 10px 0px; border: 0px; font-size: 22px; vertical-align: baseline; clear: both; color: rgb(51, 51, 50); line-height: 1.6; font-family: ''Open Sans'', Helvetica, Arial, sans-serif;">Why Patronizing Union Matters</h3>\r\n\r\n<p style="margin: 5px 0px; padding: 0px; border: 0px; font-size: 14px; vertical-align: baseline; color: rgb(119, 119, 119); font-family: ''Open Sans'', Helvetica, Arial, sans-serif; line-height: 24.8888893127441px;">Union members, on average get paid more in wages, get better health benefits, vacation, sick leave and retirement plan than non-union members. And union members have a contract with their employer that helps protects them from favoritism and unjust treatment on the job.<br />\r\nAs a customer or patient, where you choose to spend your money and get your health care sends a message. <a href="http://ufcw648.org/shop-union/">Thank you for choosing a union workplace when shopping</a>. It makes a difference!</p>\r\n', '', '2015-03-23 13:08:29', '18.5', 4, '', '', '', '', '', 0, 0),
(570, 'Health and Welfare ', '<p>&nbsp;</p>\r\n\r\n<p><a href="http://ufcwtrust.com"><img alt="" src="http://ufcw5.org/wp-content/uploads/2015/01/UFCW-Trust.png" style="width: 300px; height: 87px;" /></a></p>\r\n\r\n<div id="hdr" style="font-family: inherit; font-style: inherit; font-weight: inherit; line-height: 20.7999992370605px; margin: 0px 0px 10px; padding: 10px; outline: none; border-width: 10px 0px 0px; border-top-style: solid; border-top-color: rgb(0, 37, 87); font-size: 16px; vertical-align: baseline; overflow: hidden; background: rgb(0, 73, 144);">\r\n<header class="wrapper" id="hdr-content" style="margin: 0px auto; padding: 0px; outline: none; max-width: 980px;">\r\n<h1 class="pagetitle" style="line-height: 1em; margin: 0px 12px 0px 0px; padding: 0px; outline: none; border: 0px; font-family: proxima-nova-condensed, proxima-nova, ''Proxima Nova'', HelveticaNeue, ''Helvetica Neue'', Helvetica, sans-serif; font-size: 1.875em; vertical-align: baseline; font-stretch: normal; color: rgb(255, 255, 255); float: left;">Health and Welfare</h1>\r\n</header>\r\n</div>\r\n\r\n<div class="post" style="font-family: inherit; font-style: inherit; font-weight: inherit; line-height: 20.7999992370605px; margin: 0px; padding: 0px; outline: none; border: 0px; font-size: 16px; vertical-align: baseline;">\r\n<div class="entry" style="margin: 0px 0px 1.5em; padding: 0px 0px 1.5em; outline: none; border: 0px; font-family: inherit; font-style: inherit; vertical-align: baseline;">\r\n<p style="margin: 5px 0px; padding: 0px; border: 0px; font-size: 14px; vertical-align: baseline; color: rgb(119, 119, 119); font-family: ''Open Sans'', Helvetica, Arial, sans-serif; line-height: 24.8888893127441px;">As a Union member, you may be eligible for benefits provided through the UFCW Trust Funds. &nbsp;There are different eligibility requirements depending on which benefit program you fall under. &nbsp;Your eligible dependents may also be covered as they meet the Fund requirements for eligibility. &nbsp;The Trust Funds provides Health &amp; Welfare benefits including medical, prescription drug, dental, vision, chiropractic, mental health, pension, death benefits &amp; cobra continuation of benefits.</p>\r\n\r\n<p style="margin: 5px 0px; padding: 0px; border: 0px; font-size: 14px; vertical-align: baseline; color: rgb(119, 119, 119); font-family: ''Open Sans'', Helvetica, Arial, sans-serif; line-height: 24.8888893127441px;">Health Benefits or Pension information are only available in person or by telephone. For more information, please visit our office or contact Cynthia at: 415-861-7840.</p>\r\n\r\n<p style="margin: 5px 0px; padding: 0px; border: 0px; font-size: 14px; vertical-align: baseline; color: rgb(119, 119, 119); font-family: ''Open Sans'', Helvetica, Arial, sans-serif; line-height: 24.8888893127441px;">&nbsp;</p>\r\n\r\n<p style="margin: 5px 0px; padding: 0px; border: 0px; font-size: 14px; vertical-align: baseline; color: rgb(119, 119, 119); font-family: ''Open Sans'', Helvetica, Arial, sans-serif; line-height: 24.8888893127441px;"><span style="margin: 0px; padding: 0px; border: 0px; vertical-align: baseline; text-decoration: underline;"><strong style="margin: 0px; padding: 0px; border: 0px; vertical-align: baseline;"><img alt="_DSC0032" class="alignleft size-medium wp-image-491" src="http://ufcw648.org/wp-content/uploads/2014/04/DSC0032-300x199.jpg" style="margin: 0px 15px 15px 0px; padding: 0px; border: 0px; vertical-align: bottom; max-width: 100%; height: 186px; float: left; width: 280px;" /></strong></span></p>\r\n\r\n<p style="margin: 5px 0px; padding: 0px; border: 0px; font-size: 14px; vertical-align: baseline; color: rgb(119, 119, 119); font-family: ''Open Sans'', Helvetica, Arial, sans-serif; line-height: 24.8888893127441px;">&nbsp;</p>\r\n\r\n<p style="margin: 5px 0px; padding: 0px; border: 0px; font-size: 14px; vertical-align: baseline; color: rgb(119, 119, 119); font-family: ''Open Sans'', Helvetica, Arial, sans-serif; line-height: 24.8888893127441px;"><span style="margin: 0px; padding: 0px; border: 0px; vertical-align: baseline; text-decoration: underline;"><strong style="margin: 0px; padding: 0px; border: 0px; vertical-align: baseline;">Insurance Representative:</strong></span></p>\r\n\r\n<p style="margin: 5px 0px; padding: 0px; border: 0px; font-size: 14px; vertical-align: baseline; color: rgb(119, 119, 119); font-family: ''Open Sans'', Helvetica, Arial, sans-serif; line-height: 24.8888893127441px;">Cynthia Salazar&nbsp;is your liaison to the UFCW Benefits Fund Office.</p>\r\n</div>\r\n</div>\r\n\r\n<p style="margin: 5px 0px; padding: 0px; border: 0px; font-size: 14px; vertical-align: baseline; color: rgb(119, 119, 119); font-family: ''Open Sans'', Helvetica, Arial, sans-serif; line-height: 24.8888893127441px;">&nbsp;</p>\r\n', '', '2015-03-23 13:17:36', '19.1', 4, '', '', '', '', '', 0, 0),
(571, 'Scholarship Information', '<h3 id="page-title" style="margin: 0px; padding: 10px 0px; border: 0px; font-size: 22px; vertical-align: baseline; clear: both; color: rgb(51, 51, 50); line-height: 1.6; font-family: ''Open Sans'', Helvetica, Arial, sans-serif;">Scholarship Opportunities for UFCW 648 Members and Their Dependents</h3>\r\n\r\n<div style="margin: 0px; padding: 0px; border: 0px; font-size: 14px; vertical-align: baseline; color: rgb(119, 119, 119); font-family: ''Open Sans'', Helvetica, Arial, sans-serif; line-height: 24.8888893127441px;">&nbsp;</div>\r\n\r\n<div style="margin: 0px; padding: 0px; border: 0px; font-size: 14px; vertical-align: baseline; color: rgb(119, 119, 119); font-family: ''Open Sans'', Helvetica, Arial, sans-serif; line-height: 24.8888893127441px;">\r\n<div style="margin: 0px; padding: 0px; border: 0px; vertical-align: baseline;">\r\n<div id="block-system-main" style="margin: 0px; padding: 0px; border: 0px; vertical-align: baseline;">\r\n<div style="margin: 0px; padding: 0px; border: 0px; vertical-align: baseline;">\r\n<div id="node-12" style="margin: 0px; padding: 0px; border: 0px; vertical-align: baseline;">\r\n<div style="margin: 0px; padding: 0px; border: 0px; vertical-align: baseline;">\r\n<div style="margin: 0px; padding: 0px; border: 0px; vertical-align: baseline;">\r\n<div style="margin: 0px; padding: 0px; border: 0px; vertical-align: baseline;">\r\n<div style="margin: 0px; padding: 0px; border: 0px; vertical-align: baseline;">\r\n<p style="margin: 5px 0px; padding: 0px; border: 0px; vertical-align: baseline;">&nbsp;<img alt="Scholarship" height="107" src="http://www.ufcw770.org/sites/default/files/scholarships.jpg" style="margin: 0px; padding: 0px; border: 0px; vertical-align: bottom; max-width: 100%; height: auto;" width="204" /></p>\r\n\r\n<p style="margin: 5px 0px; padding: 0px; border: 0px; vertical-align: baseline;">1.&nbsp;<strong style="margin: 0px; padding: 0px; border: 0px; vertical-align: baseline;">UFCW International Scholarship</strong>: Each year the UFCW International Union awards several scholarships of up to $8,000 each to UFCW members or their dependents.&nbsp;</p>\r\n\r\n<p style="margin: 5px 0px; padding: 0px; border: 0px; vertical-align: baseline;"><span style="margin: 0px; padding: 0px; border: 0px; vertical-align: baseline; color: rgb(51, 102, 255);"><a href="http://www.ufcw.org/about/opportunities/scholarship/procedures/apply-online/" style="margin: 0px; padding: 0px; border: 0px; vertical-align: baseline; color: rgb(56, 56, 56); text-decoration: none;" target="_blank"><span style="margin: 0px; padding: 0px; border: 0px; vertical-align: baseline; color: rgb(51, 102, 255);"><span style="margin: 0px; padding: 0px; border: 0px; vertical-align: baseline; color: rgb(0, 0, 255);">Visit http://www.ufcw.org/about/opportunities/scholarship/&nbsp;</span></span></a><span style="margin: 0px; padding: 0px; border: 0px; vertical-align: baseline; color: rgb(128, 128, 128);"><span style="margin: 0px; padding: 0px; border: 0px; vertical-align: baseline; color: rgb(102, 102, 153);">for more information.</span>&nbsp;&nbsp;</span></span></p>\r\n\r\n<p style="margin: 5px 0px; padding: 0px; border: 0px; vertical-align: baseline;"><span style="margin: 0px; padding: 0px; border: 0px; vertical-align: baseline; color: rgb(0, 0, 255);"><a href="http://ufcw648.org/wp-content/uploads/2014/12/International_Scholarship_2015_English.pdf" style="margin: 0px; padding: 0px; border: 0px; vertical-align: baseline; color: rgb(0, 0, 255); text-decoration: none;">International Scholarship 2015 (English)</a></span></p>\r\n\r\n<p style="margin: 5px 0px; padding: 0px; border: 0px; vertical-align: baseline;"><a href="http://ufcw648.org/wp-content/uploads/2014/12/International_Scholarship_2015-2_Spanish.pdf" style="margin: 0px; padding: 0px; border: 0px; vertical-align: baseline; color: rgb(56, 56, 56); text-decoration: none;"><span style="margin: 0px; padding: 0px; border: 0px; vertical-align: baseline; color: rgb(0, 0, 255);">International Scholarship 2015 (Spanish</span>)</a></p>\r\n\r\n<p style="margin: 5px 0px; padding: 0px; border: 0px; vertical-align: baseline;">2.&nbsp;<strong style="margin: 0px; padding: 0px; border: 0px; vertical-align: baseline;">Union Plus Scholarship</strong>: Union members and their children are eligible for $500 &ndash; $4,000 scholarships for college graduate and undergraduate programs. Since 1992, Union Plus has awarded over $2.4 million in scholarships to union members and their families. Learn more and apply for the Union Plus Scholarship here.&nbsp;<span style="margin: 0px; padding: 0px; border: 0px; vertical-align: baseline; color: rgb(51, 102, 255);"><a href="http://www.unionplus.org/college-education-financing/union-plus-scholarship" style="margin: 0px; padding: 0px; border: 0px; vertical-align: baseline; color: rgb(56, 56, 56); text-decoration: none;" target="_blank"><span style="margin: 0px; padding: 0px; border: 0px; vertical-align: baseline; color: rgb(51, 102, 255);">Click here for more information</span></a></span></p>\r\n</div>\r', '', '2015-03-17 12:28:30', '19.2', 4, '', '', '', '', '', 0, 0),
(572, '', '<p style="margin: 5px 0px; padding: 0px; border: 0px; font-size: 14px; vertical-align: baseline; color: rgb(119, 119, 119); font-family: ''Open Sans'', Helvetica, Arial, sans-serif; line-height: 22.3999996185303px;"><img alt="" class="wp-image-489 aligncenter" src="http://fajjemobile.info/ufcwunitedlatinos.org/wp-content/uploads/2013/04/862687_592774410750016_136361103_n3.jpg" style="margin: 0px auto; padding: 0px; border: 0px; vertical-align: bottom; height: 200px; display: block; width: 280px;" title="Latinos in Action 2013" /></p>\r\n\r\n<div id="hdr" style="margin: 0px 0px 10px; padding: 10px; outline: none; border-width: 10px 0px 0px; border-top-style: solid; border-top-color: rgb(0, 37, 87); vertical-align: baseline; overflow: hidden; background: rgb(0, 73, 144);">\r\n<header class="wrapper" id="hdr-content" style="margin: 0px auto; padding: 0px; outline: none; max-width: 980px;"><font color="#ffffff" face="proxima-nova-condensed, proxima-nova, Proxima Nova, HelveticaNeue, Helvetica Neue, Helvetica, sans-serif"><span style="font-size: 30px; line-height: 30px;">United Latinos of UFCW</span></font></header>\r\n</div>\r\n\r\n<div class="post" style="margin: 0px; padding: 0px; outline: none; border: 0px; font-family: proxima-nova, ''Proxima Nova'', HelveticaNeue, ''Helvetica Neue'', Helvetica, sans-serif; font-size: 16px; vertical-align: baseline; color: rgb(102, 102, 102); line-height: normal;">\r\n<div class="entry" style="margin: 0px 0px 1.5em; padding: 0px 0px 1.5em; outline: none; border: 0px; font-family: inherit; font-style: inherit; vertical-align: baseline;">\r\n<h2 style="margin: 20px 0px 10px; padding: 18px 0px 10px 20px; outline: none; border-width: 10px 0px 1px; border-top-style: solid; border-bottom-style: dotted; border-top-color: rgb(255, 196, 37); border-bottom-color: rgb(0, 73, 144); font-family: proxima-nova-condensed, proxima-nova, ''Proxima Nova'', HelveticaNeue, ''Helvetica Neue'', Helvetica, sans-serif; font-size: 1.875em; vertical-align: baseline; font-stretch: normal; line-height: 1em; color: rgb(0, 73, 144); min-height: 30px; background: url(http://www.ufcw.org/wp-content/themes/ufcw/images/bg_hdr.png) 0% 22px no-repeat;"><em>Working Toward Latino Empowerment and Building Latino Pride!</em></h2>\r\n</div>\r\n</div>\r\n\r\n<p style="margin: 5px 0px; padding: 0px; border: 0px; font-size: 14px; vertical-align: baseline; color: rgb(119, 119, 119); font-family: ''Open Sans'', Helvetica, Arial, sans-serif; line-height: 22.3999996185303px;"><strong style="margin: 0px; padding: 0px; border: 0px; vertical-align: baseline;">The United Latinos of the United Food and Commercial Workers Union (UFCW) is an organization of men and women who have joined together to promote the issues and pursue interests important to Latino workers.</strong></p>\r\n\r\n<p style="margin: 5px 0px; padding: 0px; border: 0px; font-size: 14px; vertical-align: baseline; color: rgb(119, 119, 119); font-family: ''Open Sans'', Helvetica, Arial, sans-serif; line-height: 22.3999996185303px;"><strong style="margin: 0px; padding: 0px; border: 0px; vertical-align: baseline;">&ldquo;Working Toward Latino Empowerment and Building Latino Pride!&rdquo; We have a simple but powerful purpose of empowering Latino men and women within the UFCW and within our communities. We are also building Latino pride which will help others better understand our cultural differences. Our diversity will help make our organization and our society stronger. The United Latinos will help teach others that through UFCW membership, there is a better way of life that includes wages, health benefits, pensions, job security and dignity.</strong></p>\r\n', '', '2015-03-25 18:27:46', '32.1', 2, '', '', '', '', '', 0, 0),
(573, '', '<p><img alt="" src="http://www.ufcwunitedlatinos.org/wp-content/uploads/2015/03/Screen-Shot-2015-03-21-at-9.33.16-AM.png" style="width: 280px; height: 152px;" /></p>\r\n\r\n<div id="hdr" style="margin: 0px 0px 10px; padding: 10px; outline: none; border-width: 10px 0px 0px; border-top-style: solid; border-top-color: rgb(0, 37, 87); vertical-align: baseline; overflow: hidden; background: rgb(0, 73, 144);">\r\n<header class="wrapper" id="hdr-content" style="margin: 0px auto; padding: 0px; outline: none; max-width: 980px;"><font color="#ffffff" face="proxima-nova-condensed, proxima-nova, Proxima Nova, HelveticaNeue, Helvetica Neue, Helvetica, sans-serif"><span style="font-size: 30px; line-height: 30px;">United Latinos of UFCW</span></font></header>\r\n</div>\r\n\r\n<div class="post" style="margin: 0px; padding: 0px; outline: none; border: 0px; font-family: proxima-nova, ''Proxima Nova'', HelveticaNeue, ''Helvetica Neue'', Helvetica, sans-serif; font-size: 16px; vertical-align: baseline; color: rgb(102, 102, 102); line-height: normal;">\r\n<div class="entry" style="margin: 0px 0px 1.5em; padding: 0px 0px 1.5em; outline: none; border: 0px; font-family: inherit; font-style: inherit; vertical-align: baseline;">\r\n<h2 style="line-height: 1em; margin: 20px 0px 10px; padding: 18px 0px 10px 20px; outline: none; border-width: 10px 0px 1px; border-top-style: solid; border-bottom-style: dotted; border-top-color: rgb(255, 196, 37); border-bottom-color: rgb(0, 73, 144); font-family: proxima-nova-condensed, proxima-nova, ''Proxima Nova'', HelveticaNeue, ''Helvetica Neue'', Helvetica, sans-serif; font-size: 1.875em; vertical-align: baseline; font-stretch: normal; color: rgb(0, 73, 144); min-height: 30px; background: url(http://www.ufcw.org/wp-content/themes/ufcw/images/bg_hdr.png) 0% 22px no-repeat;"><em>Empowering Latino men and women in the UFCW and within our&nbsp;communities</em></h2>\r\n</div>\r\n</div>\r\n\r\n<p><strong>Our goal is to empower Latino men, women and children through:</strong></p>\r\n\r\n<ul>\r\n	<li><strong>Political Participation</strong></li>\r\n	<li><strong>Education</strong></li>\r\n	<li><strong>Community Involvement</strong></li>\r\n	<li><strong>Solidarity of Union Membership</strong></li>\r\n</ul>\r\n\r\n<p><strong>The Latino population is growing fast. It is predicted that in 50 years one in every four Americans will be Latino. More Latinos vote in elections today. The Latino vote is a powerful and exciting phenomenon in American politics. As Latinos are empowered we will have our place in main stream&nbsp;America&nbsp;and share in the American Dream. When we empower Latino workers we empower our great union and we empower our community. Through outreach programs, the United Latinos builds partnerships with community groups also working to&nbsp;improve the rights and lives of Latino men and women.</strong></p>\r\n', '', '2015-03-25 18:39:33', '32.2', 2, '', '', '', '', '', 0, 0),
(574, '', '<p><img alt="" src="http://www.ufcwunitedlatinos.org/wp-content/uploads/2014/12/imm1.png" style="width: 280px; height: 200px;" />&nbsp;</p>\r\n\r\n<div id="hdr" style="line-height: 20.7999992370605px; margin: 0px 0px 10px; padding: 10px; outline: none; border-width: 10px 0px 0px; border-top-style: solid; border-top-color: rgb(0, 37, 87); vertical-align: baseline; overflow: hidden; background: rgb(0, 73, 144);">\r\n<header class="wrapper" id="hdr-content" style="margin: 0px auto; padding: 0px; outline: none; max-width: 980px;"><font color="#ffffff" face="proxima-nova-condensed, proxima-nova, Proxima Nova, HelveticaNeue, Helvetica Neue, Helvetica, sans-serif"><span style="font-size: 30px; line-height: 30px;">United Latinos of UFCW</span></font></header>\r\n</div>\r\n\r\n<div class="post" style="margin: 0px; padding: 0px; outline: none; border: 0px; font-family: proxima-nova, ''Proxima Nova'', HelveticaNeue, ''Helvetica Neue'', Helvetica, sans-serif; font-size: 16px; vertical-align: baseline; color: rgb(102, 102, 102); line-height: normal;">\r\n<div class="entry" style="margin: 0px 0px 1.5em; padding: 0px 0px 1.5em; outline: none; border: 0px; font-family: inherit; font-style: inherit; vertical-align: baseline;">\r\n<h2 style="line-height: 1em; margin: 20px 0px 10px; padding: 18px 0px 10px 20px; outline: none; border-width: 10px 0px 1px; border-top-style: solid; border-bottom-style: dotted; border-top-color: rgb(255, 196, 37); border-bottom-color: rgb(0, 73, 144); font-family: proxima-nova-condensed, proxima-nova, ''Proxima Nova'', HelveticaNeue, ''Helvetica Neue'', Helvetica, sans-serif; font-size: 1.875em; vertical-align: baseline; font-stretch: normal; color: rgb(0, 73, 144); min-height: 30px; background: url(http://www.ufcw.org/wp-content/themes/ufcw/images/bg_hdr.png) 0% 22px no-repeat;"><em>Latino men and women have much to offer to the UFCW, its Locals and the Labor Movement</em></h2>\r\n</div>\r\n</div>\r\n\r\n<p>There is significant value in our diversity when it is seen as an asset. We know that it is natural to fear the unknown so we propose&nbsp;to educate those around us about our various Latino cultures. We have much to offer and are proud to share what we are and what&nbsp;we know, especially when it helps reach and empower Latinos. The ultimate goal of United Latinos is to be an asset and a resource to&nbsp;the UFCW, its Locals and to the Labor Movement. By working together we will help make the UFCW the very best.</p>\r\n', '', '2015-03-25 18:30:17', '32.3', 2, '', '', '', '', '', 0, 0);
INSERT INTO `news` (`news_id`, `title`, `description`, `file`, `time_cone`, `category`, `app_id`, `facebook`, `twitter`, `google`, `pinterest`, `social`, `order`, `published`) VALUES
(575, '', '<p>&nbsp;</p>\r\n\r\n<p><img alt="" src="http://www.ufcwunitedlatinos.org/wp-content/uploads/2014/11/posters.png" style="width: 280px; height: 363px;" /></p>\r\n\r\n<div id="hdr" style="line-height: 20.7999992370605px; margin: 0px 0px 10px; padding: 10px; outline: none; border-width: 10px 0px 0px; border-top-style: solid; border-top-color: rgb(0, 37, 87); vertical-align: baseline; overflow: hidden; background: rgb(0, 73, 144);">\r\n<header class="wrapper" id="hdr-content" style="margin: 0px auto; padding: 0px; outline: none; max-width: 980px;"><font color="#ffffff" face="proxima-nova-condensed, proxima-nova, Proxima Nova, HelveticaNeue, Helvetica Neue, Helvetica, sans-serif"><span style="font-size: 30px; line-height: 30px;">United Latinos of UFCW</span></font></header>\r\n</div>\r\n\r\n<div class="post" style="margin: 0px; padding: 0px; outline: none; border: 0px; font-family: proxima-nova, ''Proxima Nova'', HelveticaNeue, ''Helvetica Neue'', Helvetica, sans-serif; font-size: 16px; vertical-align: baseline; color: rgb(102, 102, 102); line-height: normal;">\r\n<div class="entry" style="margin: 0px 0px 1.5em; padding: 0px 0px 1.5em; outline: none; border: 0px; font-family: inherit; font-style: inherit; vertical-align: baseline;">\r\n<h2 style="line-height: 1em; margin: 20px 0px 10px; padding: 18px 0px 10px 20px; outline: none; border-width: 10px 0px 1px; border-top-style: solid; border-bottom-style: dotted; border-top-color: rgb(255, 196, 37); border-bottom-color: rgb(0, 73, 144); font-family: proxima-nova-condensed, proxima-nova, ''Proxima Nova'', HelveticaNeue, ''Helvetica Neue'', Helvetica, sans-serif; font-size: 1.875em; vertical-align: baseline; font-stretch: normal; color: rgb(0, 73, 144); min-height: 30px; background: url(http://www.ufcw.org/wp-content/themes/ufcw/images/bg_hdr.png) 0% 22px no-repeat;"><em>We are here to help!</em></h2>\r\n</div>\r\n</div>\r\n\r\n<div>United Latinos will assist UFCW Regions, Local Unions and other&nbsp;organzsations in their efforts to communicate, organize and servicing Latino members. We help with basic Spanish translations, Spanish&nbsp;press conferences and rallies, organizing (blitz and campaigns), immigration issues, help in training programs for Latino workers, voter registration, GOTV, electing candidates etc.</div>\r\n\r\n<div>&nbsp;</div>\r\n\r\n<div>The United Latinos&nbsp;is the face and the voice of the UFCW when we need to reach Latino working men&nbsp;and women.</div>\r\n', '', '2015-03-25 18:27:27', '32.4', 2, '', '', '', '', '', 0, 0),
(576, '', '<p>&nbsp;</p>\r\n\r\n<p><img alt="" src="http://www.ufcwunitedlatinos.org/wp-content/uploads/2014/11/Voice-on-the-Job.png" style="width: 323px; height: 157px;" /></p>\r\n\r\n<div id="hdr" style="line-height: 20.7999992370605px; margin: 0px 0px 10px; padding: 10px; outline: none; border-width: 10px 0px 0px; border-top-style: solid; border-top-color: rgb(0, 37, 87); vertical-align: baseline; overflow: hidden; background: rgb(0, 73, 144);">\r\n<header class="wrapper" id="hdr-content" style="margin: 0px auto; padding: 0px; outline: none; max-width: 980px;"><font color="#ffffff" face="proxima-nova-condensed, proxima-nova, Proxima Nova, HelveticaNeue, Helvetica Neue, Helvetica, sans-serif"><span style="font-size: 30px; line-height: 30px;">United Latinos of UFCW</span></font></header>\r\n</div>\r\n\r\n<div class="post" style="margin: 0px; padding: 0px; outline: none; border: 0px; font-family: proxima-nova, ''Proxima Nova'', HelveticaNeue, ''Helvetica Neue'', Helvetica, sans-serif; font-size: 16px; vertical-align: baseline; color: rgb(102, 102, 102); line-height: normal;">\r\n<div class="entry" style="margin: 0px 0px 1.5em; padding: 0px 0px 1.5em; outline: none; border: 0px; font-family: inherit; font-style: inherit; vertical-align: baseline;">\r\n<h2 style="line-height: 1em; margin: 20px 0px 10px; padding: 18px 0px 10px 20px; outline: none; border-width: 10px 0px 1px; border-top-style: solid; border-bottom-style: dotted; border-top-color: rgb(255, 196, 37); border-bottom-color: rgb(0, 73, 144); font-family: proxima-nova-condensed, proxima-nova, ''Proxima Nova'', HelveticaNeue, ''Helvetica Neue'', Helvetica, sans-serif; font-size: 1.875em; vertical-align: baseline; font-stretch: normal; color: rgb(0, 73, 144); min-height: 30px; background: url(http://www.ufcw.org/wp-content/themes/ufcw/images/bg_hdr.png) 0% 22px no-repeat;"><em>Join Us!</em></h2>\r\n</div>\r\n</div>\r\n\r\n<p>To join The United Latinos of UFCW you can download and complete<br />\r\na membership application in <a href="http://fajjemobile.info/ufcwunitedlatinos.org/wp-content/uploads/2014/03/UL_App_Enlg-Sept-2014.pdf" rel="nofollow" target="_blank">English (click here)</a> or in <a href="http://http://www.ufcwunitedlatinos.org/signup/" rel="nofollow" target="_blank">Spanish (click </a><br />\r\n<a href="http://http://www.ufcwunitedlatinos.org/signup/" rel="nofollow" target="_blank">here)</a>&nbsp;or <a href="https://securedufcwpayment.wufoo.com/forms/k6wybd50b6qxpw/"><strong>CLICK HERE</strong></a>. Return it with your annual dues payment to the address listed<br />\r\non the application. Local Unions,&nbsp; providers and friends of the UFCW<br />\r\ncan also participate by becoming a Sponsor of United Latinos by<br />\r\nmaking an annual contribution. These moneys enable us to work<br />\r\ntoward our goals of Latino Empowerment and Building Latino Pride.<br />\r\n<br />\r\n<b>We look forward to your membership and support!</b></p>\r\n', '', '2015-03-25 18:42:27', '32.5', 2, '', '', '', '', '', 0, 0),
(577, '', '<p>&nbsp;</p>\r\n\r\n<div id="hdr" style="line-height: 20.7999992370605px; margin: 0px 0px 10px; padding: 10px; outline: none; border-width: 10px 0px 0px; border-top-style: solid; border-top-color: rgb(0, 37, 87); vertical-align: baseline; overflow: hidden; background: rgb(0, 73, 144);">\r\n<header class="wrapper" id="hdr-content" style="margin: 0px auto; padding: 0px; outline: none; max-width: 980px;"><font color="#ffffff" face="proxima-nova-condensed, proxima-nova, Proxima Nova, HelveticaNeue, Helvetica Neue, Helvetica, sans-serif"><span style="font-size: 30px; line-height: 30px;">United Latinos of UFCW</span></font></header>\r\n</div>\r\n\r\n<div class="post" style="margin: 0px; padding: 0px; outline: none; border: 0px; font-family: proxima-nova, ''Proxima Nova'', HelveticaNeue, ''Helvetica Neue'', Helvetica, sans-serif; font-size: 16px; vertical-align: baseline; color: rgb(102, 102, 102); line-height: normal;">\r\n<div class="entry" style="margin: 0px 0px 1.5em; padding: 0px 0px 1.5em; outline: none; border: 0px; font-family: inherit; font-style: inherit; vertical-align: baseline;">\r\n<h2 style="line-height: 1em; margin: 20px 0px 10px; padding: 18px 0px 10px 20px; outline: none; border-width: 10px 0px 1px; border-top-style: solid; border-bottom-style: dotted; border-top-color: rgb(255, 196, 37); border-bottom-color: rgb(0, 73, 144); font-family: proxima-nova-condensed, proxima-nova, ''Proxima Nova'', HelveticaNeue, ''Helvetica Neue'', Helvetica, sans-serif; font-size: 1.875em; vertical-align: baseline; font-stretch: normal; color: rgb(0, 73, 144); min-height: 30px; background: url(http://www.ufcw.org/wp-content/themes/ufcw/images/bg_hdr.png) 0% 22px no-repeat;"><em>Leadership and Executive Board</em></h2>\r\n</div>\r\n</div>\r\n\r\n<p><img alt="" src="http://www.ufcwunitedlatinos.org/wp-content/uploads/2015/03/Screen-Shot-2015-03-21-at-10.28.08-AM.png" style="width: 188px; height: 255px;" /></p>\r\n\r\n<p><img alt="" src="http://www.ufcwunitedlatinos.org/wp-content/uploads/2015/03/Screen-Shot-2015-03-21-at-10.28.21-AM.png" style="width: 188px; height: 254px;" /></p>\r\n\r\n<p>&nbsp;</p>\r\n\r\n<p><img alt="" src="http://www.ufcwunitedlatinos.org/wp-content/uploads/2015/03/Screen-Shot-2015-03-21-at-10.28.32-AM.png" style="width: 188px; height: 249px;" /></p>\r\n\r\n<p><img alt="" src="http://www.ufcwunitedlatinos.org/wp-content/uploads/2015/03/Screen-Shot-2015-03-21-at-10.28.42-AM.png" style="width: 188px; height: 235px;" /></p>\r\n', '', '2015-03-25 18:42:15', '32.6', 2, '', '', '', '', '', NULL, 0),
(578, 'Many Faces, One Voice', '<p><img alt="" src="http://www.ufcw.org/wp-content/uploads/2013/10/capitolsteps-300x225.jpg" style="width: 280px; height: 210px;" /></p>\r\n\r\n<div id="hdr" style="margin: 0px 0px 10px; padding: 10px; outline: none; border-width: 10px 0px 0px; border-top-style: solid; border-top-color: rgb(0, 37, 87); font-family: inherit; font-size: 16px; font-style: inherit; font-weight: inherit; vertical-align: baseline; overflow: hidden; background: rgb(0, 73, 144);">\r\n<header class="wrapper" id="hdr-content" style="margin: 0px auto; padding: 0px; outline: none; max-width: 980px;">\r\n<h1 class="pagetitle" style="margin: 0px 12px 0px 0px; padding: 0px; outline: none; border: 0px; font-family: proxima-nova-condensed, proxima-nova, ''Proxima Nova'', HelveticaNeue, ''Helvetica Neue'', Helvetica, sans-serif; font-size: 1.875em; vertical-align: baseline; font-stretch: normal; line-height: 1em; color: rgb(255, 255, 255); float: left;">United Latinos of UFCW</h1>\r\n</header>\r\n</div>\r\n\r\n<div class="post" style="margin: 0px; padding: 0px; outline: none; border: 0px; font-family: inherit; font-size: 16px; font-style: inherit; font-weight: inherit; vertical-align: baseline;">\r\n<div class="entry" style="margin: 0px 0px 1.5em; padding: 0px 0px 1.5em; outline: none; border: 0px; font-family: inherit; font-style: inherit; vertical-align: baseline;">\r\n<h2 style="margin: 20px 0px 10px; padding: 18px 0px 10px 20px; outline: none; border-width: 10px 0px 1px; border-top-style: solid; border-bottom-style: dotted; border-top-color: rgb(255, 196, 37); border-bottom-color: rgb(0, 73, 144); font-family: proxima-nova-condensed, proxima-nova, ''Proxima Nova'', HelveticaNeue, ''Helvetica Neue'', Helvetica, sans-serif; font-size: 1.875em; vertical-align: baseline; font-stretch: normal; line-height: 1em; color: rgb(0, 73, 144); min-height: 30px; background-image: url(http://www.ufcwaction.org/wp-content/themes/ufcw/images/bg_hdr.png); background-attachment: initial; background-size: initial; background-origin: initial; background-clip: initial; background-position: 0% 22px; background-repeat: no-repeat;">Political Priorities for the United Latinos</h2>\r\n\r\n<ul style="padding-right: 0px; overflow: hidden; color: rgb(119, 119, 119); font-family: ''Open Sans'', arial, sans-serif; line-height: 22px; margin: 5px 0px !important; padding-left: 5px !important; list-style-position: outside !important;">\r\n	<li style="margin: 3px 0px 0px !important; padding-top: 0px; padding-right: 0px; padding-bottom: 0px; padding-left: 20px !important; list-style: none !important; background: url(http://laborvote.weebly.com/files/theme/bullet.png?1413325694) 0px 9px no-repeat;">To increase political involvement among the latino membership of the various UFCW&nbsp;Unions<a href="http://www.afl-cio.org/" style="text-decoration: none; color: rgb(3, 112, 234);" target="mainFrame" title="">&nbsp;</a>across North America.</li>\r\n	<li style="margin: 3px 0px 0px !important; padding-top: 0px; padding-right: 0px; padding-bottom: 0px; padding-left: 20px !important; list-style: none !important; background: url(http://laborvote.weebly.com/files/theme/bullet.png?1413325694) 0px 9px no-repeat;">To inform and educate working Latinos by providing them information from various sources.</li>\r\n	<li style="margin: 3px 0px 0px !important; padding-top: 0px; padding-right: 0px; padding-bottom: 0px; padding-left: 20px !important; list-style: none !important; background: url(http://laborvote.weebly.com/files/theme/bullet.png?1413325694) 0px 9px no-repeat;">To create a resource for historical, current<a href="http://www.laborvote.com/current.htm" style="text-decoration: none; color: rgb(3, 112, 234);" target="mainFrame" title="">&nbsp;</a>and future<a href="http://www.laborvote.com/future.htm" style="text-decoration: none; color: rgb(3, 112, 234);" target="mainFrame" title="">&nbsp;</a>issues that directly and indirectly impact working Latino families.</li>\r\n	<li style="margin: 3px 0px 0px !important; padding-top: 0px; padding-right: 0px; padding-bottom: 0px; padding-left: 20px !important; list-style: none !important; background: url(http://laborvote.weebly.com/files/theme/bullet.png?1413325694) 0px 9px no-repeat;">To focus on issues that directly affect the lives of our Latino members, working families and residents of our&nbsp;communities.&nbsp;</li>\r\n	<li style="margin: 3px 0px 0px !important; padding-top: 0px; padding-right: 0px; padding-bottom: 0px; padding-left: 20px !important; list-style: none !important; background: url(http://laborvote.weebly.com/files/theme/bullet.png?1413325694) 0px 9px no-repeat;">To register to vote as many working Latino families as possible in an effort to support and further the causes of those who Labor for a living.</li>\r\n</ul>\r\n</div>\r\n</div>\r\n', '', '2015-03-23 09:38:03', '33.1', 2, '', '', '', '', '', 0, 0),
(579, 'Volunteer to Help', '<p><img alt="" src="http://www.ufcwunitedlatinos.org/wp-content/uploads/2014/05/10305046_10204010125637158_436701657232284301_n4.jpg" style="width: 280px; height: 165px;" /></p>\r\n\r\n<div id="hdr" style="margin: 0px 0px 10px; padding: 10px; outline: none; border-width: 10px 0px 0px; border-top-style: solid; border-top-color: rgb(0, 37, 87); font-family: inherit; font-size: 16px; font-style: inherit; font-weight: inherit; vertical-align: baseline; overflow: hidden; background: rgb(0, 73, 144);">\r\n<header class="wrapper" id="hdr-content" style="margin: 0px auto; padding: 0px; outline: none; max-width: 980px;">\r\n<h1 class="pagetitle" style="line-height: 1em; margin: 0px 12px 0px 0px; padding: 0px; outline: none; border: 0px; font-family: proxima-nova-condensed, proxima-nova, ''Proxima Nova'', HelveticaNeue, ''Helvetica Neue'', Helvetica, sans-serif; font-size: 1.875em; vertical-align: baseline; font-stretch: normal; color: rgb(255, 255, 255); float: left;">United Latinos of UFCW</h1>\r\n</header>\r\n</div>\r\n\r\n<div class="post" style="margin: 0px; padding: 0px; outline: none; border: 0px; font-family: inherit; font-size: 16px; font-style: inherit; font-weight: inherit; vertical-align: baseline;">\r\n<div class="entry" style="margin: 0px 0px 1.5em; padding: 0px 0px 1.5em; outline: none; border: 0px; font-family: inherit; font-style: inherit; vertical-align: baseline;">\r\n<h2 style="line-height: 1em; margin: 20px 0px 10px; padding: 18px 0px 10px 20px; outline: none; border-width: 10px 0px 1px; border-top-style: solid; border-bottom-style: dotted; border-top-color: rgb(255, 196, 37); border-bottom-color: rgb(0, 73, 144); font-family: proxima-nova-condensed, proxima-nova, ''Proxima Nova'', HelveticaNeue, ''Helvetica Neue'', Helvetica, sans-serif; font-size: 1.875em; vertical-align: baseline; font-stretch: normal; color: rgb(0, 73, 144); min-height: 30px; background-image: url(http://www.ufcwaction.org/wp-content/themes/ufcw/images/bg_hdr.png); background-attachment: initial; background-size: initial; background-origin: initial; background-clip: initial; background-position: 0% 22px; background-repeat: no-repeat;">We are here to help!</h2>\r\n\r\n<div><strong style="margin: 0px; padding: 0px; border: 0px; font-size: 14px; vertical-align: baseline; color: rgb(119, 119, 119); font-family: ''Open Sans'', Helvetica, Arial, sans-serif; line-height: 22.3999996185303px;">United Latinos will assist UFCW Regions, Local Unions and other organizations in their efforts to communicate, organize and servicing Latino members. We help with basic Spanish translations, Spanish press conferences and rallies, organizing (blitz and campaigns), immigration issues, help in training programs for Latino workers, voter registration, GOTV, electing candidates, etc.</strong></div>\r\n</div>\r\n</div>\r\n\r\n<p><strong style="margin: 0px; padding: 0px; border: 0px; font-size: 14px; vertical-align: baseline; color: rgb(119, 119, 119); font-family: ''Open Sans'', Helvetica, Arial, sans-serif; line-height: 22.3999996185303px;">The United Latinos is the face and the voice of the UFCW when we need to reach Latino working men and women.</strong></p>\r\n\r\n<p><strong style="margin: 0px; padding: 0px; border: 0px; font-size: 14px; vertical-align: baseline; color: rgb(119, 119, 119); font-family: ''Open Sans'', Helvetica, Arial, sans-serif; line-height: 22.3999996185303px;">To get involved in an area near you, please email us at <a href="mailto:dgarcia@ufcw5.org?subject=Volunteer%20to%20Help%20the%20United%20Latinos">dgarcia@ufcw5.org</a> and we will help!</strong></p>\r\n', '', '2015-03-23 09:40:22', '33.2', 2, '', '', '', '', '', NULL, 0),
(580, 'Executive action to provide relief to immigrant workers, families, and communities', '<div style="font-family: Georgia, ''Times New Roman'', ''Bitstream Charter'', Times, serif; line-height: 19px;">\r\n<div dir="ltr">President Obamas executive action to provide relief to immigrant workers, families, and communities<span data-mce-style="color: #1f497d;" style="color: rgb(31, 73, 125);">&nbsp;</span>is a victory for the UFCW, our members, and the entire nation<span data-mce-style="color: #1f497d;" style="color: rgb(31, 73, 125);">.&nbsp;&nbsp;</span>While executive action is not a substitute for comprehensive immigration reform, it is a step in the right direction and will directly impact tens of thousands of our members.&nbsp;</div>\r\n\r\n<div dir="ltr">&nbsp;</div>\r\n\r\n<div dir="ltr"><img alt="" src="http://media2.s-nbcnews.com/i/newscms/2014_47/777911/141120-obama-immigration-jms-2024_e9cd4e9d2cf7830c7f272be73e467ff0.jpg" style="width: 280px; height: 187px;" /></div>\r\n\r\n<div dir="ltr">&nbsp;</div>\r\n\r\n<div dir="ltr">A UFCW working group made up of key staff from the Civil Rights and Community Action, Food Processing, Packing, and Manufacturing, Legislative and Political, Legal, and Communications Departments is developing a plan to work with you to help eligible members access these newly expanded programs. This will include a comprehensive checklist of what is needed, worksite flyers, and other important resources.</div>\r\n</div>\r\n\r\n<div style="font-family: Georgia, ''Times New Roman'', ''Bitstream Charter'', Times, serif; line-height: 19px;">\r\n<div>&nbsp;</div>\r\n\r\n<p>Attached is the&nbsp;<span data-mce-style="color: #00ccff;" style="color: rgb(0, 204, 255);"><a data-mce-="" href="http://www.ufcwunitedlatinos.org/wp-content/uploads/2014/12/Immigration-Executive-Action-Local-Union-Fact-Sheet.pdf" style="text-decoration: none; color: rgb(237, 129, 55);"><span data-mce-style="color: #00ccff;" style="color: rgb(0, 204, 255);">fact sheet</span></a>&nbsp;</span>sheet for your local union officers and staff explaining what the President&rsquo;s actions entail&nbsp;and their timeline for implementation.</p>\r\n</div>\r\n', '', '2015-03-25 17:09:54', '34', 2, '', '', '', '', '', 0, 0),
(582, 'Upcoming Events', '<p><img alt="" src="http://sandbarcantina.com/images/calendars/calendar.jpg" style="width: 280px; height: 210px;" /></p>\r\n', '', '2015-03-25 17:04:42', '35.1', 2, '', '', '', '', '', 0, 0),
(583, 'Join the United Latinos', '<p>&nbsp;</p>\r\n\r\n<p style="margin: 5px 0px; padding: 0px; border: 0px; font-size: 14px; vertical-align: baseline; color: rgb(119, 119, 119); font-family: ''Open Sans'', Helvetica, Arial, sans-serif; line-height: 22.3999996185303px;"><a href="http://fajjemobile.info/ufcwunitedlatinos.org/wp-content/uploads/2013/05/LATIMES-UFCW.jpg" style="margin: 0px; padding: 0px; border: 0px; vertical-align: baseline; color: rgb(56, 56, 56); text-decoration: none;"><img alt="LATIMES UFCW" class="aligncenter size-full wp-image-634" height="615" src="http://fajjemobile.info/ufcwunitedlatinos.org/wp-content/uploads/2013/05/LATIMES-UFCW.jpg" style="margin: 0px auto; padding: 0px; border: 0px; vertical-align: bottom; height: auto; display: block; max-width: 100%;" width="923" /></a></p>\r\n\r\n<div id="hdr" style="margin: 0px 0px 10px; padding: 10px; outline: none; border-width: 10px 0px 0px; border-top-style: solid; border-top-color: rgb(0, 37, 87); font-family: proxima-nova, ''Proxima Nova'', HelveticaNeue, ''Helvetica Neue'', Helvetica, sans-serif; font-size: 16px; vertical-align: baseline; overflow: hidden; color: rgb(102, 102, 102); line-height: normal; background: rgb(0, 73, 144);">\r\n<header class="wrapper" id="hdr-content" style="margin: 0px auto; padding: 0px; outline: none; max-width: 980px;">\r\n<h1 class="pagetitle" style="margin: 0px 12px 0px 0px; padding: 0px; outline: none; border: 0px; font-family: proxima-nova-condensed, proxima-nova, ''Proxima Nova'', HelveticaNeue, ''Helvetica Neue'', Helvetica, sans-serif; font-size: 1.875em; vertical-align: baseline; font-stretch: normal; line-height: 1em; color: rgb(255, 255, 255); float: left;">The UFCW United Latinos</h1>\r\n</header>\r\n</div>\r\n\r\n<div class="post" style="margin: 0px; padding: 0px; outline: none; border: 0px; font-family: proxima-nova, ''Proxima Nova'', HelveticaNeue, ''Helvetica Neue'', Helvetica, sans-serif; font-size: 16px; vertical-align: baseline; color: rgb(102, 102, 102); line-height: normal;">\r\n<div class="entry" style="margin: 0px 0px 1.5em; padding: 0px 0px 1.5em; outline: none; border: 0px; font-family: inherit; font-style: inherit; vertical-align: baseline;">\r\n<p style="margin: 0px 0px 10px; padding: 0px; outline: none; border: 0px; font-family: inherit; font-style: inherit; vertical-align: baseline;">&nbsp;</p>\r\n\r\n<h2 style="margin: 20px 0px 10px; padding: 18px 0px 10px 20px; outline: none; border-width: 10px 0px 1px; border-top-style: solid; border-bottom-style: dotted; border-top-color: rgb(255, 196, 37); border-bottom-color: rgb(0, 73, 144); font-family: proxima-nova-condensed, proxima-nova, ''Proxima Nova'', HelveticaNeue, ''Helvetica Neue'', Helvetica, sans-serif; font-size: 1.875em; vertical-align: baseline; font-stretch: normal; line-height: 1em; color: rgb(0, 73, 144); min-height: 30px; background: url(http://www.ufcw.org/wp-content/themes/ufcw/images/bg_hdr.png) 0% 22px no-repeat;">Join Us!</h2>\r\n</div>\r\n</div>\r\n\r\n<p style="margin: 5px 0px; padding: 0px; border: 0px; font-size: 14px; vertical-align: baseline; color: rgb(119, 119, 119); font-family: ''Open Sans'', Helvetica, Arial, sans-serif; line-height: 22.3999996185303px;">To join the&nbsp;United Latinos of UFCW, complete the membership form in any of the three ways listed below.</p>\r\n\r\n<p style="margin: 5px 0px; padding: 0px; border: 0px; font-size: 14px; vertical-align: baseline; color: rgb(119, 119, 119); font-family: ''Open Sans'', Helvetica, Arial, sans-serif; line-height: 22.3999996185303px;"><strong style="margin: 0px; padding: 0px; border: 0px; vertical-align: baseline;">1. Download, Print and Return by mail.</strong>&nbsp;&nbsp;Download and complete a membership application in&nbsp;<span style="margin: 0px; padding: 0px; border: 0px; vertical-align: baseline; color: rgb(51, 102, 255);"><a href="http://fajjemobile.info/ufcwunitedlatinos.org/wp-content/uploads/2014/03/UL_App_Enlg-Sept-2014.pdf" style="margin: 0px; padding: 0px; border: 0px; vertical-align: baseline; color: rgb(56, 56, 56); text-decoration: none;"><span style="margin: 0px; padding: 0px; border: 0px; vertical-align: baseline; color: rgb(51, 102, 255);">English (click here)</span></a>&nbsp;</span>or in&nbsp;<span style="margin: 0px; padding: 0px; border: 0px; vertical-align: baseline; color: rgb(51, 102, 255);"><a href="http://fajjemobile.info/ufcwunitedlatinos.org/wp-content/uploads/2012/09/UL_App_Span.pdf" style="margin: 0px; padding: 0px; border: 0px; vertical-align: baseline; color: rgb(56, 56, 56); text-decoration: none;"><span style="margin: 0px; padding: 0px; border: 0px; vertical-align: baseline; color: rgb(51, 102, 255);">Spanish (click here)</span></a></span>. Return it with your annual dues payment to the address listed on the application.</p>\r\n\r\n<p style="margin: 5px 0px; padding: 0px; border: 0px; font-size: 14px; vertical-align: baseline; color: rgb(119, 119, 119); font-family: ''Open Sans'', Helvetica, Arial, sans-serif; line-height: 22.3999996185303px;"><strong style="margin: 0px; padding: 0px; border: 0px; vertical-align: base', '', '2015-03-23 09:46:30', '36.1', 2, '', '', '', '', '', 0, 0),
(584, 'UFCW United Latino Sponsors', '<p><strong style="margin: 0px; padding: 0px; border: 0px; font-size: 14px; vertical-align: baseline; color: rgb(119, 119, 119); font-family: ''Open Sans'', Helvetica, Arial, sans-serif; line-height: 22.3999996185303px;">Thank you to all of our 2014 Sponsors! &nbsp;We appreciate your support in our combined efforts to promote the issues and pursue interests important to Latino workers. &nbsp;</strong></p>\r\n\r\n<p><strong style="margin: 0px; padding: 0px; border: 0px; font-size: 14px; vertical-align: baseline; color: rgb(119, 119, 119); font-family: ''Open Sans'', Helvetica, Arial, sans-serif; line-height: 22.3999996185303px;">(List of Sponsors Below)</strong></p>\r\n\r\n<p><img alt="" src="http://www.ufcwunitedlatinos.org/wp-content/uploads/2015/03/Screen-Shot-2015-03-21-at-9.54.55-AM1.png" style="width: 280px; height: 230px;" /></p>\r\n\r\n<ol>\r\n	<li><a href="http://www.ufcw.org/" rel="nofollow" target="_blank">UFCW International</a></li>\r\n	<li><a href="http://ufcw.ca/" rel="nofollow" target="_blank">UFCW Canada </a></li>\r\n	<li><a href="http://ufcw770.org/" rel="nofollow" target="_blank">UFCW Local 770</a>&nbsp;&nbsp;&nbsp;</li>\r\n	<li><a href="http://www.ufcw540.org/" rel="nofollow" target="_blank">UFCW Local 540</a> &nbsp;</li>\r\n	<li><a href="http://www.ufcw99.org/" rel="nofollow" target="_blank">UFCW Local 99</a>&nbsp;&nbsp;</li>\r\n	<li><a href="http://ufcw5.org/" rel="nofollow" target="_blank">UFCW Local 5</a> &nbsp;&nbsp;&nbsp;&nbsp;&nbsp;&nbsp;&nbsp;&nbsp;&nbsp;&nbsp;&nbsp;&nbsp;&nbsp;&nbsp;&nbsp;&nbsp;&nbsp;&nbsp;&nbsp;&nbsp;&nbsp;&nbsp;&nbsp;&nbsp;&nbsp;&nbsp;&nbsp;&nbsp;&nbsp;&nbsp;&nbsp;&nbsp;&nbsp;&nbsp;&nbsp;&nbsp;&nbsp;&nbsp;&nbsp;&nbsp;&nbsp;&nbsp;&nbsp;&nbsp;&nbsp;&nbsp;&nbsp;</li>\r\n</ol>\r\n\r\n<p><img alt="" src="http://www.ufcwunitedlatinos.org/wp-content/uploads/2015/03/Screen-Shot-2015-03-21-at-9.55.27-AM.png" style="width: 280px; height: 230px;" /></p>\r\n\r\n<p>&nbsp;</p>\r\n\r\n<ol>\r\n	<li><a href="http://ufcw135.com/" rel="nofollow" target="_blank">UFCW Local 135</a>&nbsp;&nbsp;</li>\r\n	<li><a href="http://www.ufcw75.org/" rel="nofollow" target="_blank">UFCW Local 75</a></li>\r\n</ol>\r\n\r\n<p><span style="line-height: 1.6em;">&nbsp; &nbsp; &nbsp; &nbsp; &nbsp; &nbsp; &nbsp; &nbsp; &nbsp; &nbsp; &nbsp; &nbsp; &nbsp; &nbsp; &nbsp; &nbsp; &nbsp; &nbsp; &nbsp; &nbsp; &nbsp; &nbsp; &nbsp;&nbsp;</span></p>\r\n\r\n<p><img alt="" src="http://www.ufcwunitedlatinos.org/wp-content/uploads/2015/03/Screen-Shot-2015-03-21-at-9.55.37-AM.png" style="width: 280px; height: 229px;" /></p>\r\n\r\n<ol>\r\n	<li><a href="http://ufcwoutreach.org/" rel="nofollow" target="_blank">OUTreach&nbsp;&nbsp;&nbsp; </a></li>\r\n	<li><a href="http://ufcwoutreach.org/" rel="nofollow" target="_blank">UFCW Local 1996</a>&nbsp;&nbsp;&nbsp;</li>\r\n	<li><a href="http://ufcwlocal1546.org/" rel="nofollow" target="_blank">UFCW Local 1546</a></li>\r\n	<li><a href="http://www.ufcw1442.org/" rel="nofollow" target="_blank">UFCW Local 1442 </a></li>\r\n	<li><a href="http://ufcw700.org/" rel="nofollow" target="_blank">UFCW Local 700</a>&nbsp;&nbsp;&nbsp;</li>\r\n	<li><a href="http://www.ufcw876.org/" rel="nofollow" target="_blank">UFCW Local 876</a>&nbsp;&nbsp;&nbsp;</li>\r\n	<li><a href="http://http://www.ufcw653.org/" rel="nofollow" target="_blank">UFCW Local 653</a>&nbsp;&nbsp;&nbsp;</li>\r\n	<li><a href="http://www.ufcw655.org/" rel="nofollow" target="_blank">UFCW Local 655</a> &nbsp;&nbsp;&nbsp;&nbsp;&nbsp;&nbsp;&nbsp;&nbsp;&nbsp;&nbsp;&nbsp;&nbsp;&nbsp;&nbsp;&nbsp;&nbsp;&nbsp;&nbsp;&nbsp;&nbsp;&nbsp;&nbsp;&nbsp;&nbsp;&nbsp;&nbsp;&nbsp;&nbsp;&nbsp;&nbsp;&nbsp;&nbsp;&nbsp;&nbsp;&nbsp;&nbsp;&nbsp;&nbsp;&nbsp;&nbsp;&nbsp;&nbsp;&nbsp; &nbsp;&nbsp;&nbsp; &nbsp;&nbsp;&nbsp;</li>\r\n	<li><a href="http://www.ufcw2.org/" rel="nofollow" target="_blank">UFCW Local 2</a> &nbsp;&nbsp;&nbsp;&nbsp;&nbsp;&nbsp;&nbsp;&nbsp;&nbsp;&nbsp;&nbsp;&nbsp;&nbsp;&nbsp;&nbsp;&nbsp;&nbsp;&nbsp;&nbsp;&nbsp;&nbsp;&nbsp;&nbsp;&nbsp;&nbsp;&nbsp;&nbsp;&nbsp;&nbsp;&nbsp;&nbsp;&nbsp;&nbsp;&nbsp;&nbsp;&nbsp;&nbsp;&nbsp;&nbsp;&nbsp;&nbsp;&nbsp;&nbsp;&nbsp;&nbsp;&nbsp;&nbsp; &nbsp;&nbsp;&nbsp;</li>\r\n</ol>\r\n\r\n<p>Other Sponsors</p>\r\n\r\n<ol>\r\n	<li><span>&nbsp;<a href="http://#" rel="nofollow" target="_blank">UFCW Local 711</a></span><a href="http://#" rel="nofollow" target="_blank"> </a></li>\r\n	<li><a href="http://www.ufcw919.org/" rel="nofollow" style="line-height: 1.6em;" target="_blank">UFCW Local 919</a><span style="line-height: 1.6em;">&nbsp; &nbsp;</span></li>\r\n	<li><a href="http://www.ufcw1167.org/" rel="nofollow" target="_blank">UFCW Local 1167</a>&nbsp;&nbsp;&nbsp;</li>\r\n	<li><a href="http://#" rel="nofollow" target="_blank">UFCW Local 481</a>&nbsp;&nbsp;</li>\r\n	<li><a href="http://linkedunion.com">LinkedUnion&nbsp;</a></li>\r\n</ol>\r\n', '', '2015-03-25 17:06:07', '36.2', 2, '', '', '', '', '', 0, 0),
(585, 'Shop Union', '<p><img alt="" src="http://sandbarcantina.com/images/calendars/calendar.jpg" style="width: 280px; height: 210px;" /></p>\r\n\r\n<p>Coming Soon. &nbsp;Shop Union Businesses in your neighborhood.</p>\r\n', '', '2015-03-21 09:25:11', '38', 2, '', '', '', '', '', NULL, 0),
(586, 'Coming Soon', '<p>More Union Shops around you</p>\r\n', '', '2015-03-21 09:25:37', '38', 2, '', '', '', '', '', NULL, 0),
(588, 'UFCW Local 480', '<p style="margin: 0px 0px 25px; padding: 0px; border: 0px; font-family: ''Open Sans'', sans-serif; font-size: 14px; font-stretch: inherit; line-height: 25.2000007629395px; vertical-align: baseline; color: rgb(132, 137, 140);"><img alt="" src="http://www.ufcwunitedlatinos.org/wp-content/uploads/2015/03/P7250022-e1426700093417.jpg" style="height: 210px; width: 280px;" /></p>\r\n\r\n<p style="margin: 0px 0px 25px; padding: 0px; border: 0px; font-family: ''Open Sans'', sans-serif; font-size: 14px; font-stretch: inherit; line-height: 25.2000007629395px; vertical-align: baseline; color: rgb(132, 137, 140);">United Food and Commercial Workers Local 480&nbsp;is a 2,500 member labor union based in Honolulu, Hawaii. The local is a progressive voice in the labor movement and the community with a strong tradition of member advocacy and involvement. It is an affiliate of the United Food and Commercial Workers International union based in Washington DC.</p>\r\n\r\n<p style="margin: 0px 0px 25px; padding: 0px; border: 0px; font-family: ''Open Sans'', sans-serif; font-size: 14px; font-stretch: inherit; line-height: 25.2000007629395px; vertical-align: baseline; color: rgb(132, 137, 140);">Local 480&nbsp;members work primarily in retail grocery and meat and in nursing homes,&nbsp;retail drug stores, agriculture and food processing, wholesale meat, seafood processing,&nbsp;and in the industry of education.</p>\r\n\r\n<p style="margin: 0px 0px 25px; padding: 0px; border: 0px; font-family: ''Open Sans'', sans-serif; font-size: 14px; font-stretch: inherit; line-height: 25.2000007629395px; vertical-align: baseline; color: rgb(132, 137, 140);">Wherever Local 480&nbsp;members work, they have a strong voice on the job.</p>\r\n\r\n<p style="margin: 0px 0px 25px; padding: 0px; border: 0px; font-family: ''Open Sans'', sans-serif; font-size: 14px; font-stretch: inherit; line-height: 25.2000007629395px; vertical-align: baseline; color: rgb(132, 137, 140);">Local 480&nbsp;policy is set by its&nbsp;member executive board which consists of its elected officers and rank and file members. Members from many of the Hawaiian Islands&nbsp;sit on its board. The activism of the board and the union&rsquo;s membership assures the democratic nature of the organization and perpetuate its progressive tradition.</p>\r\n\r\n<p style="margin: 0px 0px 25px; padding: 0px; border: 0px; font-family: ''Open Sans'', sans-serif; font-size: 14px; font-stretch: inherit; line-height: 25.2000007629395px; vertical-align: baseline; color: rgb(132, 137, 140);">Local 480 is a Union Preparing Today for the Needs of its Members Tomorrow.</p>\r\n', '', '2015-03-26 11:07:51', '40.1', 6, '', '', '', '', '', NULL, 0),
(589, 'Labor Union Dental', '<table border="0" cellpadding="3" style="color: rgb(0, 0, 0); font-family: Times; font-size: medium; line-height: normal;" width="100%">\r\n	<tbody>\r\n		<tr>\r\n			<td bgcolor="#2D2A6E" class="style14" style="color: rgb(255, 255, 255); font-weight: bold;" valign="top">DENTAL and ORTHODONTIC</td>\r\n		</tr>\r\n		<tr>\r\n			<td valign="top">\r\n			<p class="style2">20% discount or no out of pocket expense (depending on your plan coverage, not exceeding the maximum plan benefit and provided you have coverage for the month of services.</p>\r\n\r\n			<p class="style2">For Union members without coverage, a 20% discount will be given off of the total visit charge.</p>\r\n\r\n			<p class="style2">For a list of providers who discount or waive &quot;out-of-pocket&quot; costs to Union members, contact the Union office.</p>\r\n			</td>\r\n		</tr>\r\n	</tbody>\r\n</table>\r\n', '', '2015-03-18 13:35:17', '49', 6, '', '', '', '', '', NULL, 0),
(590, 'hujhiol', '<p>ghjghj</p>\r\n', '', '2015-03-18 02:55:12', '46', 6, '', '', '', '', '', NULL, 0),
(591, 'First News of UFCW 480', '<ol>\n	<li>\n	<h4 style="font-style: italic;">First News of UFCW 480First News of UFCW 480First News of UFCW 480First News of UFCW 480First News of UFCW 480First News of UFCW 480First News of UFCW 480First News of UFCW 480First News of UFCW 480First News of UFCW 480First News of UFCW 480First News of UFCW 480First News of UFCW 480</h4>\n	</li>\n</ol>\n', '', '2015-03-18 03:49:31', '47', 6, '', '', '', '', '', NULL, 0),
(592, 'What is a Union?', '<p><img alt="" src="http://www.ufcwunitedlatinos.org/wp-content/uploads/2015/03/P7250056-e1426700166437.jpg" style="height: 210px; width: 280px;" /></p>\r\n\r\n<h3><span style="color: rgb(55, 65, 71); font-family: Tahoma, arial, verdana, sans-serif; font-size: 14px; line-height: 24.8888893127441px;">Unions are about a simple proposition: By joining together, working women and men gain strength in numbers so they can have a voice at work about what they care about. </span></h3>\r\n\r\n<h3><span style="color: rgb(55, 65, 71); font-family: Tahoma, arial, verdana, sans-serif; font-size: 14px; line-height: 24.8888893127441px;">They negotiate a contract with their employer for things like a fair and safe workplace, better wages, a secure retirement and family-friendly policies such as paid sick leave and scheduling hours. They have a voice in how their jobs get done, creating a more stable, productive workforce that provides better services and products. Always adapting to the challenges of our nation&rsquo;s evolving workforce, unions are meeting the needs of workers in today&rsquo;s flexible and nontraditional work environments. Because no matter what type of job workers are in, by building power in unions, they can speak out for fairness for all working people in their communities and create better standards and a strong middle class across the country.</span></h3>\r\n', '', '2015-03-26 11:08:18', '40.2', 6, '', '', '', '', '', NULL, 0),
(593, 'What is a Union?', '<p><img alt="" src="http://www.ufcwunitedlatinos.org/wp-content/uploads/2015/03/P7250056-e1426700166437.jpg" /></p>\r\n\r\n<p>Working people from all walks of life join together in unions to obtain a voice at work. Union members have a say about pay, benefits, working conditions and how their jobs get done.<span class="ezxmltag-embed embed-size-medium object-right"><a href="http://fixmyjob.com" target="_self"> </a></span></p>\r\n\r\n<p>If you do not have a union at your job, find out more about how to form one. Today, more people are taking the step to form unions on the job than at any time in recent history. You can be one of them!</p>\r\n\r\n<p>Call UFCW Local 480&nbsp;at 808 942.7778 or email us at ufcwlocal480@gmail.com to get more information.&nbsp; Just ask to speak with someone in our organizing&nbsp;department.</p>\r\n', '', '2015-03-26 11:08:58', '40.3', 6, '', '', '', '', '', NULL, 0),
(594, 'The Union Advantage', '<p><img alt="" src="http://ufcw5.org/wp-content/uploads/2015/03/IMG_9528.jpg" style="width: 280px; height: 250px;" /></p>\r\n\r\n<p>Union members have access to a wide array of members-only benefits, including credit cards, scholarships, mortgages, legal services and more. Most of the products and services listed here are members-only. But if you&rsquo;re not represented by a union, you can access some great services and products as well.</p>\r\n\r\n<ul>\r\n	<li><a href="http://www.aflcio.org/About/Member-Benefits/Consumer-Services-from-Union-Plus" target="_self">Union Plus Savings and Benefits</a></li>\r\n	<li><a href="http://ufcw5.org/?page_id=2320" target="_self">Scholarships</a></li>\r\n	<li>Buy American, Buy Union</li>\r\n	<li>UFCW and Union Online Stores</li>\r\n	<li>Customer-Friendly Banking</li>\r\n</ul>\r\n', '', '2015-03-18 10:55:45', '40.4', 6, '', '', '', '', '', NULL, 0),
(595, 'Collective Barganing', '<div class="content-view-embed">\r\n<div class="class-image">\r\n<div class="attribute-image">\r\n<p><img alt="" src="http://ufcw5.org/wp-content/uploads/2015/01/2.jpg" style="width: 280px; height: 150px;" /></p>\r\n\r\n<p>Collective bargaining is the process in which working people, through their unions, negotiate contracts with their employers to determine their terms of employment, including pay, benefits, hours, leave, job health and safety policies, ways to balance work and family and more. Collective bargaining is a way to solve workplace problems.</p>\r\n\r\n<p>After the rights of public employees to collectively bargain for a middle-class life came under attack in 2010, working people in all kinds of jobs as well as students, community supporters, faith leaders and others united to defend this basic right.</p>\r\n\r\n<p>The United States has long lagged behind other industrialized nations in collective bargaining coverage for public- and private-sector workers. Yet the right to collectively bargain is essential so that working men and women have the strength to improve their living standards, provide for their families and build a strong middle class.</p>\r\n\r\n<p><img alt="" src="http://www.aflcio.org/var/ezflow_site/storage/images/media/aflcio/images/collective-bargaining-coverage-graph/6392-1-eng-US/Collective-Bargaining-Coverage-graph_mainstory1.jpg" style="width: 280px; height: 219px;" /></p>\r\n\r\n<div class="content-view-embed">\r\n<div class="class-image">\r\n<div class="attribute-image">&nbsp;</div>\r\n</div>\r\n</div>\r\n</div>\r\n</div>\r\n</div>\r\n', '', '2015-03-18 10:56:26', '41.1', 6, '', '', '', '', '', NULL, 0),
(596, 'New Members', '<p>&nbsp;</p>\r\n\r\n<p>As a new employee in the bargaining unit, you are represented by United Food and Commercial Workers Union Local 480. If you are like many employees, this is the first time you have been represented by a Union and you should have questions as to what this means to you.<br />\r\nUnion representation means that UFCW Union Local 480, with your active participation, negotiates and administers a legally binding contract on your behalf.<br />\r\n<br />\r\nThis contract is also known as a Collective Bargaining Agreement. It sets forth your wages, benefits, hours, and nearly all of your working conditions. Because all employees negotiate together through the Union, Union members receive higher wages and better benefits than non-Union workers in similar jobs. Strength in numbers makes this possible.<br />\r\n<br />\r\nLocal 5 is part of the United Food and Commercial Workers International Union. There are more than 900 affiliated UFCW Locals representing 1.4 million workers in both similar and varied vocations across America and Canada.<br />\r\n<br />\r\nA Union Representative, assigned by the president, administers your contract. Representatives visit locations on a regular basis and have designated days in the office.<br />\r\n<br />\r\nMany of you also have a Union &#39;&#39;steward&#39;&#39; at your place of work. A steward, selected by your Union Representative, is a fellow employee who is both an activist of the Union and a conduit of general information between members and the Union.<br />\r\n<br />\r\nLocal 480&nbsp;conducts general membership meetings on a quarterly basis. These meetings are important and, as a member, you are encouraged to attend and participate in the events of your Union.<br />\r\n<br />\r\nWithout a legally binding contract the law allows employers greater latitude with regard to determining and applying job standards. These conditions all too often leave the individual with little to no recourse when faced with problems. Your Union contract provides a legally binding agreement that is enforceable.</p>\r\n', '', '2015-03-18 10:57:36', '41.2', 6, '', '', '', '', '', NULL, 0),
(597, 'Organizing ', '<p>A union is a group of workers who join together to achieve better wages, better benefits, respect on the job, and a stronger voice in workplace decisions. With the help of a union, workers negotiate a contract with their employer to ensure these things.<br />\r\n<br />\r\nWithout a union, employers have 100% control over its employees and complete authority to make all decisions. Unions give employees some of this control to make their workplace better. A union&#39;s major goal is to give workers a voice on the job for respect, safety, security, better pay and benefits, and other improvements to working conditions.</p>\r\n', '', '2015-03-18 10:59:17', '41.3', 6, '', '', '', '', '', NULL, 0),
(598, 'asgasg', '<p>agaga</p>\r\n', '', '2015-03-18 06:09:54', '41.4', 6, '', '', '', '', '', NULL, 0),
(599, 'asfasfas', '<p>asfafas</p>\r\n', '', '2015-03-18 06:10:06', '41.5', 6, '', '', '', '', '', NULL, 0),
(600, 'asfasfas', '<p>asfasf</p>\r\n', '', '2015-03-18 06:10:17', '42.1', 6, '', '', '', '', '', NULL, 0),
(601, 'asgasg', '<p>asgasga</p>\r\n', '', '2015-03-18 06:10:30', '42.2', 6, '', '', '', '', '', NULL, 0),
(602, 'aasfasgasg', '<p>shhsdhshs</p>\r\n', '', '2015-03-18 06:10:43', '43.1', 6, '', '', '', '', '', NULL, 0),
(604, 'A Message from President Pete Maturino', '<p style="font-family: Georgia, ''Times New Roman'', ''Bitstream Charter'', Times, serif; line-height: 19px;">&nbsp;</p>\r\n\r\n<p style="font-family: Georgia, ''Times New Roman'', ''Bitstream Charter'', Times, serif; line-height: 19px;"><img alt="" src="http://www.ufcwunitedlatinos.org/wp-content/uploads/2015/01/Pete-M-1.jpg" style="width: 280px; height: 269px;" /></p>\r\n\r\n<div id="hdr" style="margin: 0px 0px 10px; padding: 10px; outline: none; border-width: 10px 0px 0px; border-top-style: solid; border-top-color: rgb(0, 37, 87); font-family: inherit; font-size: 16px; font-style: inherit; font-weight: inherit; vertical-align: baseline; overflow: hidden; background: rgb(0, 73, 144);">\r\n<header class="wrapper" id="hdr-content" style="margin: 0px auto; padding: 0px; outline: none; max-width: 980px;">\r\n<h1 class="pagetitle" style="line-height: 1em; margin: 0px 12px 0px 0px; padding: 0px; outline: none; border: 0px; font-family: proxima-nova-condensed, proxima-nova, ''Proxima Nova'', HelveticaNeue, ''Helvetica Neue'', Helvetica, sans-serif; font-size: 1.875em; vertical-align: baseline; font-stretch: normal; color: rgb(255, 255, 255); float: left;">United Latinos of UFCW</h1>\r\n</header>\r\n</div>\r\n\r\n<div class="post" style="margin: 0px; padding: 0px; outline: none; border: 0px; font-family: inherit; font-size: 16px; font-style: inherit; font-weight: inherit; vertical-align: baseline;">\r\n<div class="entry" style="margin: 0px 0px 1.5em; padding: 0px 0px 1.5em; outline: none; border: 0px; font-family: inherit; font-style: inherit; vertical-align: baseline;">\r\n<h2 style="line-height: 1em; margin: 20px 0px 10px; padding: 18px 0px 10px 20px; outline: none; border-width: 10px 0px 1px; border-top-style: solid; border-bottom-style: dotted; border-top-color: rgb(255, 196, 37); border-bottom-color: rgb(0, 73, 144); font-family: proxima-nova-condensed, proxima-nova, ''Proxima Nova'', HelveticaNeue, ''Helvetica Neue'', Helvetica, sans-serif; font-size: 1.875em; vertical-align: baseline; font-stretch: normal; color: rgb(0, 73, 144); min-height: 30px; background-image: url(http://www.ufcwaction.org/wp-content/themes/ufcw/images/bg_hdr.png); background-attachment: initial; background-size: initial; background-origin: initial; background-clip: initial; background-position: 0% 22px; background-repeat: no-repeat;">A message from&nbsp;UFCW United Latinos President Pete Maturino</h2>\r\n\r\n<div><span style="font-family: Georgia, ''Times New Roman'', ''Bitstream Charter'', Times, serif; line-height: 19px; font-size: 13px;">On November 20, 2014 President Obama took a step forward in completing part of a promise to the Latino community and more importantly to the immigrant community all over this country. It is my belief that we should embrace this effort by the President to attempt to fix dysfunctional immigration system and begin the process of helping and or assisting the membership of this Union in completing the application and forms needed to receive the deferred action.</span></div>\r\n\r\n<div>&nbsp;</div>\r\n\r\n<div><span style="font-family: Georgia, ''Times New Roman'', ''Bitstream Charter'', Times, serif; line-height: 19px; font-size: 13px;">One of the most important things we as union officials, whether working through the local union or in partnership with community agency&rsquo;s, is to get the word out to the immigrant community to be very careful of those individuals who&rsquo;s only goal is to take your money and leave you with nothing done.</span></div>\r\n\r\n<div>&nbsp;</div>\r\n\r\n<div><span style="font-family: Georgia, ''Times New Roman'', ''Bitstream Charter'', Times, serif; line-height: 19px; font-size: 13px;">Along with this letter I am attaching information from the National Immigration Law Center on what is believed the law will do and what it means to millions of immigrants, as well as ways the immigrant community can prepare when the applications become available for processing, I hope this will help you in your efforts in helping members through this process.</span></div>\r\n\r\n<div>&nbsp;</div>\r\n\r\n<div><span style="font-family: Georgia, ''Times New Roman'', ''Bitstream Charter'', Times, serif; line-height: 19px; font-size: 13px;">The United Latinos with help of the International and Esther Lopez from the Civil Rights department will be able to assist the immigrant community within our Union not only in providing updated information on changes that may come up in the Presidents directive, but beginning in early December if anyone of you who has a group of members that you feel would benefit from a presentation from the Civil Rights Department on this deferred action, you can contact the United Latinos to make those arrangements.</span></div>\r\n\r\n<div>&nbsp;</div>\r\n\r\n<div><span style="font-family: Georgia, ''Times New Roman'', ''Bitstream Charter'', Times, serif; line-height: 19px; font-size: 13px;">At minimum if there is anything that you feel you need from the Civil Rights Department in order to assist you members on this deferred actio</span></div>\r\n</div>\r\n</div>\r\n', '', '2015-03-25 17:12:02', '34', 2, '', '', '', '', '', NULL, 0),
(605, '', '', '', '2015-03-27 10:01:32', '', 2, '', '', '', '', '', NULL, 0),
(606, 'Who is ufcw99', '<p>Dummy data for ufcw99..</p>\r\n', '', '2015-04-01 13:37:09', '50.1', 0, '', '', '', '', '', NULL, 0),
(607, 'dummy data', '<p>dummy data</p>\r\n', '', '2015-04-01 13:19:43', '50.2', 0, '', '', '', '', '', NULL, 0),
(608, 'dummy data', '<p>dummy data</p>\r\n', '', '2015-04-01 13:20:00', '50.3', 0, '', '', '', '', '', NULL, 0),
(609, 'dummy data', '<p>dummy data</p>\r\n', '', '2015-04-01 13:20:14', '50.4', 0, '', '', '', '', '', NULL, 0),
(610, 'get educated dummy data', '<p>get educated dummy data</p>\r\n', '', '2015-04-01 13:20:38', '51.1', 0, '', '', '', '', '', NULL, 0),
(611, 'member benifits', '<p>member benifits</p>\r\n', '', '2015-04-01 13:20:56', '52.2', 0, '', '', '', '', '', NULL, 0),
(612, 'hi', '<p>hello</p>\r\n', '', '2015-04-01 13:44:21', '56', 7, '', '', '', '', '', NULL, 0),
(613, 'shop union title', '<p>shop union description</p>\r\n', '', '2015-04-01 13:53:07', '59', 7, '', '', '', '', '', NULL, 0),
(614, 'upcoming events title', '<p>upcoming events description</p>\r\n', '', '2015-04-01 13:53:28', '58', 7, '', '', '', '', '', NULL, 0),
(615, 'union news title', '<p>union news description</p>\r\n', '', '2015-04-01 13:53:43', '57', 7, '', '', '', '', '', NULL, 0),
(616, 'member discounts title', '<p>member discounts description</p>\r\n', '', '2015-04-01 13:54:33', '55', 7, '', '', '', '', '', NULL, 0),
(617, 'new', '<p>member</p>\r\n', '', '2015-04-01 13:57:06', '51.2', 7, '', '', '', '', '', NULL, 0),
(618, 'organizer', '<p>i am&nbsp;</p>\r\n', '', '2015-04-01 13:57:23', '51.3', 7, '', '', '', '', '', NULL, 0),
(619, 'registering', '<p>to vote</p>\r\n', '', '2015-04-01 13:57:37', '51.4', 7, '', '', '', '', '', NULL, 0),
(620, 'please support', '<p>shop unions</p>\r\n', '', '2015-04-01 13:57:58', '51.5', 7, '', '', '', '', '', NULL, 0);

-- --------------------------------------------------------

--
-- Table structure for table `pushbridge`
--

CREATE TABLE IF NOT EXISTS `pushbridge` (
  `pushID` int(5) NOT NULL,
  `appID` int(5) NOT NULL
) ENGINE=MyISAM DEFAULT CHARSET=latin1;

--
-- Dumping data for table `pushbridge`
--

INSERT INTO `pushbridge` (`pushID`, `appID`) VALUES
(68, 4),
(68, 5),
(69, 4),
(69, 5),
(70, 6),
(71, 6),
(72, 6),
(73, 6),
(73, 4),
(74, 6),
(74, 4),
(75, 6),
(75, 4),
(76, 6),
(76, 4),
(77, 6),
(78, 6),
(78, 4),
(78, 5),
(79, 6),
(79, 4),
(79, 5),
(80, 1);

-- --------------------------------------------------------

--
-- Table structure for table `pushmessage`
--

CREATE TABLE IF NOT EXISTS `pushmessage` (
  `pushID` int(3) NOT NULL AUTO_INCREMENT COMMENT 'AutoIncrement.',
  `pushMessage` varchar(200) NOT NULL COMMENT 'NotificationMsg',
  `timeStamp` timestamp NOT NULL DEFAULT CURRENT_TIMESTAMP ON UPDATE CURRENT_TIMESTAMP,
  `authorAppID` int(5) NOT NULL COMMENT 'Author App ID',
  PRIMARY KEY (`pushID`)
) ENGINE=MyISAM  DEFAULT CHARSET=latin1 AUTO_INCREMENT=81 ;

--
-- Dumping data for table `pushmessage`
--

INSERT INTO `pushmessage` (`pushID`, `pushMessage`, `timeStamp`, `authorAppID`) VALUES
(68, 'This is a test notification for ufcw648 and southlabor .', '2015-03-19 12:25:35', 6),
(69, 'Testing Notification.', '2015-03-20 14:45:08', 6),
(70, 'Hello World.', '2015-03-30 12:45:12', 0),
(71, 'Hello World.', '2015-03-30 12:47:28', 0),
(72, 'Hello World.', '2015-03-30 12:47:35', 0),
(73, 'Hello World.', '2015-03-30 12:49:43', 0),
(74, 'Hello World.', '2015-03-30 12:50:21', 0),
(75, 'testing.', '2015-03-30 12:54:04', 0),
(76, 'Hello World.', '2015-03-30 12:56:12', 0),
(77, 'Testing notification to self.', '2015-03-30 12:57:27', 0),
(78, 'This is a test notification from the developer.', '2015-03-30 14:14:12', 0),
(79, 'Test notification from developer on both ios and android phones.', '2015-03-30 14:14:06', 0),
(80, 'Test Notification.', '2015-03-30 13:17:04', 1);

-- --------------------------------------------------------

--
-- Table structure for table `stayconected`
--

CREATE TABLE IF NOT EXISTS `stayconected` (
  `id` int(11) NOT NULL AUTO_INCREMENT,
  `name` varchar(15) DEFAULT NULL,
  `link` varchar(50) DEFAULT NULL,
  `app_id` int(11) DEFAULT NULL,
  `order` int(5) NOT NULL,
  PRIMARY KEY (`id`)
) ENGINE=InnoDB  DEFAULT CHARSET=latin1 AUTO_INCREMENT=43 ;

--
-- Dumping data for table `stayconected`
--

INSERT INTO `stayconected` (`id`, `name`, `link`, `app_id`, `order`) VALUES
(4, 'Instagram', 'http://instagram.com/ufcw5', 1, 1),
(7, 'Twitter', 'twitter@twitter.com', 2, 2),
(8, 'Facebook', 'facebook.com/ufcwunitedlatinos', 2, 3),
(24, 'Flickr', 'https://www.flickr.com/people/ufcw5/', 1, 4),
(32, 'Twitter', 'twitter.com/ufcw648', 4, 5),
(33, 'Facebook', 'facebook.com/ufcw648', 4, 6),
(34, 'Twitter', 'https://twitter.com/ufcw5', 1, 5),
(35, 'Facebook', 'http://www.facebook.com/ufcw5', 1, 6),
(39, 'Facebook', 'http://facebook.com/ufcw480', 6, 1),
(40, 'Twitter', 'http://twitter.com/ufcw480', 6, 2),
(41, 'Facebook', 'http://www.facebook.com/ufcw99', 7, 3),
(42, 'Twitter', 'http://twitter.com/ufcw99', 7, 3);

-- --------------------------------------------------------

--
-- Table structure for table `subcategories`
--

CREATE TABLE IF NOT EXISTS `subcategories` (
  `id` int(11) NOT NULL AUTO_INCREMENT,
  `menu_id` int(50) NOT NULL,
  `submenu_id` double NOT NULL,
  `name` varchar(100) NOT NULL,
  PRIMARY KEY (`id`)
) ENGINE=InnoDB  DEFAULT CHARSET=latin1 AUTO_INCREMENT=79 ;

--
-- Dumping data for table `subcategories`
--

INSERT INTO `subcategories` (`id`, `menu_id`, `submenu_id`, `name`) VALUES
(1, 2, 2.1, 'Collective Bargaining'),
(2, 2, 2.2, 'New Members'),
(3, 2, 2.3, 'Organizing'),
(4, 2, 2.4, 'Register To Vote'),
(5, 3, 3.1, 'Health and Welfare'),
(6, 3, 3.2, 'Scholarship Application'),
(7, 2, 2.5, 'Support Union Shops'),
(8, 4, 4.1, 'Stewards'),
(9, 4, 4.2, 'Union Representatives'),
(10, 4, 4.3, 'Office Locations'),
(11, 1, 1.1, 'Who is UFCW'),
(12, 1, 1.2, 'What is a Union'),
(13, 1, 1.3, 'Why Join the Union'),
(14, 1, 1.4, 'Union Advantage'),
(15, 10, 10.1, 'What is the SCBTC?'),
(16, 10, 10.2, 'Affiliates'),
(17, 11, 11.1, 'Endorsements'),
(18, 11, 11.2, 'Volunteer'),
(19, 12, 12.1, 'Upcoming Events'),
(20, 12, 12.2, 'Building Trade Meetings'),
(21, 13, 13.1, 'Meeting Volunteer'),
(22, 18, 18.1, 'Collective Bargaining'),
(23, 18, 18.2, 'New Members'),
(24, 18, 18.3, 'Organizing'),
(25, 18, 18.4, 'Register To Vote'),
(26, 19, 19.1, 'Health and Welfare'),
(27, 19, 19.2, 'Scholarship Application'),
(28, 18, 18.5, 'Support Union Shops'),
(29, 20, 20.1, 'Stewards'),
(30, 20, 20.2, 'Union Representatives'),
(31, 20, 20.3, 'Office Locations'),
(32, 17, 17.1, 'Who is UFCW'),
(33, 17, 17.2, 'What is a Union'),
(34, 17, 17.3, 'Why Join the Union'),
(35, 17, 17.4, 'Union Advantage'),
(37, 32, 32.1, 'Who are the United Latinos of UFCW?'),
(38, 32, 32.2, 'Empowerment'),
(39, 32, 32.3, 'Pride'),
(40, 32, 32.4, 'We Can Help'),
(41, 32, 32.5, 'JOIN US'),
(42, 32, 32.6, 'UFCW UL Leadership'),
(43, 33, 33.1, 'UL Endorsements'),
(44, 33, 33.2, 'Volunteer'),
(45, 36, 36.1, 'Join the United Latinos'),
(46, 36, 36.2, 'United Latino of UFCW'),
(47, 35, 35.1, 'Upcoming Events'),
(48, 11, 11.3, 'Labor Vote'),
(50, 40, 40.1, 'Who is UFCW 480'),
(51, 40, 40.2, 'What is a Union'),
(52, 40, 40.3, 'Why Join the Union'),
(53, 40, 40.4, 'Union Advantage'),
(55, 41, 41.1, 'Collective Bargaining'),
(56, 41, 41.2, 'New Members'),
(57, 41, 41.3, 'Organizing'),
(58, 41, 41.4, 'Register To Vote'),
(59, 41, 41.5, 'Support Union Shops'),
(60, 42, 42.1, 'Health and Welfare'),
(61, 42, 42.2, 'Scholarship Application'),
(62, 43, 43.1, 'Stewards'),
(63, 43, 43.2, 'Union Representatives'),
(64, 43, 43.3, 'Office Locations'),
(65, 50, 50.1, 'Who is UFCW'),
(66, 50, 50.2, 'What is a Union'),
(67, 50, 50.3, 'Why Join the Union'),
(68, 50, 50.4, 'Union Advantage'),
(69, 51, 51.1, 'Collective Bargaining'),
(70, 51, 51.2, 'New Members'),
(71, 51, 51.3, 'Organizing'),
(72, 51, 51.4, 'Register To Vote'),
(73, 51, 51.5, 'Support Union Shops'),
(74, 52, 52.1, 'Health and Welfare'),
(75, 52, 52.2, 'Scholarship Application'),
(76, 53, 53.1, 'Stewards'),
(77, 53, 53.2, 'Union Representatives'),
(78, 53, 53.3, 'Office Locations');

-- --------------------------------------------------------

--
-- Table structure for table `super_admin`
--

CREATE TABLE IF NOT EXISTS `super_admin` (
  `user_id` int(10) NOT NULL AUTO_INCREMENT,
  `name` varchar(50) NOT NULL,
  `password` varchar(50) NOT NULL,
  PRIMARY KEY (`user_id`)
) ENGINE=MyISAM  DEFAULT CHARSET=latin1 AUTO_INCREMENT=2 ;

--
-- Dumping data for table `super_admin`
--

INSERT INTO `super_admin` (`user_id`, `name`, `password`) VALUES
(1, 'admin', 'admin');

-- --------------------------------------------------------

--
-- Table structure for table `user`
--

CREATE TABLE IF NOT EXISTS `user` (
  `user_id` int(2) NOT NULL,
  `app_id` int(11) NOT NULL AUTO_INCREMENT,
  `user_name` varchar(100) DEFAULT NULL,
  `password` varchar(20) DEFAULT NULL,
  `cookie` varchar(50) DEFAULT NULL,
  `image` varchar(50) DEFAULT 'user.jpg',
  `email` varchar(25) DEFAULT NULL,
  `logo` varchar(100) DEFAULT NULL,
  `cover` varchar(100) DEFAULT NULL,
  `time_cone` varchar(50) DEFAULT NULL,
  PRIMARY KEY (`app_id`)
) ENGINE=InnoDB  DEFAULT CHARSET=latin1 AUTO_INCREMENT=8 ;

--
-- Dumping data for table `user`
--

INSERT INTO `user` (`user_id`, `app_id`, `user_name`, `password`, `cookie`, `image`, `email`, `logo`, `cover`, `time_cone`) VALUES
(1, 1, 'ufcw5', 'torpedo1', '812b4ba287f5ee0bc9d43bbf5bbe87fb', 'steve.png', 'arbishpalla@gmail.com', '9f61408e3afb633e50cdf1b20de6f466.png', 'd1fe173d08e959397adf34b1d77e88d7.png', '2014-11-20 05:17:24'),
(2, 2, 'unitedlatinos', 'UFCWlatinos1', '2a38a4a9316c49e5a833517c45d31070', 'unitedlatinos-user.png', 'kmartinez@ufcw5.org', '3416a75f4cea9109507cacd8e2f2aefc.png', '3416a75f4cea9109507cacd8e2f2aefc.png', '2014-11-20 05:17:24'),
(3, 3, 'scbtc', 'torpedo1', NULL, 'steve.png', 'zohairhemani@avialdo.com', 'scbtc.png', 'scbtc-cover.jpg', NULL),
(4, 4, 'ufcw648', 'torpedo1', NULL, 'steve.png', 'zohairhemani@avialdo.com', 'ufcw648_logo.png', 'ufcw648_cover.png', NULL),
(5, 6, 'ufcw480', 'torpedo1', NULL, 'user.jpg', 'zohairhemani@avialdo.com', 'logo_ufcw480.png', 'cover_ufcw480.png', NULL),
(6, 7, 'ufcw99', 'torpedo1', NULL, 'steve.png', 'ufcw99@gmail.com', 'ufcw99_logo.png', 'd1fe173d08e959397adf34b1d77e88d7.png', NULL);

-- --------------------------------------------------------

--
-- Table structure for table `webservices`
--

CREATE TABLE IF NOT EXISTS `webservices` (
  `id` int(3) NOT NULL,
  `name` varchar(40) NOT NULL,
  PRIMARY KEY (`id`)
) ENGINE=InnoDB DEFAULT CHARSET=latin1;

--
-- Dumping data for table `webservices`
--

INSERT INTO `webservices` (`id`, `name`) VALUES
(1, 'news_category.php'),
(2, 'union_representatives.php'),
(4, 'stay_connected.php'),
(5, 'view.php'),
(7, 'office_location.php');

-- --------------------------------------------------------

--
-- Table structure for table `webservice_category`
--

CREATE TABLE IF NOT EXISTS `webservice_category` (
  `id` int(2) NOT NULL AUTO_INCREMENT,
  `webservice` int(2) NOT NULL,
  `category` float NOT NULL,
  PRIMARY KEY (`id`)
) ENGINE=InnoDB  DEFAULT CHARSET=latin1 AUTO_INCREMENT=41 ;

--
-- Dumping data for table `webservice_category`
--

INSERT INTO `webservice_category` (`id`, `webservice`, `category`) VALUES
(1, 5, 1.1),
(2, 5, 1.2),
(3, 5, 1.3),
(4, 5, 1.4),
(5, 4, 5),
(6, 7, 4.3),
(7, 2, 4.2),
(8, 1, 8),
(9, 1, 6),
(10, 1, 7),
(11, 1, 9),
(12, 1, 16),
(13, 1, 15),
(14, 2, 14),
(15, 4, 21),
(16, 2, 20.2),
(17, 7, 20.3),
(18, 1, 34),
(19, 2, 37),
(20, 1, 23),
(21, 1, 24),
(22, 1, 25),
(23, 1, 26),
(24, 1, 22),
(25, 1, 38),
(26, 4, 44),
(27, 2, 43.2),
(28, 7, 43.3),
(29, 1, 49),
(30, 1, 46),
(31, 1, 47),
(32, 1, 48),
(33, 4, 54),
(34, 1, 55),
(35, 1, 56),
(36, 1, 57),
(37, 1, 58),
(38, 1, 59),
(39, 2, 53.2),
(40, 7, 53.3);

/*!40101 SET CHARACTER_SET_CLIENT=@OLD_CHARACTER_SET_CLIENT */;
/*!40101 SET CHARACTER_SET_RESULTS=@OLD_CHARACTER_SET_RESULTS */;
/*!40101 SET COLLATION_CONNECTION=@OLD_COLLATION_CONNECTION */;
